Banks,algorithm_family,dev_backend,frequency_component,operating_frequency_mhz,mflops_per_w,throughput,run_power_w,mflops_per_w_std,throughput_std,run_power_w_std
1,OLA,RPi_clfft,GPU,500.0,414.38901681194824,471132.10170532,3.78859649122807,1.5653121131791576,1017.86413304627,0.016107900254228622
1,OLA,RPi_clfft,GPU,550.0,447.9252374245505,509882.9505951425,3.7942105263157893,8.32975519869363,1207.1077945535417,0.06683588864584895
1,OLA,RPi_clfft,GPU,600.0,470.6080057093902,547438.9084208464,3.876315789473684,1.8052226327362986,1084.9911230099729,0.012784166106832875
1,OLA,RPi_clfft,GPU,650.0,498.2643537415058,582052.5418121376,3.8926638176638177,2.2539795229141073,783.1229345663036,0.013788040616479508
1,OLA,RPi_clfft,GPU,700.0,519.8719544799357,612837.5786350899,3.928205128205128,2.5088757149759466,1731.4758477154505,0.01731481334988105
1,OLA,RPi_clfft,GPU,750.0,541.1421369774812,646623.2173120655,3.9820512820512817,5.195578931452909,1697.90459751248,0.03323456768414298
1,OLA,RPi_clfft,GPU,800.0,558.9051310565012,676202.451290604,4.0316239316239315,2.1997959903261806,2507.331046163792,0.013971810321966911
1,OLA,RPi_clfft,GPU,850.0,580.2688056491623,705029.878093726,4.048931623931623,4.509214580399166,890.9213509250991,0.033814735482390265
1,OLA,RPi_clfft,GPU,900.0,598.6678358844841,732649.4276322993,4.078205128205128,4.866807450279372,1649.5681655164808,0.028541122275577917
1,OLA,RPi_clfft,GPU,960.0,618.1951985678926,765367.8798157815,4.125641025641025,4.083276529266697,3051.3973440414047,0.016617283842071725
1,OLA,RPi_fftw,CPU,1600.0,1238.2160895534564,1533064.5615317002,4.125828460038986,6.4215839345051045,2087.217795179487,0.018802480711213158
1,OLA,RPi_fftw,CPU,1700.0,1292.0703593664696,1628510.961449797,4.2,6.14039050906596,2280.373261608709,0.01450952500219997
1,OLA,RPi_fftw,CPU,1800.0,1339.550875763167,1720492.0434540412,4.28,9.338738656182372,4136.165066579107,0.02051956704170306
1,OLA,RPi_fftw,CPU,1900.0,1398.0548252120436,1817978.9735133848,4.333162393162394,5.831988568646981,6360.623648753131,0.007624343632268861
1,OLA,RPi_fftw,CPU,2000.0,1454.8222016501848,1917051.352102062,4.391025641025641,5.662049929972931,3712.1790692458085,0.01132277034144604
1,OLA,RPi_fftw,CPU,2100.0,1496.4126909602853,2005187.58192902,4.4653846153846155,13.364336321689617,9172.732985629826,0.025162195744301404
1,OLA,RPi_fftw,CPU,2200.0,1555.0612468588315,2101752.102566833,4.503846153846154,13.535552598565664,11651.814625311745,0.016676525683598977
1,OLA,RPi_fftw,CPU,2300.0,1615.802929553641,2197546.3206343385,4.532051282051282,6.4108868066687785,3263.354146357951,0.020878156908535554
1,OLA,RPi_fftw,CPU,2400.0,1662.464235647918,2291011.7656862154,4.592200854700854,10.218568869221535,7367.174497093814,0.015386841007106166
1,OLA,nano_clfft,GPU,306.0,709.8318658688783,1975790.8925532429,9.275213675213676,4.1827512718048885,12257.362337817502,0.010592774963985106
1,OLA,nano_clfft,GPU,408.0,761.4511713140723,2165259.918821996,9.475641025641025,2.149247910812641,4028.1268822812544,0.02143749227290092
1,OLA,nano_clfft,GPU,510.0,795.0500991559874,2306093.589630916,9.665384615384614,3.3496553598697005,17953.181274678565,0.05236045604272311
1,OLA,nano_clfft,GPU,612.0,820.6373143431612,2401430.554857589,9.751282051282052,5.140140291698343,11583.066826732525,0.025122971720852684
1,OLA,nano_clfft,GPU,714.0,826.6185946033257,2456176.6305944696,9.901282051282053,6.767235828092597,21829.454678790466,0.01232370752892121
1,OLA,nano_clfft,GPU,816.0,838.3205775991155,2516366.009139655,10.002380952380951,5.053140712164401,14612.580541283745,0.014045601146430935
1,OLA,nano_clfft,GPU,918.0,823.6219341681839,2573639.3214895544,10.412698412698413,4.549110694604491,8760.012696470227,0.02688122302224257
1,OLA,nano_clfft,GPU,1020.0,812.0659208009433,2631358.001356669,10.79761904761905,7.088526927681062,22624.576243292846,0.005832118435197921
1,OLA,nano_cufft,GPU,306.0,1810.2287573211688,5268119.430377715,9.69736842105263,18.397563450735436,63843.58005463231,0.020721073352663145
1,OLA,nano_cufft,GPU,408.0,2049.4511677567,6148706.759270396,9.997300944669366,16.556244493651565,54785.511274212135,0.011212942679760274
1,OLA,nano_cufft,GPU,510.0,2254.4625346456396,6946956.682126258,10.267948717948718,20.15187709495073,77950.26090008659,0.02895279433496488
1,OLA,nano_cufft,GPU,612.0,2367.984574018205,7465298.687471704,10.505128205128205,22.89244913723852,87524.38826816223,0.03597062136769296
1,OLA,nano_cufft,GPU,714.0,2445.700475397172,7831766.2898084065,10.670512820512819,40.77111189395392,144295.6609311496,0.02593422114562153
1,OLA,nano_cufft,GPU,816.0,2512.0426683539854,8172567.07412093,10.841025641025643,26.13504805629836,86461.32989608108,0.021019386186583423
1,OLA,nano_cufft,GPU,918.0,2471.9586127130424,8429123.018961502,11.362820512820512,29.144758178865832,88712.68387064882,0.025004930480277344
1,OLA,nano_cufft,GPU,1020.0,2426.323763523333,8594742.885777777,11.803846153846154,13.90582709379266,49361.594107654244,0.0204967886068836
1,UPF-OS,RPi_clfft,GPU,500.0,201.59780057410083,277284.0868916661,3.9627530364372467,1.8539718123669247,1468.5208699037285,0.03590068273445791
1,UPF-OS,RPi_clfft,GPU,550.0,214.15037021960498,294427.0519317262,3.9629531388152075,5.168519998537071,1812.3847789865683,0.10537372455749815
1,UPF-OS,RPi_clfft,GPU,600.0,225.09564157338343,307364.64202433464,3.9346153846153844,3.927352413017304,1934.6371999913765,0.054338409269074885
1,UPF-OS,RPi_clfft,GPU,650.0,230.40151383585916,320912.86310097825,4.012820512820513,1.963529740604615,2061.6074745998017,0.029054800972749463
1,UPF-OS,RPi_clfft,GPU,700.0,236.19815115283174,333459.1396898012,4.069017094017094,6.025431942927052,2276.3437486757903,0.0864160260824542
1,UPF-OS,RPi_clfft,GPU,750.0,239.34200749895794,345488.88014942396,4.158974358974359,3.210576077770289,2180.35657738234,0.03564010329003936
1,UPF-OS,RPi_clfft,GPU,800.0,253.32522550060358,356626.1548654048,4.056410256410256,3.854629107787058,1233.867724547321,0.056036054890862316
1,UPF-OS,RPi_clfft,GPU,850.0,249.5758248663285,364397.53862380114,4.2064102564102575,1.2418589010343348,1749.0760819820225,0.023542315756180952
1,UPF-OS,RPi_clfft,GPU,900.0,255.48359462835057,375998.2158203447,4.241025641025641,4.966488680349041,3886.8682773513647,0.08106782413790116
1,UPF-OS,RPi_clfft,GPU,960.0,266.5365002008727,387011.17142865976,4.183333333333334,2.0029078746105733,1601.2736066647356,0.0390468287105006
1,UPF-OS,RPi_fftw,CPU,1600.0,329.2619248907118,582782.3494555767,5.1,4.469539914229364,386.50612206549465,0.07071067811865488
1,UPF-OS,RPi_fftw,CPU,1700.0,345.4615226007611,619500.0397786002,5.166666666666667,3.33784399861706,184.60807662135164,0.050000000000000086
1,UPF-OS,RPi_fftw,CPU,1800.0,358.16436895361574,656105.0050642068,5.277777777777778,3.0469443959842937,200.50138090169196,0.04409585518440967
1,UPF-OS,RPi_fftw,CPU,1900.0,377.2941193734065,692621.0982071151,5.288888888888889,2.497418087353857,381.7858465226076,0.03333333333333315
1,UPF-OS,RPi_fftw,CPU,2100.0,403.8440508988797,764685.9866234154,5.455555555555556,3.9991123377526145,574.9837721898821,0.0527046276694727
1,UPF-OS,RPi_fftw,CPU,2200.0,420.52314312323,801174.2638612255,5.488888888888889,2.6348663812683664,395.3931603156511,0.033333333333333284
1,UPF-OS,RPi_fftw,CPU,2300.0,434.5121524188739,837841.7872307642,5.555555555555555,4.127087565387023,564.22562267447,0.05270462766947282
1,UPF-OS,RPi_fftw,CPU,2400.0,448.8023889158933,874095.2294257949,5.611111111111111,2.4838697463530925,741.2730593697764,0.033333333333333534
1,UPF-OS,nano_clfft,GPU,306.0,106.66845854675546,331190.95397174114,8.944771929824562,1.5817536502552108,5495.890317851693,0.04328262677148941
1,UPF-OS,nano_clfft,GPU,408.0,114.10318405613468,360382.7098516961,9.099122807017544,1.5732112459518452,4938.936125900055,0.011247242403385111
1,UPF-OS,nano_clfft,GPU,510.0,119.05924593010887,382957.97694441397,9.266666666666667,1.8738765211974762,5955.7698210626595,0.030081452981547494
1,UPF-OS,nano_clfft,GPU,612.0,122.68749035274426,400756.79531458864,9.410526315789474,2.116504453507936,7058.2025445311265,0.0386761538334193
1,UPF-OS,nano_clfft,GPU,714.0,123.54557406803373,407209.5741150835,9.49561403508772,1.8052170764459234,5987.254461640156,0.003961961330046617
1,UPF-OS,nano_clfft,GPU,816.0,123.46819712712012,412256.18644857564,9.619298245614035,1.0165212348093489,3660.9946370144185,0.0178223510164218
1,UPF-OS,nano_clfft,GPU,918.0,122.90195555121358,425856.40272467706,9.982553606237817,2.2171080598562543,7408.905115360578,0.014610133201211331
1,UPF-OS,nano_clfft,GPU,1020.0,119.82592660003321,431472.7535895368,10.373684210526315,1.6262290059476165,6067.120996560461,0.011040093138632997
1,UPF-OS,nano_cufft,GPU,306.0,298.1479419547897,957219.9770891541,9.249122807017544,5.166515322115395,18630.463494741147,0.03152041358803671
1,UPF-OS,nano_cufft,GPU,408.0,339.524567063053,1118179.6436522428,9.487719298245613,7.6011967897523,26890.749149285668,0.04026715573133535
1,UPF-OS,nano_cufft,GPU,510.0,363.8975792412659,1218898.3179106233,9.649999999999999,7.383759523071001,23843.989121051865,0.022689048005772882
1,UPF-OS,nano_cufft,GPU,612.0,432.1725498968576,1485705.6151850459,9.903846153846155,5.245575062027556,19650.57446923249,0.018684550463833053
1,UPF-OS,nano_cufft,GPU,714.0,433.9362910582137,1511056.8119698076,10.032051282051283,1.5209547499839544,7031.230841633497,0.046769399459885015
1,UPF-OS,nano_cufft,GPU,816.0,451.17219592090174,1598400.7308523264,10.206410256410257,3.4076125097275205,15370.309344572837,0.04469930215799985
1,UPF-OS,nano_cufft,GPU,918.0,452.2923041170832,1663345.9967979987,10.594871794871795,2.7551046430096258,10533.488349673205,0.009315847243376429
1,UPF-OS,nano_cufft,GPU,1020.0,438.77795397824116,1680424.9397648817,11.033516483516484,3.076405769275533,11140.796937244444,0.06361014426051746
2,UPF-OS,RPi_fftw,CPU,1600.0,267.3039944080418,316097.065158078,5.111111111111111,3.421279533346955,526.2981875991533,0.06009252125773331
2,UPF-OS,RPi_fftw,CPU,1700.0,281.8593839398454,335491.7742968097,5.144444444444444,3.4786727385375427,1349.2838004856699,0.05270462766947308
2,UPF-OS,RPi_fftw,CPU,1800.0,298.83582306121366,355702.4041314321,5.144444444444444,3.186930907833283,533.2429361413663,0.05270462766947341
2,UPF-OS,RPi_fftw,CPU,1900.0,306.3987967595165,374169.03683017916,5.277777777777778,2.98877942705391,1718.9877771488566,0.04409585518440967
2,UPF-OS,RPi_fftw,CPU,2100.0,338.56680599384634,415219.4502398164,5.3,0.8422556548052581,1032.9451197173123,0.0
2,UPF-OS,RPi_fftw,CPU,2200.0,347.1653026518897,434641.19616341987,5.411111111111111,4.151113896944253,1395.52434555594,0.060092521257733164
2,UPF-OS,RPi_fftw,CPU,2300.0,355.3255672863149,453943.66261164343,5.522222222222222,5.878172773815075,1100.1803598037905,0.08333333333333343
2,UPF-OS,RPi_fftw,CPU,2400.0,366.89990286934824,473479.7822631007,5.5777777777777775,5.253849118375264,1630.8750580191363,0.06666666666666658
4,OLA,RPi_clfft,GPU,500.0,394.4873717555474,179091.52042983985,3.78859649122807,2.092603189200165,412.1538157287104,0.018657628731432313
4,OLA,RPi_clfft,GPU,550.0,428.0891945212843,193627.5824661794,3.7754385964912274,7.753000155715889,385.27863703661654,0.06152869444473764
4,OLA,RPi_clfft,GPU,600.0,453.95503450693997,206955.81274992475,3.8045546558704455,2.5433360813968697,412.20942896020557,0.022244283379350766
4,OLA,RPi_clfft,GPU,650.0,474.29057543683075,219556.68993293316,3.864035087719298,8.168396051288166,574.2953447304834,0.06945906278887426
4,OLA,RPi_clfft,GPU,700.0,488.3472307164614,230466.52495667242,3.9384615384615382,4.118327294446544,919.4088147424052,0.028781979898261253
4,OLA,RPi_clfft,GPU,750.0,511.63042007961644,242559.64275685113,3.956410256410256,3.2117388195245544,492.2988775434449,0.02044861747423261
4,OLA,RPi_clfft,GPU,800.0,535.3207421593365,253025.58278045422,3.9448717948717946,6.9206399683025825,694.5974742992407,0.04702175416646542
4,OLA,RPi_clfft,GPU,850.0,548.9615242336786,263603.6416999579,4.007692307692308,7.117468609243912,567.4955142173662,0.04937478934117294
4,OLA,RPi_clfft,GPU,900.0,561.4493956154588,273739.66118124686,4.069230769230769,7.140889815809997,621.8257823873216,0.05148677086363516
4,OLA,RPi_clfft,GPU,960.0,590.4077304273036,284580.99199583,4.023076923076923,8.494087356594479,494.5504494662021,0.05958435917242186
4,OLA,RPi_fftw,CPU,1600.0,1052.7476320864419,541120.920102195,4.2894736842105265,4.426659662795106,1017.6637313541545,0.01883004612631382
4,OLA,RPi_fftw,CPU,1700.0,1116.1889328620418,574427.855257613,4.294736842105263,9.082925053805901,3077.1656811211787,0.020519567041702862
4,OLA,RPi_fftw,CPU,1800.0,1160.9816920319474,608086.3038705298,4.371052631578947,8.070023677728047,791.7263345024602,0.032230128194515616
4,OLA,RPi_fftw,CPU,1900.0,1187.778580652284,637866.4481249038,4.481578947368421,6.34131492802469,1681.0858757315555,0.023478640024416294
4,OLA,RPi_fftw,CPU,2000.0,1241.4323647837589,668125.5140598683,4.491363022941971,10.857519277246453,3446.471948107979,0.026212399411603724
4,OLA,RPi_fftw,CPU,2100.0,1281.3481471020239,699577.635356898,4.556410256410256,11.735925633639216,1558.0894250034703,0.036944438265287934
4,OLA,RPi_fftw,CPU,2200.0,1315.4017878065472,730729.1099621578,4.636004273504273,10.173051556220054,1660.2103002100391,0.03090891548279545
4,OLA,RPi_fftw,CPU,2300.0,1353.8855628945755,760423.8657188829,4.687179487179487,7.573436623830637,1349.6194442146762,0.02416250049105634
4,OLA,RPi_fftw,CPU,2400.0,1379.279563068201,789531.3928799188,4.776923076923077,6.70677162695769,2848.718700260694,0.012871692715908607
4,OLA,nano_clfft,GPU,306.0,695.8010008621699,806577.3865773085,9.673684210526316,3.857272503982222,3821.0262387304797,0.02804823704100007
4,OLA,nano_clfft,GPU,408.0,738.7619634659412,874526.388344055,9.878654970760236,2.5401895138009167,2460.0417953816414,0.020976959517874337
4,OLA,nano_clfft,GPU,510.0,767.5325096149764,922436.9088340519,10.029202279202279,3.24214684299226,5253.835216592059,0.026179065359962502
4,OLA,nano_clfft,GPU,612.0,780.4657269814825,951546.8796467013,10.174358974358974,4.630212581742063,4591.805956598776,0.01925639318514825
4,OLA,nano_clfft,GPU,714.0,790.5298028515117,976819.2688306425,10.311538461538463,2.916639687682203,4720.6368465101095,0.02826334318596011
4,OLA,nano_clfft,GPU,816.0,796.9694525554061,993836.2151971337,10.406410256410258,3.3969647975806847,4362.8378282214035,0.007563016001923364
4,OLA,nano_clfft,GPU,918.0,777.5761798200247,1006801.4616388105,10.805128205128206,2.666398841287023,2557.3526097731365,0.010509693093292595
4,OLA,nano_clfft,GPU,1020.0,755.0286270710577,1021802.3538059276,11.293589743589743,4.220305590561774,5541.920050629332,0.014114214302074915
4,OLA,nano_cufft,GPU,306.0,1549.8819084759582,1932985.6495387626,10.407894736842104,5.475703368901814,5845.577585133369,0.051217855266116344
4,OLA,nano_cufft,GPU,408.0,1745.4853227683827,2249837.729975969,10.756335282651072,4.216410448950009,4741.056686092115,0.02749077131813947
4,OLA,nano_cufft,GPU,510.0,1871.2569047991722,2496306.3006431386,11.132523616734142,3.756930291734039,4830.814184863161,0.02886121963746427
4,OLA,nano_cufft,GPU,612.0,1955.4663981913652,2669525.8119239905,11.392307692307691,6.495901101187097,10155.833559808629,0.02175713172881784
4,OLA,nano_cufft,GPU,714.0,2008.075807376323,2789786.362921749,11.59358974358974,12.287397470932051,18195.00985303243,0.008992655341922265
4,OLA,nano_cufft,GPU,816.0,2035.769506660731,2868107.145495717,11.756944444444445,3.937665941236962,6728.749524344951,0.009442172059069345
4,OLA,nano_cufft,GPU,918.0,2006.5935960110176,2936590.85997469,12.212820512820512,8.036623528237719,4663.936912711931,0.036298129988075446
4,OLA,nano_cufft,GPU,1020.0,1959.5344549533927,2976736.2727435064,12.676923076923076,6.852507034998715,14100.487040774737,0.017541160386140044
4,UPF-OS,RPi_clfft,GPU,500.0,207.97190455199726,106900.70164897064,3.7028070175438597,2.7259082448241987,329.54774524414364,0.03851346732354322
4,UPF-OS,RPi_clfft,GPU,550.0,219.60124355716866,114560.57617805502,3.7576923076923077,1.550172385880998,270.1524347322395,0.022689048005773184
4,UPF-OS,RPi_clfft,GPU,600.0,230.65438590222337,121359.19647033146,3.791025641025641,4.536090898671304,354.45825040069974,0.07511989102503697
4,UPF-OS,RPi_clfft,GPU,650.0,235.69910376303588,128404.43224823738,3.924358974358974,2.505201432566701,185.16604318198387,0.041685400127939726
4,UPF-OS,RPi_clfft,GPU,700.0,246.24552201941006,134846.8928469308,3.94508547008547,3.469905833613077,380.9735315639144,0.060917900295194095
4,UPF-OS,RPi_clfft,GPU,750.0,261.25681302392496,143855.58466258092,3.9679487179487176,6.129948409115937,158.5530251478509,0.09388607809866946
4,UPF-OS,RPi_clfft,GPU,800.0,264.695341069898,150094.04693344675,4.085897435897436,5.627495349294908,154.3972626066762,0.0872209554466903
4,UPF-OS,RPi_clfft,GPU,850.0,271.7134183961368,156482.4192784079,4.148717948717949,3.384787806651886,294.47917346935174,0.04953432057863933
4,UPF-OS,RPi_clfft,GPU,900.0,276.02165647263087,161713.24377886145,4.220512820512821,3.804191585128153,597.4319112469725,0.04929483011568313
4,UPF-OS,RPi_clfft,GPU,960.0,294.8940762258206,167859.3078214193,4.100828157349897,4.5290515194411345,573.6560609387506,0.06493896992325471
4,UPF-OS,RPi_fftw,CPU,1600.0,192.47110850454425,143614.63953390453,5.374603174603175,2.6718402233729712,1868.7227999995641,0.01992047682223968
4,UPF-OS,RPi_fftw,CPU,1700.0,198.82685169139606,149191.02195781458,5.404761904761905,2.859504054760177,2088.018300014128,0.010101525445522203
4,UPF-OS,RPi_fftw,CPU,1800.0,207.23780375094174,155000.5405607378,5.387301587301588,2.9331724706167264,2256.6422412801253,0.021951296326887942
4,UPF-OS,RPi_fftw,CPU,1900.0,212.84561619968022,160699.28607036642,5.438095238095238,3.098515417555696,2727.171734229644,0.03113499245386122
4,UPF-OS,RPi_fftw,CPU,2100.0,222.14369100586146,169625.24719726527,5.5,5.826718474418319,4449.185826961009,0.0
4,UPF-OS,RPi_fftw,CPU,2200.0,220.09707140594114,171456.65158726086,5.611111111111111,2.3610096172345663,2001.0828935895893,0.03333333333333366
4,UPF-OS,RPi_fftw,CPU,2300.0,221.71982343767067,175461.13602139792,5.699999999999999,4.878913111937066,4294.310071560973,0.04999999999999988
4,UPF-OS,RPi_fftw,CPU,2400.0,223.8487072517559,177486.52851175243,5.711111111111111,3.5173331730738995,2867.656699562058,0.033333333333333284
4,UPF-OS,nano_clfft,GPU,306.0,214.49569454681784,270624.22692492977,9.087719298245615,1.1830147798580506,1482.899941358191,0.0161936572059148
4,UPF-OS,nano_clfft,GPU,408.0,227.65639814476228,292239.36544262455,9.246153846153845,2.0480406606583816,3134.8939883128787,0.032996323983888035
4,UPF-OS,nano_clfft,GPU,510.0,239.4100867505489,312650.81814140204,9.406410256410256,2.5131555890739095,3278.8959167260596,0.01714309194917751
4,UPF-OS,nano_clfft,GPU,612.0,244.3121921347223,322749.08637310466,9.515384615384615,2.0872931093219265,2851.102014911007,0.024325212770525337
4,UPF-OS,nano_clfft,GPU,714.0,245.77496973930877,330194.53413239436,9.676923076923076,2.726130626481586,3808.4332014823685,0.018842228790641027
4,UPF-OS,nano_clfft,GPU,816.0,246.06736744802086,334403.94143064163,9.788675213675214,1.2254934013891887,1739.0251383215045,0.020261548628820465
4,UPF-OS,nano_clfft,GPU,918.0,246.9724701718316,348333.810734112,10.158760683760683,2.7896408834234943,5023.065661769899,0.03444322493652471
4,UPF-OS,nano_clfft,GPU,1020.0,240.38198800762564,352466.3057806678,10.561538461538463,3.685268789824324,5139.320255054842,0.027520836646151643
4,UPF-OS,nano_cufft,GPU,306.0,535.0823042113494,705600.2520129085,9.498245614035087,2.869446393593317,4144.551119101962,0.007923922660095685
4,UPF-OS,nano_cufft,GPU,408.0,607.5890399353106,827920.5523640973,9.814912280701755,3.6220971520883487,4366.784684704697,0.0077471586546743855
4,UPF-OS,nano_cufft,GPU,510.0,640.4374751232139,890053.2966805097,10.01025641025641,2.6147168268851635,3824.250568339398,0.006280742930213157
4,UPF-OS,nano_cufft,GPU,612.0,701.0075241917733,1003179.4744351743,10.307692307692308,4.387126447282756,6793.532580909244,0.01754116038614202
4,UPF-OS,nano_cufft,GPU,714.0,724.7007671358093,1060557.9105663688,10.54102564102564,5.325227577913801,11464.962620669156,0.08766081305781223
4,UPF-OS,nano_cufft,GPU,816.0,756.8955840187209,1122788.3180142308,10.684615384615384,8.638215114234482,15341.910845773207,0.026199055947579333
4,UPF-OS,nano_cufft,GPU,918.0,742.456448294405,1155421.4282029392,11.20897435897436,8.27519396703541,16114.285333336897,0.04335532744826126
4,UPF-OS,nano_cufft,GPU,1020.0,763.691995158954,1251956.160057515,11.80787545787546,6.255031621384253,13120.332505474264,0.044455495815020424
8,OLA,RPi_clfft,GPU,500.0,387.1005059710967,97537.57355661807,3.786842105263158,2.300557009066689,321.61602698601604,0.015876950662103453
8,OLA,RPi_clfft,GPU,550.0,416.5235415772882,105395.73775963335,3.8030701754385965,3.4381440235044547,232.14492861975924,0.03789534599900248
8,OLA,RPi_clfft,GPU,600.0,445.42784502274526,112694.82992628065,3.804604010025063,12.427977016102737,372.8448135784578,0.09921741170700189
8,OLA,RPi_clfft,GPU,650.0,457.45492069746325,119410.17382048086,3.923076923076923,3.1108204106671904,280.1751085081523,0.02064062748461337
8,OLA,RPi_clfft,GPU,700.0,475.1334387472284,125282.49939138744,3.9628205128205125,2.890443883719649,461.05446696427174,0.01847221913264396
8,OLA,RPi_clfft,GPU,750.0,493.84302189713435,131731.54069027447,4.008974358974359,3.7161726893444524,470.5775706550208,0.016438277358794426
8,OLA,RPi_clfft,GPU,800.0,509.39191456942285,137661.19744470328,4.061538461538461,2.5342702742385055,287.3847023197847,0.02333192444323546
8,OLA,RPi_clfft,GPU,850.0,523.7432945948407,142391.62649227676,4.085897435897436,0.6958515903831785,428.66606196216145,0.011322770341445928
8,OLA,RPi_clfft,GPU,900.0,536.9489077973848,147813.35121336055,4.137179487179487,1.875817237956248,468.3443340053371,0.013249241725912029
8,OLA,RPi_clfft,GPU,960.0,551.3419758721454,153369.13622662658,4.180769230769231,5.005749459748949,579.1978130858679,0.02320477404461317
8,OLA,RPi_fftw,CPU,1600.0,1015.9078679271315,286247.3450687821,4.234615384615385,5.357444260120378,994.8639683255997,0.015951108733328726
8,OLA,RPi_fftw,CPU,1700.0,1049.7498898099348,302497.0312084066,4.3307692307692305,5.9948872885034366,1086.2191761302709,0.022294425763368333
8,OLA,RPi_fftw,CPU,1800.0,1089.2504618302148,319092.122873629,4.403098290598291,12.487601526311792,811.6300909879121,0.05277695594363423
8,OLA,RPi_fftw,CPU,1900.0,1136.9358032661166,334552.177452429,4.423076923076923,19.725019358214496,2754.412089774721,0.062255438677841134
8,OLA,RPi_fftw,CPU,2000.0,1175.664095120084,349433.84582006215,4.46741452991453,17.1191879579677,1897.7886954863943,0.046875442871748066
8,OLA,RPi_fftw,CPU,2100.0,1207.0361416588282,365007.4204832709,4.544871794871795,9.232388961555307,1908.4086910658627,0.038742563070786565
8,OLA,RPi_fftw,CPU,2200.0,1274.3119956653377,381102.9787021519,4.494871794871795,14.368400302724792,1667.6097419646965,0.032876554717588824
8,OLA,RPi_fftw,CPU,2300.0,1300.4765797601756,395484.5942022763,4.57051282051282,12.264995882064246,2183.55674813385,0.025934221145621036
8,OLA,RPi_fftw,CPU,2400.0,1316.0782135947363,408044.88003836054,4.6596153846153845,4.505072196939567,2149.7563227997002,0.02525022701872295
8,OLA,nano_clfft,GPU,306.0,666.0288134684404,431078.15468939877,9.72719298245614,3.3003911652671367,1687.6889304109256,0.027533241891374554
8,OLA,nano_clfft,GPU,408.0,718.2721214768873,469922.98455896205,9.832456140350878,3.4052484331136808,1581.735807129827,0.021933333052677754
8,OLA,nano_clfft,GPU,510.0,766.2507144618445,516717.70242257277,10.134615384615385,3.2243917503394655,1132.9364559534674,0.02468739467058617
8,OLA,nano_clfft,GPU,612.0,782.6851969151654,535950.243798103,10.29102564102564,1.6209321046226102,1394.475632264082,0.014114214302074555
8,OLA,nano_clfft,GPU,714.0,791.9507687759051,548780.9226386417,10.414102564102564,4.7553554732018855,3460.546759803192,0.013249241725909649
8,OLA,nano_clfft,GPU,816.0,792.9012062379903,557006.5987899258,10.557692307692308,5.941731965471761,3026.2979655041336,0.02989132188880907
8,OLA,nano_clfft,GPU,918.0,779.6798904280308,568274.2070911764,10.953846153846152,3.3823805834091956,1392.4006170118557,0.02919025532463083
8,OLA,nano_clfft,GPU,1020.0,759.4842779766817,578630.4508078714,11.450000000000001,2.130241698986256,1281.9500629638262,0.027413122586469493
8,OLA,nano_cufft,GPU,306.0,1454.3243546347578,1037980.2117907684,10.726315789473682,5.886828300972395,3642.427886834448,0.01997227995895848
8,OLA,nano_cufft,GPU,408.0,1612.1500790769999,1204043.252968791,11.224358974358973,5.19492221430292,2107.5515819122747,0.03904682871050103
8,OLA,nano_cufft,GPU,510.0,1722.164416261948,1326311.987843141,11.574358974358974,8.544404776299027,4234.67369591324,0.036944438265287885
8,OLA,nano_cufft,GPU,612.0,1806.1686522023335,1419517.335454545,11.811538461538461,10.820063163606477,7020.217550445076,0.021066252211736466
8,OLA,nano_cufft,GPU,714.0,1850.342203833872,1482809.9193912793,12.043589743589743,7.751504044236873,6790.771766744479,0.03726338897350662
8,OLA,nano_cufft,GPU,816.0,1871.2778992437752,1519067.7378092639,12.200000000000001,6.914458273942329,6238.015184587294,0.010878565864409578
8,OLA,nano_cufft,GPU,918.0,1830.7913944148752,1544912.1807237137,12.682051282051281,13.382522291019294,9589.783326102312,0.019861453057475387
8,OLA,nano_cufft,GPU,1020.0,1789.1029067658508,1563303.1837194369,13.13205128205128,9.093736046617698,6294.956217490785,0.038126748027958034
8,UPF-OS,RPi_clfft,GPU,500.0,199.33417831295296,58438.422509496035,3.801612903225807,2.66623064556148,41.405549386943655,0.051319731880953984
8,UPF-OS,RPi_clfft,GPU,550.0,209.3249804247182,62740.20359995195,3.886559139784946,2.574257652666596,96.42867662457427,0.047951443818443525
8,UPF-OS,RPi_clfft,GPU,600.0,222.96990450464935,67248.75954674956,3.9106666666666663,2.018427232759807,74.7066247760477,0.032166234884839495
8,UPF-OS,RPi_clfft,GPU,650.0,231.91752744367272,70478.71873002849,3.9406666666666665,2.944388952326173,43.87522584296906,0.0509378706530482
8,UPF-OS,RPi_clfft,GPU,700.0,244.09978382698878,74581.94343810812,3.9636135084427764,6.26786886591991,74.83787649912433,0.10202592562736897
8,UPF-OS,RPi_clfft,GPU,750.0,259.2081533725436,79142.20713372322,3.9599999999999995,5.2341157876067905,82.85397004476913,0.0812305361302016
8,UPF-OS,RPi_clfft,GPU,800.0,264.46760761736306,82492.90595635738,4.045999999999999,6.19791277266096,112.31353989898146,0.09356067549991297
8,UPF-OS,RPi_clfft,GPU,850.0,267.46557807428144,85851.72052622846,4.162280701754386,3.516564663383516,61.602844456291365,0.05633464186824051
8,UPF-OS,RPi_clfft,GPU,900.0,277.9003198184562,88863.4419046897,4.147368421052632,5.947937155404211,203.61423778681134,0.08201074181382104
8,UPF-OS,RPi_clfft,GPU,960.0,284.43684171478,92339.19057888235,4.209649122807018,3.6726642115230703,166.07487908931125,0.05433217487109659
8,UPF-OS,RPi_fftw,CPU,1600.0,151.28132587892108,62190.58744996422,5.32991452991453,1.9915575747547383,1023.5541940923471,0.04392779922823538
8,UPF-OS,RPi_fftw,CPU,1700.0,153.13602218344852,62860.450408726465,5.322222222222222,1.5203881151663348,610.3217216626612,0.02990231740946368
8,UPF-OS,RPi_fftw,CPU,1800.0,152.25619515858963,63528.513919799174,5.410256410256411,3.774926926433875,1418.0171004856945,0.04834540419221764
8,UPF-OS,RPi_fftw,CPU,1900.0,153.1017166804389,64602.83693276178,5.470940170940171,1.887813741991865,878.9014541479826,0.041025641025640915
8,UPF-OS,RPi_fftw,CPU,2100.0,153.7012477530898,65350.44033274797,5.512820512820514,2.7505056681189446,1258.1421594562908,0.0645879062451791
8,UPF-OS,RPi_fftw,CPU,2200.0,155.56340019550737,66206.98737299767,5.517948717948718,1.163530421882812,667.8374873272169,0.025800784355766937
8,UPF-OS,RPi_fftw,CPU,2300.0,155.10487722839562,66600.36880944425,5.567521367521367,2.870791139622767,1063.1726535365176,0.03582868874995401
8,UPF-OS,RPi_fftw,CPU,2400.0,154.4360403140223,66906.32086021495,5.6179487179487175,3.201339404689555,1105.0562480864648,0.08338262841799549
8,UPF-OS,nano_clfft,GPU,306.0,289.2267350003611,207105.71346721938,9.284035087719298,2.8834556676959555,2248.4618368151164,0.016198993391204015
8,UPF-OS,nano_clfft,GPU,408.0,307.86977729175294,224979.0909050569,9.474512670565302,3.2716096415831424,2652.525885122886,0.016711662526455968
8,UPF-OS,nano_clfft,GPU,510.0,328.4024790884675,244517.3669196917,9.653508771929824,2.353166306583791,2140.2237125633173,0.016781689885709643
8,UPF-OS,nano_clfft,GPU,612.0,332.2653654968647,250833.9506686964,9.787719298245614,4.692161549813568,3827.0026299603655,0.015132532387963702
8,UPF-OS,nano_clfft,GPU,714.0,335.4814133998284,256800.1003439664,9.924561403508774,3.387675156067418,2690.252468248755,0.007190842642779208
8,UPF-OS,nano_clfft,GPU,816.0,335.7442276734263,260772.29327077267,10.070175438596491,2.9204822703919664,2427.9099637303407,0.010349390318423747
8,UPF-OS,nano_clfft,GPU,918.0,334.27651087204293,270079.2285657893,10.475438596491228,4.455702430110533,3566.373821769069,0.013991159324475927
8,UPF-OS,nano_clfft,GPU,1020.0,327.133805736649,276213.56406297046,10.9472334682861,4.146995597027425,3767.7798072469463,0.04862458858372577
8,UPF-OS,nano_cufft,GPU,306.0,616.5325557287845,463480.16540103947,9.746666666666668,5.663955309982849,5196.80064313307,0.0359258495608195
8,UPF-OS,nano_cufft,GPU,408.0,710.0521954332661,553202.8361699581,10.100877192982455,13.14859305754127,12021.48121461115,0.036375491226339755
8,UPF-OS,nano_cufft,GPU,510.0,759.9707199013343,611978.859004272,10.440350877192982,12.642041505398558,12580.609791536714,0.10000923318408217
8,UPF-OS,nano_cufft,GPU,612.0,824.2780956722903,679039.0922615491,10.680161943319838,17.390689947713582,17229.49527551429,0.07284344817781958
8,UPF-OS,nano_cufft,GPU,714.0,875.2395304225706,743670.4907557643,11.016666666666666,13.14363763203381,12790.802827490692,0.12624918223806098
8,UPF-OS,nano_cufft,GPU,816.0,894.5575286587045,771195.5867804548,11.176923076923076,16.66934963909467,16707.603499862154,0.03922322702763711
8,UPF-OS,nano_cufft,GPU,918.0,898.3342846554075,816285.3811463838,11.780555555555557,13.968353984950614,16493.06153679065,0.07030700343163718
8,UPF-OS,nano_cufft,GPU,1020.0,878.7883946789461,835760.3751675974,12.32948717948718,19.714786613369068,22821.800295597077,0.06294858739346068
16,OLA,RPi_clfft,GPU,500.0,390.05098732152675,51231.63808633457,3.7300858998533415,4.208359203063142,43.64987862441088,0.04142566255629952
16,OLA,RPi_clfft,GPU,550.0,424.5517860320352,55362.35166837113,3.7037697581302234,7.004523467612653,50.93210298249054,0.06297549253970694
16,OLA,RPi_clfft,GPU,600.0,449.9226132729311,59113.53930379462,3.7311290322580644,4.309609034148467,20.469459512963237,0.03491255614364002
16,OLA,RPi_clfft,GPU,650.0,474.8816461361093,62624.5229609856,3.745017921146953,4.611888835151413,51.159231434330465,0.03858202768208117
16,OLA,RPi_clfft,GPU,700.0,485.2623102679386,65769.47774412583,3.8494982078853046,8.218509674769315,126.88712179272457,0.061553694332720954
16,OLA,RPi_clfft,GPU,750.0,507.864497978266,69054.6801030518,3.862388888888889,10.472874988215917,113.547720744469,0.07896733970915278
16,OLA,RPi_clfft,GPU,800.0,516.5712871033949,71975.67170844416,3.9579999999999997,11.029835053117505,42.97431787177827,0.08278164047661782
16,OLA,RPi_clfft,GPU,850.0,538.7853544598175,74781.29207509385,3.9416944444444444,6.436679158633035,179.3161387329061,0.04376178148245927
16,OLA,RPi_clfft,GPU,900.0,563.407956928329,77531.65900105321,3.908,5.940769847567253,119.65282086288812,0.04118252056394801
16,OLA,RPi_clfft,GPU,960.0,569.4272676593581,80631.47545221224,4.021583333333333,7.575773050719369,136.66893248024363,0.06016327321916946
16,OLA,RPi_fftw,CPU,1600.0,999.9973002515003,148806.3340922852,4.226,11.772355552702924,313.8157966058033,0.0485798312059646
16,OLA,RPi_fftw,CPU,1700.0,1029.9682042089696,157384.72499721602,4.339333333333333,8.877619869740425,552.1667343527641,0.03865057136274526
16,OLA,RPi_fftw,CPU,1800.0,1061.375086359279,165437.22182354025,4.4264,10.80828967155016,458.0182606366446,0.03516816742453346
16,OLA,RPi_fftw,CPU,1900.0,1121.3463568174313,173781.2495208641,4.400877192982457,7.724311533575581,502.99677493117173,0.03318990379254068
16,OLA,RPi_fftw,CPU,2000.0,1142.2642352506844,181520.14660066276,4.512820512820513,11.3863332130417,401.38246866677275,0.039722906114948144
16,OLA,RPi_fftw,CPU,2100.0,1182.2240476290633,189206.08141161516,4.544736842105263,7.598770284276639,414.77801106534133,0.030462728691552653
16,OLA,RPi_fftw,CPU,2200.0,1207.777068426992,196763.32308932918,4.626315789473684,8.851197044894233,598.0329963190842,0.03631197539086388
16,OLA,RPi_fftw,CPU,2300.0,1246.726772946086,204756.59116648324,4.664035087719299,12.573478570276496,257.8704645858245,0.04700641397464108
16,OLA,RPi_fftw,CPU,2400.0,1281.815704152043,211787.25143751595,4.692105263157894,11.799242768420765,832.8835106220837,0.05207601518300636
16,OLA,nano_clfft,GPU,306.0,454.4449874255069,149677.41064189168,9.352631578947369,0.4562485086827314,167.10993743804656,0.01052631578947331
16,OLA,nano_clfft,GPU,408.0,470.65091872330163,157484.82100297013,9.501656920077972,0.9050019924269952,201.81839031799265,0.015588570981664386
16,OLA,nano_clfft,GPU,510.0,478.8205913553752,162379.92106914,9.629824561403508,0.5970710929462146,255.7174150787205,0.013175426916153957
16,OLA,nano_clfft,GPU,612.0,484.3748678901631,165580.30319278163,9.70701754385965,0.7715917053001415,266.88584329971974,0.005435766099941931
16,OLA,nano_clfft,GPU,714.0,484.7708784884655,168081.52449421483,9.84561403508772,0.8299226334747292,123.13266668615998,0.010871532199879998
16,OLA,nano_clfft,GPU,816.0,484.76375483245147,169382.12078382148,9.921929824561403,0.5000715969187837,313.5266990090954,0.015760206794018954
16,OLA,nano_clfft,GPU,918.0,474.71423223326127,171140.71951527262,10.237179487179487,1.1261152819171591,420.1846815675546,0.018472219132644487
16,OLA,nano_clfft,GPU,1020.0,461.86764743232794,172535.3687287311,10.607692307692306,1.4791991570256002,317.96066546439295,0.015384615384616674
16,OLA,nano_cufft,GPU,306.0,1432.0324430091598,546640.8475981123,10.839473684210526,2.11050290381793,664.9688069908551,0.00984646680729948
16,OLA,nano_cufft,GPU,408.0,1570.8837100838734,630012.323087114,11.38846153846154,4.738645814566391,1277.8330789074087,0.018040060614705474
16,OLA,nano_cufft,GPU,510.0,1686.2338151617726,695152.7380608724,11.706410256410257,10.32421826089011,3542.9469699683245,0.01971192932695612
16,OLA,nano_cufft,GPU,612.0,1767.1887859884444,744966.0571274142,11.970512820512822,3.4073594329862247,1728.4555305861068,0.025473813757989443
16,OLA,nano_cufft,GPU,714.0,1802.3950336607234,773316.0235254677,12.183333333333332,3.482033432240384,1377.2714965907342,0.015701857325533388
16,OLA,nano_cufft,GPU,816.0,1814.419114819422,789854.9204129974,12.361538461538464,8.165924852166839,1989.2275202435305,0.03673026580403999
16,OLA,nano_cufft,GPU,918.0,1780.0066685626737,803644.1659909668,12.820512820512823,6.924615008459968,909.3938872558997,0.042874984545801784
16,OLA,nano_cufft,GPU,1020.0,1735.8096534672475,813711.3739446377,13.311538461538461,5.440980324289433,2467.026430586416,0.03361811289755712
16,UPF-OS,RPi_clfft,GPU,500.0,199.0522601786895,30755.373597495724,3.784467627090578,2.33452317658748,23.738992756803356,0.04438835635665034
16,UPF-OS,RPi_clfft,GPU,550.0,214.3822781966795,33087.259635255425,3.7799526955387,1.3994011143527918,32.27098657635241,0.021227417678442103
16,UPF-OS,RPi_clfft,GPU,600.0,227.28838202612943,35643.00093370997,3.8412121212121213,3.1798367723493306,40.532380848531304,0.053327823406841716
16,UPF-OS,RPi_clfft,GPU,650.0,233.93212247983695,37408.01926078941,3.9174792013185464,4.525123844090205,27.723929356604003,0.07311892718902298
16,UPF-OS,RPi_clfft,GPU,700.0,241.38921062056056,39590.45339787656,4.0173469387755105,3.3486412462653554,46.94011910042628,0.05255250641845822
16,UPF-OS,RPi_clfft,GPU,750.0,249.3255500709207,41833.96623909539,4.10968992248062,3.0069334426274055,67.59813701016893,0.043018017699146115
16,UPF-OS,RPi_clfft,GPU,800.0,268.1026665423611,43792.07449221553,4.001857155586105,5.62510109107201,77.23899598488742,0.08767643617597469
16,UPF-OS,RPi_clfft,GPU,850.0,271.06168145172893,45551.99747931792,4.115891472868217,2.263261494989053,46.27045089608805,0.03206998386579501
16,UPF-OS,RPi_clfft,GPU,900.0,273.18898210911544,47216.98227757268,4.233204134366925,2.6151281756240294,28.542562907699995,0.04035601635948311
16,UPF-OS,RPi_clfft,GPU,960.0,283.8638897976053,49087.89060048299,4.235447947947947,2.756629762949087,68.28474238215088,0.041337741186280745
16,UPF-OS,RPi_fftw,CPU,1600.0,130.16504746223532,28072.72167982533,5.281739804320449,5.303306945994438,1178.8260658807183,0.03173559281800821
16,UPF-OS,RPi_fftw,CPU,1700.0,132.92593212613343,28988.397833633746,5.340821466627919,4.65102511857742,1031.5886042792854,0.010841946348977873
16,UPF-OS,RPi_fftw,CPU,1800.0,132.19440248203432,28898.3923428186,5.3528819141722375,5.611149045835569,1355.040979182934,0.027808304104761327
16,UPF-OS,RPi_fftw,CPU,1900.0,134.18357581950053,29626.293491754466,5.406364428945074,6.979395899963818,1648.06871126576,0.02449213705361102
16,UPF-OS,RPi_fftw,CPU,2100.0,135.70111878690057,30322.915731870162,5.472401433691756,1.9620262258892855,506.7005245790668,0.01982697732751152
16,UPF-OS,RPi_fftw,CPU,2200.0,133.61692815798335,29896.06578542199,5.478853046594982,7.703366516286942,1805.4272828984494,0.020934233217396445
16,UPF-OS,RPi_fftw,CPU,2300.0,133.82228742567952,30270.582118676535,5.5397849462365585,3.503061783005186,815.6319765772355,0.029740465991267423
16,UPF-OS,RPi_fftw,CPU,2400.0,135.34399071221367,30820.166246543846,5.576702508960573,1.9892768805232381,560.9678607854573,0.021077737402056717
16,UPF-OS,nano_clfft,GPU,306.0,375.2310533947985,141621.37905217698,9.24519056261343,5.700256784650655,623.707678833948,0.14763585114842462
16,UPF-OS,nano_clfft,GPU,408.0,398.6190732253173,154695.75738066484,9.50438596491228,2.878994601391867,983.4674392074354,0.014285054726892064
16,UPF-OS,nano_clfft,GPU,510.0,413.4142635245193,163312.37610111656,9.67456140350877,3.7902943914210434,1688.097748134642,0.017429451518624513
16,UPF-OS,nano_clfft,GPU,612.0,424.80652808506403,170497.1950676912,9.829487179487181,1.8214369192500235,478.41614469569936,0.030154107795829926
16,UPF-OS,nano_clfft,GPU,714.0,429.2820625648123,174249.86599188554,9.941025641025641,1.9605749386488032,809.7797695095817,0.015126032003848426
16,UPF-OS,nano_clfft,GPU,816.0,433.406763120488,178609.76099601106,10.09284188034188,4.088714946897835,1612.9717354973216,0.02860559715287262
16,UPF-OS,nano_clfft,GPU,918.0,424.169649129617,181567.92109941508,10.483333333333333,3.4332887669303944,1566.987300988859,0.013249241725911852
16,UPF-OS,nano_clfft,GPU,1020.0,415.41025729288384,185385.85694696466,10.92948717948718,1.3043846500207836,813.8168117882101,0.024527085217575434
16,UPF-OS,nano_cufft,GPU,306.0,703.0010145161755,289616.79416958656,10.089473684210526,2.499207946669198,1218.3815537443706,0.015613049446517918
16,UPF-OS,nano_cufft,GPU,408.0,819.1623229108818,351592.0873821289,10.511538461538462,9.395617986720252,4449.710015699147,0.026085884550481612
16,UPF-OS,nano_cufft,GPU,510.0,892.6267715405107,397798.9369054269,10.914102564102564,8.777425313650255,4865.402906900418,0.040533912068950836
16,UPF-OS,nano_cufft,GPU,612.0,953.7481035444507,439318.822545642,11.28076923076923,15.16595810070324,7663.450588032276,0.021620722034701677
16,UPF-OS,nano_cufft,GPU,714.0,998.6664864425871,471102.989556063,11.552564102564103,15.813317978323857,9032.01039078825,0.045486630239796155
16,UPF-OS,nano_cufft,GPU,816.0,1043.1192407915976,503482.81445694226,11.82051282051282,12.956468958406063,8143.459964521111,0.05488641559542999
16,UPF-OS,nano_cufft,GPU,918.0,1058.1138957903477,539366.1330503445,12.48392857142857,13.928713813457634,7961.768738307256,0.07797664485509151
16,UPF-OS,nano_cufft,GPU,1020.0,1041.232756568441,555139.3162827377,13.057142857142857,14.60555555000862,9061.664794415057,0.07228063223241862
