Device,algorithm_family,dev_backend,gpu_freq_mhz,mflops_per_w,throughput,run_power_w,conv_avg_ms,mflops_per_w_std,throughput_std,run_power_w_std,conv_avg_ms_std
JetsonOrinNanoSuper,OLA,nano-clfft,306.0,6048.884734804383,1975790.8925532429,9.275213675213676,2.5920141666666665,35.64362426380232,12257.362337817502,0.010592774963985106,0.01699992404002637
JetsonOrinNanoSuper,OLA,nano-clfft,408.0,6488.762463238621,2165259.918821996,9.475641025641025,2.3696143333333333,18.314975002018052,4028.1268822812544,0.02143749227290092,0.006333492548875929
JetsonOrinNanoSuper,OLA,nano-clfft,510.0,6775.078211377063,2306093.589630916,9.665384615384614,2.221169,28.54433584546166,17953.181274678565,0.05236045604272311,0.017244913124358312
JetsonOrinNanoSuper,OLA,nano-clfft,612.0,6993.121557687527,2401430.554857589,9.751282051282052,2.1312603333333335,43.80208559268914,11583.066826732525,0.025122971720852684,0.01071962541634112
JetsonOrinNanoSuper,OLA,nano-clfft,714.0,7044.09147972112,2456176.6305944696,9.901282051282053,2.0896011666666667,57.66750052459885,21829.454678790466,0.01232370752892121,0.016343368042317997
JetsonOrinNanoSuper,OLA,nano-clfft,816.0,7143.810793144065,2516366.009139655,10.002380952380951,2.0381585,43.06071224234991,14612.580541283745,0.014045601146430935,0.012150304650501466
JetsonOrinNanoSuper,OLA,nano-clfft,918.0,7018.555216229575,2573639.3214895544,10.412698412698413,1.993153333333333,38.76558317629995,8760.012696470227,0.02688122302224257,0.006108910726689883
JetsonOrinNanoSuper,OLA,nano-clfft,1020.0,6920.079793790301,2631358.001356669,10.79761904761905,1.9477171666666668,60.40540638819402,22624.576243292846,0.005832118435197921,0.015543939570349148
JetsonOrinNanoSuper,OLA,nano-cufft,306.0,15425.998216155895,5268119.430377715,9.69736842105263,0.9768616666666666,156.7761973865855,63843.58005463231,0.020721073352663145,0.012133218743048643
JetsonOrinNanoSuper,OLA,nano-cufft,408.0,17464.549676416616,6148706.759270396,9.997300944669366,0.8382964999999999,141.085261734131,54785.511274212135,0.011212942679760274,0.007488376613125161
JetsonOrinNanoSuper,OLA,nano-cufft,510.0,19211.56919929749,6946956.682126258,10.267948717948718,0.7396604999999999,171.72571083166605,77950.26090008659,0.02895279433496488,0.010612905855608059
JetsonOrinNanoSuper,OLA,nano-cufft,612.0,20178.95565240358,7465298.687471704,10.505128205128205,0.6879841666666667,195.07969814658395,87524.38826816223,0.03597062136769296,0.007813023906700035
JetsonOrinNanoSuper,OLA,nano-cufft,714.0,20841.217452847504,7831766.2898084065,10.670512820512819,0.6567593333333334,347.43404489802765,144295.6609311496,0.02593422114562153,0.014531012981436185
JetsonOrinNanoSuper,OLA,nano-cufft,816.0,21406.55735592259,8172567.07412093,10.841025641025643,0.6306206666666666,222.7117446152027,86461.32989608108,0.021019386186583423,0.00635985322681793
JetsonOrinNanoSuper,OLA,nano-cufft,918.0,21064.978111690212,8429123.018961502,11.362820512820512,0.610383,248.3592119831268,88712.68387064882,0.025004930480277344,0.00774726263915201
JetsonOrinNanoSuper,OLA,nano-cufft,1020.0,20676.097369768544,8594742.885777777,11.803846153846154,0.5969183333333333,118.49953387131943,49361.594107654244,0.0204967886068836,0.005685044262507303
JetsonOrinNanoSuper,UPF-OS,nano-clfft,306.0,906.7853844873092,331190.95397174114,8.944771929824562,0.7776633333333334,13.446440601578471,5495.890317851693,0.04328262677148941,0.015234081562951678
JetsonOrinNanoSuper,UPF-OS,nano-clfft,408.0,969.9877642856915,360382.7098516961,9.099122807017544,0.7128106666666666,13.373821877391208,4938.936125900055,0.011247242403385111,0.009285948065042517
JetsonOrinNanoSuper,UPF-OS,nano-clfft,510.0,1012.1190984510271,382957.97694441397,9.266666666666667,0.6743969999999999,15.929768414258948,5955.7698210626595,0.030081452981547494,0.012072460743361305
JetsonOrinNanoSuper,UPF-OS,nano-clfft,612.0,1042.9626960675732,400756.79531458864,9.410526315789474,0.6449103333333334,17.992341229924605,7058.2025445311265,0.0386761538334193,0.01222956217804493
JetsonOrinNanoSuper,UPF-OS,nano-clfft,714.0,1050.257240137037,407209.5741150835,9.49561403508772,0.6326833333333334,15.346096522343204,5987.254461640156,0.003961961330046617,0.012534714590554764
JetsonOrinNanoSuper,UPF-OS,nano-clfft,816.0,1049.5994610702658,412256.18644857564,9.619298245614035,0.626086,8.641416697158675,3660.9946370144185,0.0178223510164218,0.009599012199179647
JetsonOrinNanoSuper,UPF-OS,nano-clfft,918.0,1044.7858583228701,425856.40272467706,9.982553606237817,0.6070693333333333,18.847569486770425,7408.905115360578,0.014610133201211331,0.00889025989871309
JetsonOrinNanoSuper,UPF-OS,nano-clfft,1020.0,1018.6366279581362,431472.7535895368,10.373684210526315,0.5978136666666667,13.824524273745377,6067.120996560461,0.011040093138632997,0.00922542134900443
JetsonOrinNanoSuper,UPF-OS,nano-cufft,306.0,2534.5467616471656,957219.9770891541,9.249122807017544,0.2675728333333333,43.92039265075228,18630.463494741147,0.03152041358803671,0.009121334078229248
JetsonOrinNanoSuper,UPF-OS,nano-cufft,408.0,2886.2882175447207,1118179.6436522428,9.487719298245613,0.22830783333333335,64.61754718746599,26890.749149285668,0.04026715573133535,0.004410442354987386
JetsonOrinNanoSuper,UPF-OS,nano-cufft,510.0,3093.4824670936364,1218898.3179106233,9.649999999999999,0.21362783333333332,62.7691194689476,23843.989121051865,0.022689048005772882,0.011337522064660632
JetsonOrinNanoSuper,UPF-OS,nano-cufft,612.0,3673.8859561874015,1485705.6151850459,9.903846153846155,0.1743405,44.592477141616754,19650.57446923249,0.018684550463833053,0.0022388703178165543
JetsonOrinNanoSuper,UPF-OS,nano-cufft,714.0,3688.8794671926767,1511056.8119698076,10.032051282051283,0.171408,12.92959096383181,7031.230841633497,0.046769399459885015,0.0016462143238351427
JetsonOrinNanoSuper,UPF-OS,nano-cufft,816.0,3835.4013803320554,1598400.7308523264,10.206410256410257,0.162126,28.968012305743287,15370.309344572837,0.04469930215799985,0.0016026409454397597
JetsonOrinNanoSuper,UPF-OS,nano-cufft,918.0,3844.923386698132,1663345.9967979987,10.594871794871795,0.15640683333333333,23.421062393239765,10533.488349673205,0.009315847243376429,0.0013189135554184928
JetsonOrinNanoSuper,UPF-OS,nano-cufft,1020.0,3730.038299262707,1680424.9397648817,11.033516483516484,0.15452849999999999,26.152433684121103,11140.796937244444,0.06361014426051746,0.0008663098175595129
RaspberryPiComputeModule5,OLA,RPi-clfft,500.0,3531.246649509271,471132.10170532,3.78859649122807,10.8843185,13.338922922294852,1017.86413304627,0.016107900254228622,0.023521434001777856
RaspberryPiComputeModule5,OLA,RPi-clfft,550.0,3817.0280333561245,509882.9505951425,3.7942105263157893,10.057050666666667,70.98262488449993,1207.1077945535417,0.06683588864584895,0.023824504357208454
RaspberryPiComputeModule5,OLA,RPi-clfft,600.0,4010.320920613762,547438.9084208464,3.876315789473684,9.367070666666667,15.383338155318995,1084.9911230099729,0.012784166106832875,0.018541659652432967
RaspberryPiComputeModule5,OLA,RPi-clfft,650.0,4245.996535468172,582052.5418121376,3.8926638176638177,8.809966333333334,19.207453179110193,783.1229345663036,0.013788040616479508,0.011850775209524371
RaspberryPiComputeModule5,OLA,RPi-clfft,700.0,4430.127302973868,612837.5786350899,3.928205128205128,8.367448666666666,21.3795699285255,1731.4758477154505,0.01731481334988105,0.02363603527385002
RaspberryPiComputeModule5,OLA,RPi-clfft,750.0,4611.382735988865,646623.2173120655,3.9820512820512817,7.9302288333333335,44.274510060867954,1697.90459751248,0.03323456768414298,0.020863527030841267
RaspberryPiComputeModule5,OLA,RPi-clfft,800.0,4762.751403549998,676202.451290604,4.0316239316239315,7.583343666666667,18.74572419946293,2507.331046163792,0.013971810321966911,0.02814208122130739
RaspberryPiComputeModule5,OLA,RPi-clfft,850.0,4944.803536366963,705029.878093726,4.048931623931623,7.273165666666666,38.42560548890974,890.9213509250991,0.033814735482390265,0.009159900909216704
RaspberryPiComputeModule5,OLA,RPi-clfft,900.0,5101.592233066866,732649.4276322993,4.078205128205128,6.998973833333333,41.47285957244531,1649.5681655164808,0.028541122275577917,0.01579297795118663
RaspberryPiComputeModule5,OLA,RPi-clfft,960.0,5267.996098159728,765367.8798157815,4.125641025641025,6.699798666666666,34.795942889423635,3051.3973440414047,0.016617283842071725,0.026855512705339785
RaspberryPiComputeModule5,UPF-OS,RPi-clfft,500.0,1713.7768895877828,277284.0868916661,3.9627530364372467,0.9228723333333333,15.760559078191704,1468.5208699037285,0.03590068273445791,0.0048539639333916255
RaspberryPiComputeModule5,UPF-OS,RPi-clfft,550.0,1820.4859097365363,294427.0519317262,3.9629531388152075,0.8691291666666667,43.93743434521902,1812.3847789865683,0.10537372455749815,0.005326645226281427
RaspberryPiComputeModule5,UPF-OS,RPi-clfft,600.0,1913.531335048495,307364.64202433464,3.9346153846153844,0.8325278333333334,33.38630572123669,1934.6371999913765,0.054338409269074885,0.005226046284397705
RaspberryPiComputeModule5,UPF-OS,RPi-clfft,650.0,1958.6363968926269,320912.86310097825,4.012820512820513,0.7973686666666667,16.691907758336953,2061.6074745998017,0.029054800972749463,0.005067277362318632
RaspberryPiComputeModule5,UPF-OS,RPi-clfft,700.0,2007.9134378269018,333459.1396898012,4.069017094017094,0.7673693333333333,51.22201722521672,2276.3437486757903,0.0864160260824542,0.005188810062689383
RaspberryPiComputeModule5,UPF-OS,RPi-clfft,750.0,2034.6392668529706,345488.88014942396,4.158974358974359,0.7406271666666666,27.293011474714465,2180.35657738234,0.03564010329003936,0.004653979906130535
RaspberryPiComputeModule5,UPF-OS,RPi-clfft,800.0,2153.5101860050863,356626.1548654048,4.056410256410256,0.7174956666666666,32.76808707260527,1233.867724547321,0.056036054890862316,0.002479058020028293
RaspberryPiComputeModule5,UPF-OS,RPi-clfft,850.0,2121.636643047138,364397.53862380114,4.2064102564102575,0.7021873333333333,10.557005476551394,1749.0760819820225,0.023542315756180952,0.0033575222213213505
RaspberryPiComputeModule5,UPF-OS,RPi-clfft,900.0,2171.858417582012,375998.2158203447,4.241025641025641,0.6805715,42.21997213532563,3886.8682773513647,0.08106782413790116,0.006926030399875542
RaspberryPiComputeModule5,UPF-OS,RPi-clfft,960.0,2265.8188381770865,387011.17142865976,4.183333333333334,0.6611315,17.026660100983282,1601.2736066647356,0.0390468287105006,0.0027389759947834603
