lane_id,lane_label,name,start_ns,end_ns,duration_ns,parent
2,CPU thread0,Overlap Add,178701800319,178709349060,7548741,65535
2,CPU thread0,Overlap Add,178728142949,178732915263,4772314,65535
2,CPU thread0,Overlap Add,178754449300,178759220763,4771463,65535
2,CPU thread0,Overlap Add,178780750967,178785550060,4799093,65535
2,CPU thread0,Overlap Add,178807056745,178811843023,4786278,65535
2,CPU thread0,Overlap Add,178833348504,178838127060,4778556,65535
2,CPU thread0,Overlap Add,178859691652,178864530893,4839241,65535
2,CPU thread0,Overlap Add,178886030541,178890870282,4839741,65535
2,CPU thread0,Overlap Add,178912377800,178917226689,4848889,65535
2,CPU thread0,Overlap Add,178938687319,178943588911,4901592,65535
2,CPU thread0,Overlap Add,178965096282,178969922652,4826370,65535
2,CPU thread0,Overlap Add,178991386245,178995988411,4602166,65535
2,CPU thread0,Overlap Add,179017628634,179022232208,4603574,65535
2,CPU thread0,Overlap Add,179043878652,179048492800,4614148,65535
2,CPU thread0,Overlap Add,179070119893,179074749430,4629537,65535
2,CPU thread0,Overlap Add,179096372411,179100941245,4568834,65535
2,CPU thread0,Overlap Add,179122594559,179127151504,4556945,65535
2,CPU thread0,Overlap Add,179148821189,179153386078,4564889,65535
2,CPU thread0,Overlap Add,179175049467,179179603726,4554259,65535
2,CPU thread0,Overlap Add,179201295115,179205846115,4551000,65535
2,CPU thread0,Overlap Add,179227512856,179232083874,4571018,65535
2,CPU thread0,Overlap Add,179253702652,179258252263,4549611,65535
2,CPU thread0,Overlap Add,179279922448,179284489837,4567389,65535
2,CPU thread0,Overlap Add,179306173856,179310835874,4662018,65535
2,CPU thread0,Overlap Add,179332440041,179336996374,4556333,65535
2,CPU thread0,Overlap Add,179358696837,179363279244,4582407,65535
2,CPU thread0,Overlap Add,179384943541,179389525337,4581796,65535
2,CPU thread0,Overlap Add,179411154281,179415723281,4569000,65535
2,CPU thread0,Overlap Add,179437365744,179441927930,4562186,65535
2,CPU thread0,Overlap Add,179463589967,179468143911,4553944,65535
2,CPU thread0,Overlap Add,179489835596,179494400281,4564685,65535
2,CPU thread0,Overlap Add,179516083596,179520646078,4562482,65535
2,CPU thread0,Overlap Add,179542339448,179546896596,4557148,65535
2,CPU thread0,Overlap Add,179568540078,179573101170,4561092,65535
2,CPU thread0,Overlap Add,179594776763,179599369892,4593129,65535
2,CPU thread0,Overlap Add,179621031726,179625669022,4637296,65535
2,CPU thread0,Overlap Add,179647252467,179651858411,4605944,65535
2,CPU thread0,Overlap Add,179673484726,179678096818,4612092,65535
2,CPU thread0,Overlap Add,179699770763,179704404763,4634000,65535
2,CPU thread0,Overlap Add,179726051448,179730694170,4642722,65535
2,CPU thread0,Overlap Add,179752283837,179756877096,4593259,65535
2,CPU thread0,Overlap Add,179778569837,179783152985,4583148,65535
2,CPU thread0,Overlap Add,179804798929,179809391466,4592537,65535
2,CPU thread0,Overlap Add,179831085152,179835666633,4581481,65535
2,CPU thread0,Overlap Add,179857333392,179861916781,4583389,65535
2,CPU thread0,Overlap Add,179883565559,179888159855,4594296,65535
2,CPU thread0,Overlap Add,179909746763,179914393781,4647018,65535
2,CPU thread0,Overlap Add,179935933670,179940563059,4629389,65535
2,CPU thread0,Overlap Add,179962109874,179966729244,4619370,65535
2,CPU thread0,Overlap Add,179988192411,179992823855,4631444,65535
2,CPU thread0,Overlap Add,180014307096,180014696855,389759,65535
2,CPU thread0,Overlap Add,180045296855,180052688763,7391908,65535
2,CPU thread0,Overlap Add,180071583985,180076371411,4787426,65535
2,CPU thread0,Overlap Add,180097882485,180102690670,4808185,65535
2,CPU thread0,Overlap Add,180124209781,180129021485,4811704,65535
2,CPU thread0,Overlap Add,180150496077,180155274874,4778797,65535
2,CPU thread0,Overlap Add,180176808114,180181615429,4807315,65535
2,CPU thread0,Overlap Add,180203099762,180207892892,4793130,65535
2,CPU thread0,Overlap Add,180229422170,180234199466,4777296,65535
2,CPU thread0,Overlap Add,180255732022,180260552299,4820277,65535
2,CPU thread0,Overlap Add,180282030040,180286849892,4819852,65535
2,CPU thread0,Overlap Add,180308331225,180313135892,4804667,65535
2,CPU thread0,Overlap Add,180334635040,180339230485,4595445,65535
2,CPU thread0,Overlap Add,180360858559,180365436225,4577666,65535
2,CPU thread0,Overlap Add,180387078170,180391658003,4579833,65535
2,CPU thread0,Overlap Add,180413350911,180417919022,4568111,65535
2,CPU thread0,Overlap Add,180439589114,180444157429,4568315,65535
2,CPU thread0,Overlap Add,180465886096,180470501688,4615592,65535
2,CPU thread0,Overlap Add,180492152207,180496723281,4571074,65535
2,CPU thread0,Overlap Add,180518416355,180522976114,4559759,65535
2,CPU thread0,Overlap Add,180544643781,180549196910,4553129,65535
2,CPU thread0,Overlap Add,180570882725,180575437540,4554815,65535
2,CPU thread0,Overlap Add,180597105133,180601677262,4572129,65535
2,CPU thread0,Overlap Add,180623350503,180627942151,4591648,65535
2,CPU thread0,Overlap Add,180649568225,180654228596,4660371,65535
2,CPU thread0,Overlap Add,180675808151,180680380892,4572741,65535
2,CPU thread0,Overlap Add,180702027577,180706660114,4632537,65535
2,CPU thread0,Overlap Add,180728279281,180732984392,4705111,65535
2,CPU thread0,Overlap Add,180754502447,180759145318,4642871,65535
2,CPU thread0,Overlap Add,180780707058,180785272577,4565519,65535
2,CPU thread0,Overlap Add,180806951132,180811510781,4559649,65535
2,CPU thread0,Overlap Add,180833168651,180837727244,4558593,65535
2,CPU thread0,Overlap Add,180859387336,180863951540,4564204,65535
2,CPU thread0,Overlap Add,180885609392,180890150873,4541481,65535
2,CPU thread0,Overlap Add,180911809725,180916375355,4565630,65535
2,CPU thread0,Overlap Add,180938075466,180942672966,4597500,65535
2,CPU thread0,Overlap Add,180964306781,180968934799,4628018,65535
2,CPU thread0,Overlap Add,180990547058,180995114706,4567648,65535
2,CPU thread0,Overlap Add,181016781373,181021338447,4557074,65535
2,CPU thread0,Overlap Add,181043054447,181047618762,4564315,65535
2,CPU thread0,Overlap Add,181069302132,181073885466,4583334,65535
2,CPU thread0,Overlap Add,181095560206,181100173521,4613315,65535
2,CPU thread0,Overlap Add,181121802855,181126384299,4581444,65535
2,CPU thread0,Overlap Add,181148059577,181152630669,4571092,65535
2,CPU thread0,Overlap Add,181174276003,181178829817,4553814,65535
2,CPU thread0,Overlap Add,181200536151,181205090188,4554037,65535
2,CPU thread0,Overlap Add,181226785410,181231357317,4571907,65535
2,CPU thread0,Overlap Add,181252987947,181257552558,4564611,65535
2,CPU thread0,Overlap Add,181279144336,181283708762,4564426,65535
2,CPU thread0,Overlap Add,181305312058,181309884447,4572389,65535
2,CPU thread0,Overlap Add,181331388003,181335974336,4586333,65535
2,CPU thread0,Overlap Add,181357455262,181357846428,391166,65535
2,CPU thread0,Overlap Add,181388453984,181395849188,7395204,65535
2,CPU thread0,Overlap Add,181414755336,181419539614,4784278,65535
2,CPU thread0,Overlap Add,181441106373,181445893558,4787185,65535
2,CPU thread0,Overlap Add,181467426151,181472213354,4787203,65535
2,CPU thread0,Overlap Add,181493760725,181498567151,4806426,65535
2,CPU thread0,Overlap Add,181520085725,181524880502,4794777,65535
2,CPU thread0,Overlap Add,181546418169,181551200317,4782148,65535
2,CPU thread0,Overlap Add,181572739206,181577529243,4790037,65535
2,CPU thread0,Overlap Add,181599047891,181603866169,4818278,65535
2,CPU thread0,Overlap Add,181625345762,181630156428,4810666,65535
2,CPU thread0,Overlap Add,181651683743,181656486280,4802537,65535
2,CPU thread0,Overlap Add,181677947169,181682543502,4596333,65535
2,CPU thread0,Overlap Add,181704187132,181708753336,4566204,65535
2,CPU thread0,Overlap Add,181730454299,181735020206,4565907,65535
2,CPU thread0,Overlap Add,181756707225,181761271817,4564592,65535
2,CPU thread0,Overlap Add,181782940521,181787510113,4569592,65535
2,CPU thread0,Overlap Add,181809171317,181813728928,4557611,65535
2,CPU thread0,Overlap Add,181835429262,181839988410,4559148,65535
2,CPU thread0,Overlap Add,181861644613,181866194984,4550371,65535
2,CPU thread0,Overlap Add,181887868502,181892427280,4558778,65535
2,CPU thread0,Overlap Add,181914103095,181918670373,4567278,65535
2,CPU thread0,Overlap Add,181940336854,181944885632,4548778,65535
2,CPU thread0,Overlap Add,181966581447,181971129336,4547889,65535
2,CPU thread0,Overlap Add,181992801947,181997490613,4688666,65535
2,CPU thread0,Overlap Add,182019129280,182023689317,4560037,65535
2,CPU thread0,Overlap Add,182045383039,182049936391,4553352,65535
2,CPU thread0,Overlap Add,182071605206,182076157391,4552185,65535
2,CPU thread0,Overlap Add,182097829835,182102391706,4561871,65535
2,CPU thread0,Overlap Add,182124060076,182128632206,4572130,65535
2,CPU thread0,Overlap Add,182150289965,182154835724,4545759,65535
2,CPU thread0,Overlap Add,182176517317,182181067595,4550278,65535
2,CPU thread0,Overlap Add,182202734446,182207294687,4560241,65535
2,CPU thread0,Overlap Add,182228972002,182233542835,4570833,65535
2,CPU thread0,Overlap Add,182255199335,182259757724,4558389,65535
2,CPU thread0,Overlap Add,182281455409,182285993965,4538556,65535
2,CPU thread0,Overlap Add,182307681391,182312259558,4578167,65535
2,CPU thread0,Overlap Add,182333918724,182338493558,4574834,65535
2,CPU thread0,Overlap Add,182360152261,182364720817,4568556,65535
2,CPU thread0,Overlap Add,182386397335,182390963465,4566130,65535
2,CPU thread0,Overlap Add,182412628817,182417177020,4548203,65535
2,CPU thread0,Overlap Add,182438863317,182443424187,4560870,65535
2,CPU thread0,Overlap Add,182465095557,182469664150,4568593,65535
2,CPU thread0,Overlap Add,182491334317,182495933372,4599055,65535
2,CPU thread0,Overlap Add,182517596502,182522148150,4551648,65535
2,CPU thread0,Overlap Add,182543848002,182548404409,4556407,65535
2,CPU thread0,Overlap Add,182570075817,182574638280,4562463,65535
2,CPU thread0,Overlap Add,182596278817,182600827002,4548185,65535
2,CPU thread0,Overlap Add,182622443150,182627020002,4576852,65535
2,CPU thread0,Overlap Add,182648582520,182653157650,4575130,65535
2,CPU thread0,Overlap Add,182674635909,182679204668,4568759,65535
2,CPU thread0,Overlap Add,182700695020,182701085705,390685,65535
3,GPU queue 0,Memory Unmap,178675258115,178675300226,42111,65535
3,GPU queue 0,Forward Signal FFT,178675432152,178686856441,11424289,65535
3,GPU queue 0,Memory Map,178686904423,178686905200,777,65535
3,GPU queue 0,Multiply Kernel,178686912386,178690203045,3290659,65535
3,GPU queue 0,Memory Unmap,178690299693,178690301378,1685,65535
3,GPU queue 0,Memory Map,178701739020,178701740205,1185,65535
3,GPU queue 0,Inverse Signal FFT,178690302526,178701707112,11404586,65535
3,GPU queue 0,Memory Unmap,178701750427,178701751594,1167,65535
3,GPU queue 0,Forward Signal FFT,178701752612,178713252976,11500364,65535
3,GPU queue 0,Memory Map,178713275253,178713275865,612,65535
3,GPU queue 0,Multiply Kernel,178713287550,178716628116,3340566,65535
3,GPU queue 0,Memory Unmap,178716648265,178716649839,1574,65535
3,GPU queue 0,Memory Map,178728081850,178728082850,1000,65535
3,GPU queue 0,Inverse Signal FFT,178716650765,178728057406,11406641,65535
3,GPU queue 0,Memory Unmap,178728093091,178728094387,1296,65535
3,GPU queue 0,Forward Signal FFT,178728095258,178739570214,11474956,65535
3,GPU queue 0,Memory Map,178739598418,178739599547,1129,65535
3,GPU queue 0,Multiply Kernel,178739608307,178742937540,3329233,65535
3,GPU queue 0,Memory Unmap,178742959669,178742961003,1334,65535
3,GPU queue 0,Memory Map,178754388478,178754389459,981,65535
3,GPU queue 0,Inverse Signal FFT,178742961836,178754364441,11402605,65535
3,GPU queue 0,Memory Unmap,178754399885,178754401163,1278,65535
3,GPU queue 0,Forward Signal FFT,178754402126,178765899397,11497271,65535
3,GPU queue 0,Memory Map,178765932193,178765933137,944,65535
3,GPU queue 0,Multiply Kernel,178765941063,178769255575,3314512,65535
3,GPU queue 0,Memory Unmap,178769279574,178769280834,1260,65535
3,GPU queue 0,Memory Map,178780691846,178780692642,796,65535
3,GPU queue 0,Inverse Signal FFT,178769282204,178780673086,11390882,65535
3,GPU queue 0,Memory Unmap,178780702660,178780703586,926,65535
3,GPU queue 0,Forward Signal FFT,178780704475,178792179098,11474623,65535
3,GPU queue 0,Memory Map,178792207061,178792208024,963,65535
3,GPU queue 0,Multiply Kernel,178792227191,178795554405,3327214,65535
3,GPU queue 0,Memory Unmap,178795585702,178795587072,1370,65535
3,GPU queue 0,Memory Map,178806996084,178806996954,870,65535
3,GPU queue 0,Inverse Signal FFT,178795587979,178806973325,11385346,65535
3,GPU queue 0,Memory Unmap,178807007028,178807008158,1130,65535
3,GPU queue 0,Forward Signal FFT,178807009047,178818466114,11457067,65535
3,GPU queue 0,Memory Map,178818494577,178818495688,1111,65535
3,GPU queue 0,Multiply Kernel,178818504355,178821832607,3328252,65535
3,GPU queue 0,Memory Unmap,178821852310,178821853551,1241,65535
3,GPU queue 0,Memory Map,178833286156,178833287248,1092,65535
3,GPU queue 0,Inverse Signal FFT,178821854885,178833253674,11398789,65535
3,GPU queue 0,Memory Unmap,178833297785,178833299119,1334,65535
3,GPU queue 0,Forward Signal FFT,178833300007,178844793482,11493475,65535
3,GPU queue 0,Memory Map,178844829186,178844830426,1240,65535
3,GPU queue 0,Multiply Kernel,178844838852,178848180326,3341474,65535
3,GPU queue 0,Memory Unmap,178848210289,178848211382,1093,65535
3,GPU queue 0,Memory Map,178859631709,178859632616,907,65535
3,GPU queue 0,Inverse Signal FFT,178848212419,178859609135,11396716,65535
3,GPU queue 0,Memory Unmap,178859642172,178859643209,1037,65535
3,GPU queue 0,Forward Signal FFT,178859644153,178871124683,11480530,65535
3,GPU queue 0,Memory Map,178871156924,178871158202,1278,65535
3,GPU queue 0,Multiply Kernel,178871165980,178874525268,3359288,65535
3,GPU queue 0,Memory Unmap,178874554028,178874555157,1129,65535
3,GPU queue 0,Memory Map,178885970484,178885971428,944,65535
3,GPU queue 0,Inverse Signal FFT,178874556009,178885948114,11392105,65535
3,GPU queue 0,Memory Unmap,178885982021,178885983095,1074,65535
3,GPU queue 0,Forward Signal FFT,178885983965,178897485459,11501494,65535
3,GPU queue 0,Memory Map,178897517903,178897519421,1518,65535
3,GPU queue 0,Multiply Kernel,178897527496,178900867359,3339863,65535
3,GPU queue 0,Memory Unmap,178900896581,178900897858,1277,65535
3,GPU queue 0,Memory Map,178912317037,178912318074,1037,65535
3,GPU queue 0,Inverse Signal FFT,178900898803,178912294315,11395512,65535
3,GPU queue 0,Memory Unmap,178912328370,178912329370,1000,65535
3,GPU queue 0,Forward Signal FFT,178912330241,178923803623,11473382,65535
3,GPU queue 0,Memory Map,178923836104,178923837289,1185,65535
3,GPU queue 0,Multiply Kernel,178923845623,178927194486,3348863,65535
3,GPU queue 0,Memory Unmap,178927223912,178927225282,1370,65535
3,GPU queue 0,Memory Map,178938625090,178938625905,815,65535
3,GPU queue 0,Inverse Signal FFT,178927226726,178938605979,11379253,65535
3,GPU queue 0,Memory Unmap,178938635423,178938636312,889,65535
3,GPU queue 0,Forward Signal FFT,178938637257,178950144805,11507548,65535
3,GPU queue 0,Memory Map,178950174787,178950175898,1111,65535
3,GPU queue 0,Multiply Kernel,178950184065,178953571520,3387455,65535
3,GPU queue 0,Memory Unmap,178953594502,178953596335,1833,65535
3,GPU queue 0,Memory Map,178965035180,178965036106,926,65535
3,GPU queue 0,Inverse Signal FFT,178953597483,178965010273,11412790,65535
3,GPU queue 0,Memory Unmap,178965046291,178965047569,1278,65535
3,GPU queue 0,Forward Signal FFT,178965048513,178976519266,11470753,65535
3,GPU queue 0,Memory Map,178976543951,178976544747,796,65535
3,GPU queue 0,Multiply Kernel,178976552747,178979880314,3327567,65535
3,GPU queue 0,Memory Unmap,178979899573,178979900518,945,65535
3,GPU queue 0,Memory Map,178991325678,178991326678,1000,65535
3,GPU queue 0,Inverse Signal FFT,178979901573,178991301752,11400179,65535
3,GPU queue 0,Memory Unmap,178991336659,178991337863,1204,65535
3,GPU queue 0,Forward Signal FFT,178991338752,179002757967,11419215,65535
3,GPU queue 0,Memory Map,179002785838,179002787134,1296,65535
3,GPU queue 0,Multiply Kernel,179002795189,179006099886,3304697,65535
3,GPU queue 0,Memory Unmap,179006132682,179006133886,1204,65535
3,GPU queue 0,Memory Map,179017565009,179017566231,1222,65535
3,GPU queue 0,Inverse Signal FFT,179006134812,179017533842,11399030,65535
3,GPU queue 0,Memory Unmap,179017576324,179017577527,1203,65535
3,GPU queue 0,Forward Signal FFT,179017578342,179029004854,11426512,65535
3,GPU queue 0,Memory Map,179029042039,179029043298,1259,65535
3,GPU queue 0,Multiply Kernel,179029052224,179032364902,3312678,65535
3,GPU queue 0,Memory Unmap,179032389902,179032391032,1130,65535
3,GPU queue 0,Memory Map,179043817895,179043818729,834,65535
3,GPU queue 0,Inverse Signal FFT,179032392124,179043794155,11402031,65535
3,GPU queue 0,Memory Unmap,179043829229,179043830229,1000,65535
3,GPU queue 0,Forward Signal FFT,179043830988,179055258722,11427734,65535
3,GPU queue 0,Memory Map,179055286685,179055287463,778,65535
3,GPU queue 0,Multiply Kernel,179055295314,179058603585,3308271,65535
3,GPU queue 0,Memory Unmap,179058629066,179058630215,1149,65535
3,GPU queue 0,Memory Map,179070059356,179070060300,944,65535
3,GPU queue 0,Inverse Signal FFT,179058631048,179070031060,11400012,65535
3,GPU queue 0,Memory Unmap,179070071541,179070072652,1111,65535
3,GPU queue 0,Forward Signal FFT,179070073560,179081521238,11447678,65535
3,GPU queue 0,Memory Map,179081555183,179081556275,1092,65535
3,GPU queue 0,Multiply Kernel,179081565479,179084864768,3299289,65535
3,GPU queue 0,Memory Unmap,179084887323,179084888472,1149,65535
3,GPU queue 0,Memory Map,179096306502,179096307335,833,65535
3,GPU queue 0,Inverse Signal FFT,179084889768,179096281835,11392067,65535
3,GPU queue 0,Memory Unmap,179096318557,179096319650,1093,65535
3,GPU queue 0,Forward Signal FFT,179096320520,179107727717,11407197,65535
3,GPU queue 0,Memory Map,179107757384,179107758440,1056,65535
3,GPU queue 0,Multiply Kernel,179107768051,179111082043,3313992,65535
3,GPU queue 0,Memory Unmap,179111110451,179111111673,1222,65535
3,GPU queue 0,Memory Map,179122531907,179122532981,1074,65535
3,GPU queue 0,Inverse Signal FFT,179111112469,179122508240,11395771,65535
3,GPU queue 0,Memory Unmap,179122543463,179122544722,1259,65535
3,GPU queue 0,Forward Signal FFT,179122545629,179133967252,11421623,65535
3,GPU queue 0,Memory Map,179133993919,179133995123,1204,65535
3,GPU queue 0,Multiply Kernel,179134003271,179137307967,3304696,65535
3,GPU queue 0,Memory Unmap,179137332726,179137333874,1148,65535
3,GPU queue 0,Memory Map,179148760609,179148761349,740,65535
3,GPU queue 0,Inverse Signal FFT,179137334726,179148741423,11406697,65535
3,GPU queue 0,Memory Unmap,179148770738,179148771812,1074,65535
3,GPU queue 0,Forward Signal FFT,179148772720,179160205417,11432697,65535
3,GPU queue 0,Memory Map,179160241231,179160242083,852,65535
3,GPU queue 0,Multiply Kernel,179160249917,179163554613,3304696,65535
3,GPU queue 0,Memory Unmap,179163584576,179163585705,1129,65535
3,GPU queue 0,Memory Map,179174989495,179174990403,908,65535
3,GPU queue 0,Inverse Signal FFT,179163586594,179174966310,11379716,65535
3,GPU queue 0,Memory Unmap,179175001291,179175002458,1167,65535
3,GPU queue 0,Forward Signal FFT,179175003273,179186440674,11437401,65535
3,GPU queue 0,Memory Map,179186466914,179186467748,834,65535
3,GPU queue 0,Multiply Kernel,179186476248,179189785666,3309418,65535
3,GPU queue 0,Memory Unmap,179189805870,179189806981,1111,65535
3,GPU queue 0,Memory Map,179201235641,179201236678,1037,65535
3,GPU queue 0,Inverse Signal FFT,179189807888,179201200011,11392123,65535
3,GPU queue 0,Memory Unmap,179201246122,179201247234,1112,65535
3,GPU queue 0,Forward Signal FFT,179201248048,179212679653,11431605,65535
3,GPU queue 0,Memory Map,179212705431,179212706616,1185,65535
3,GPU queue 0,Multiply Kernel,179212714264,179216025423,3311159,65535
3,GPU queue 0,Memory Unmap,179216050719,179216051868,1149,65535
3,GPU queue 0,Memory Map,179227451472,179227452583,1111,65535
3,GPU queue 0,Inverse Signal FFT,179216052960,179227425213,11372253,65535
3,GPU queue 0,Memory Unmap,179227461842,179227463065,1223,65535
3,GPU queue 0,Forward Signal FFT,179227463935,179238880836,11416901,65535
3,GPU queue 0,Memory Map,179238905039,179238906021,982,65535
3,GPU queue 0,Multiply Kernel,179238913502,179242222643,3309141,65535
3,GPU queue 0,Memory Unmap,179242246051,179242247403,1352,65535
3,GPU queue 0,Memory Map,179253641803,179253642711,908,65535
3,GPU queue 0,Inverse Signal FFT,179242248291,179253623026,11374735,65535
3,GPU queue 0,Memory Unmap,179253651674,179253652618,944,65535
3,GPU queue 0,Forward Signal FFT,179253653507,179265071500,11417993,65535
3,GPU queue 0,Memory Map,179265098537,179265099315,778,65535
3,GPU queue 0,Multiply Kernel,179265106667,179268407789,3301122,65535
3,GPU queue 0,Memory Unmap,179268433623,179268435604,1981,65535
3,GPU queue 0,Memory Map,179279861190,179279862246,1056,65535
3,GPU queue 0,Inverse Signal FFT,179268440289,179279838301,11398012,65535
3,GPU queue 0,Memory Unmap,179279873208,179279874505,1297,65535
3,GPU queue 0,Forward Signal FFT,179279875283,179291316683,11441400,65535
3,GPU queue 0,Memory Map,179291343054,179291343850,796,65535
3,GPU queue 0,Multiply Kernel,179291352887,179294664750,3311863,65535
3,GPU queue 0,Memory Unmap,179294693917,179294695639,1722,65535
3,GPU queue 0,Memory Map,179306113448,179306114355,907,65535
3,GPU queue 0,Inverse Signal FFT,179294696620,179306093429,11396809,65535
3,GPU queue 0,Memory Unmap,179306123818,179306125096,1278,65535
3,GPU queue 0,Forward Signal FFT,179306126059,179317579682,11453623,65535
3,GPU queue 0,Memory Map,179317609608,179317610571,963,65535
3,GPU queue 0,Multiply Kernel,179317619219,179320927693,3308474,65535
3,GPU queue 0,Memory Unmap,179320949193,179320950453,1260,65535
3,GPU queue 0,Memory Map,179332379780,179332380595,815,65535
3,GPU queue 0,Inverse Signal FFT,179320951397,179332354502,11403105,65535
3,GPU queue 0,Memory Unmap,179332389539,179332390743,1204,65535
3,GPU queue 0,Forward Signal FFT,179332391669,179343818311,11426642,65535
3,GPU queue 0,Memory Map,179343860477,179343861625,1148,65535
3,GPU queue 0,Multiply Kernel,179343869996,179347170933,3300937,65535
3,GPU queue 0,Memory Unmap,179347193877,179347195637,1760,65535
3,GPU queue 0,Memory Map,179358635094,179358635853,759,65535
3,GPU queue 0,Inverse Signal FFT,179347196637,179358613168,11416531,65535
3,GPU queue 0,Memory Unmap,179358646408,179358647575,1167,65535
3,GPU queue 0,Forward Signal FFT,179358648464,179370079754,11431290,65535
3,GPU queue 0,Memory Map,179370107106,179370108365,1259,65535
3,GPU queue 0,Multiply Kernel,179370116680,179373431543,3314863,65535
3,GPU queue 0,Memory Unmap,179373457043,179373457969,926,65535
3,GPU queue 0,Memory Map,179384882666,179384883704,1038,65535
3,GPU queue 0,Inverse Signal FFT,179373458950,179384856518,11397568,65535
3,GPU queue 0,Memory Unmap,179384892685,179384893889,1204,65535
3,GPU queue 0,Forward Signal FFT,179384894703,179396308494,11413791,65535
3,GPU queue 0,Memory Map,179396337697,179396338753,1056,65535
3,GPU queue 0,Multiply Kernel,179396346531,179399641894,3295363,65535
3,GPU queue 0,Memory Unmap,179399672653,179399673931,1278,65535
3,GPU queue 0,Memory Map,179411093814,179411094610,796,65535
3,GPU queue 0,Inverse Signal FFT,179399674838,179411069795,11394957,65535
3,GPU queue 0,Memory Unmap,179411103554,179411104702,1148,65535
3,GPU queue 0,Forward Signal FFT,179411105351,179422524956,11419605,65535
3,GPU queue 0,Memory Map,179422553844,179422554789,945,65535
3,GPU queue 0,Multiply Kernel,179422562530,179425854504,3291974,65535
3,GPU queue 0,Memory Unmap,179425885985,179425887059,1074,65535
3,GPU queue 0,Memory Map,179437304738,179437305998,1260,65535
3,GPU queue 0,Inverse Signal FFT,179425887893,179437279813,11391920,65535
3,GPU queue 0,Memory Unmap,179437314590,179437315887,1297,65535
3,GPU queue 0,Forward Signal FFT,179437316720,179448747343,11430623,65535
3,GPU queue 0,Memory Map,179448776047,179448776899,852,65535
3,GPU queue 0,Multiply Kernel,179448784769,179452089170,3304401,65535
3,GPU queue 0,Memory Unmap,179452113818,179452114966,1148,65535
3,GPU queue 0,Memory Map,179463528886,179463529904,1018,65535
3,GPU queue 0,Inverse Signal FFT,179452115836,179463504052,11388216,65535
3,GPU queue 0,Memory Unmap,179463538423,179463539589,1166,65535
3,GPU queue 0,Forward Signal FFT,179463540404,179474966861,11426457,65535
3,GPU queue 0,Memory Map,179474995416,179474996416,1000,65535
3,GPU queue 0,Multiply Kernel,179475004046,179478341946,3337900,65535
3,GPU queue 0,Memory Unmap,179478372224,179478373372,1148,65535
3,GPU queue 0,Memory Map,179489774903,179489775625,722,65535
3,GPU queue 0,Inverse Signal FFT,179478374150,179489755940,11381790,65535
3,GPU queue 0,Memory Unmap,179489784940,179489786033,1093,65535
3,GPU queue 0,Forward Signal FFT,179489786792,179501211582,11424790,65535
3,GPU queue 0,Memory Map,179501250804,179501253008,2204,65535
3,GPU queue 0,Multiply Kernel,179501260915,179504563019,3302104,65535
3,GPU queue 0,Memory Unmap,179504589964,179504591019,1055,65535
3,GPU queue 0,Memory Map,179516020439,179516021457,1018,65535
3,GPU queue 0,Inverse Signal FFT,179504591964,179515988365,11396401,65535
3,GPU queue 0,Memory Unmap,179516032346,179516033587,1241,65535
3,GPU queue 0,Forward Signal FFT,179516034494,179527473729,11439235,65535
3,GPU queue 0,Memory Map,179527507377,179527508433,1056,65535
3,GPU queue 0,Multiply Kernel,179527517766,179530820740,3302974,65535
3,GPU queue 0,Memory Unmap,179530850999,179530852351,1352,65535
3,GPU queue 0,Memory Map,179542279141,179542279901,760,65535
3,GPU queue 0,Inverse Signal FFT,179530853240,179542256771,11403531,65535
3,GPU queue 0,Memory Unmap,179542289456,179542290697,1241,65535
3,GPU queue 0,Forward Signal FFT,179542291604,179553720858,11429254,65535
3,GPU queue 0,Memory Map,179553752172,179553753320,1148,65535
3,GPU queue 0,Multiply Kernel,179553761172,179557055832,3294660,65535
3,GPU queue 0,Memory Unmap,179557077628,179557079147,1519,65535
3,GPU queue 0,Memory Map,179568479900,179568480918,1018,65535
3,GPU queue 0,Inverse Signal FFT,179557080202,179568454844,11374642,65535
3,GPU queue 0,Memory Unmap,179568489696,179568490918,1222,65535
3,GPU queue 0,Forward Signal FFT,179568491714,179579922542,11430828,65535
3,GPU queue 0,Memory Map,179579953468,179579954338,870,65535
3,GPU queue 0,Multiply Kernel,179579962579,179583282775,3320196,65535
3,GPU queue 0,Memory Unmap,179583310775,179583311794,1019,65535
3,GPU queue 0,Memory Map,179594714880,179594715880,1000,65535
3,GPU queue 0,Inverse Signal FFT,179583312701,179594689806,11377105,65535
3,GPU queue 0,Memory Unmap,179594725658,179594727065,1407,65535
3,GPU queue 0,Forward Signal FFT,179594728010,179606161133,11433123,65535
3,GPU queue 0,Memory Map,179606192615,179606193615,1000,65535
3,GPU queue 0,Multiply Kernel,179606201763,179609519681,3317918,65535
3,GPU queue 0,Memory Unmap,179609541404,179609543144,1740,65535
3,GPU queue 0,Memory Map,179620970749,179620971620,871,65535
3,GPU queue 0,Inverse Signal FFT,179609544052,179620950361,11406309,65535
3,GPU queue 0,Memory Unmap,179620981509,179620982583,1074,65535
3,GPU queue 0,Forward Signal FFT,179620983323,179632412799,11429476,65535
3,GPU queue 0,Memory Map,179632443743,179632444780,1037,65535
3,GPU queue 0,Multiply Kernel,179632452669,179635755403,3302734,65535
3,GPU queue 0,Memory Unmap,179635787403,179635789014,1611,65535
3,GPU queue 0,Memory Map,179647191119,179647192248,1129,65535
3,GPU queue 0,Inverse Signal FFT,179635789958,179647161563,11371605,65535
3,GPU queue 0,Memory Unmap,179647202415,179647203545,1130,65535
3,GPU queue 0,Forward Signal FFT,179647204545,179658648316,11443771,65535
3,GPU queue 0,Memory Map,179658675761,179658676761,1000,65535
3,GPU queue 0,Multiply Kernel,179658684853,179661994402,3309549,65535
3,GPU queue 0,Memory Unmap,179662019568,179662021161,1593,65535
3,GPU queue 0,Memory Map,179673422488,179673423377,889,65535
3,GPU queue 0,Inverse Signal FFT,179662022327,179673395469,11373142,65535
3,GPU queue 0,Memory Unmap,179673434340,179673435395,1055,65535
3,GPU queue 0,Forward Signal FFT,179673436062,179684873574,11437512,65535
3,GPU queue 0,Memory Map,179684907204,179684908222,1018,65535
3,GPU queue 0,Multiply Kernel,179684916815,179688232030,3315215,65535
3,GPU queue 0,Memory Unmap,179688262900,179688263993,1093,65535
3,GPU queue 0,Memory Map,179699709450,179699710339,889,65535
3,GPU queue 0,Inverse Signal FFT,179688267363,179699684616,11417253,65535
3,GPU queue 0,Memory Unmap,179699728135,179699729746,1611,65535
3,GPU queue 0,Forward Signal FFT,179699734061,179711186129,11452068,65535
3,GPU queue 0,Memory Map,179711222629,179711223925,1296,65535
3,GPU queue 0,Multiply Kernel,179711232517,179714536362,3303845,65535
3,GPU queue 0,Memory Unmap,179714558195,179714561677,3482,65535
3,GPU queue 0,Memory Map,179725989430,179725990374,944,65535
3,GPU queue 0,Inverse Signal FFT,179714565658,179725962300,11396642,65535
3,GPU queue 0,Memory Unmap,179726000504,179726001560,1056,65535
3,GPU queue 0,Forward Signal FFT,179726002411,179737434628,11432217,65535
3,GPU queue 0,Memory Map,179737461887,179737462887,1000,65535
3,GPU queue 0,Multiply Kernel,179737471979,179740781509,3309530,65535
3,GPU queue 0,Memory Unmap,179740807083,179740808305,1222,65535
3,GPU queue 0,Memory Map,179752210725,179752211836,1111,65535
3,GPU queue 0,Inverse Signal FFT,179740809324,179752185725,11376401,65535
3,GPU queue 0,Memory Unmap,179752230929,179752232503,1574,65535
3,GPU queue 0,Forward Signal FFT,179752233484,179763706941,11473457,65535
3,GPU queue 0,Memory Map,179763743182,179763744497,1315,65535
3,GPU queue 0,Multiply Kernel,179763754126,179767057545,3303419,65535
3,GPU queue 0,Memory Unmap,179767085712,179767086971,1259,65535
3,GPU queue 0,Memory Map,179778507446,179778508428,982,65535
3,GPU queue 0,Inverse Signal FFT,179767090582,179778482261,11391679,65535
3,GPU queue 0,Memory Unmap,179778526613,179778527909,1296,65535
3,GPU queue 0,Forward Signal FFT,179778532020,179789961347,11429327,65535
3,GPU queue 0,Memory Map,179789989773,179789990884,1111,65535
3,GPU queue 0,Multiply Kernel,179790000181,179793301433,3301252,65535
3,GPU queue 0,Memory Unmap,179793327785,179793329044,1259,65535
3,GPU queue 0,Memory Map,179804736001,179804737149,1148,65535
3,GPU queue 0,Inverse Signal FFT,179793330062,179804712779,11382717,65535
3,GPU queue 0,Memory Unmap,179804746427,179804747649,1222,65535
3,GPU queue 0,Forward Signal FFT,179804748427,179816224050,11475623,65535
3,GPU queue 0,Memory Map,179816262643,179816263717,1074,65535
3,GPU queue 0,Multiply Kernel,179816273402,179819572265,3298863,65535
3,GPU queue 0,Memory Unmap,179819597543,179819598802,1259,65535
3,GPU queue 0,Memory Map,179831024185,179831025018,833,65535
3,GPU queue 0,Inverse Signal FFT,179819599765,179831002166,11402401,65535
3,GPU queue 0,Memory Unmap,179831034425,179831035500,1075,65535
3,GPU queue 0,Forward Signal FFT,179831036296,179842475197,11438901,65535
3,GPU queue 0,Memory Map,179842504530,179842505697,1167,65535
3,GPU queue 0,Multiply Kernel,179842513956,179845818060,3304104,65535
3,GPU queue 0,Memory Unmap,179845851616,179845852838,1222,65535
3,GPU queue 0,Memory Map,179857270517,179857271332,815,65535
3,GPU queue 0,Inverse Signal FFT,179845853875,179857248036,11394161,65535
3,GPU queue 0,Memory Unmap,179857281387,179857282443,1056,65535
3,GPU queue 0,Forward Signal FFT,179857283517,179868706622,11423105,65535
3,GPU queue 0,Memory Map,179868733085,179868734159,1074,65535
3,GPU queue 0,Multiply Kernel,179868742992,179872067170,3324178,65535
3,GPU queue 0,Memory Unmap,179872094985,179872096318,1333,65535
3,GPU queue 0,Memory Map,179883503053,179883503812,759,65535
3,GPU queue 0,Inverse Signal FFT,179872097337,179883484090,11386753,65535
3,GPU queue 0,Memory Unmap,179883513460,179883514164,704,65535
3,GPU queue 0,Forward Signal FFT,179883514831,179894941491,11426660,65535
3,GPU queue 0,Memory Map,179894972954,179894973936,982,65535
3,GPU queue 0,Multiply Kernel,179894981843,179898246577,3264734,65535
3,GPU queue 0,Memory Unmap,179898272891,179898273873,982,65535
3,GPU queue 0,Memory Map,179909685496,179909686237,741,65535
3,GPU queue 0,Inverse Signal FFT,179898274706,179909666811,11392105,65535
3,GPU queue 0,Memory Unmap,179909695719,179909696570,851,65535
3,GPU queue 0,Forward Signal FFT,179909697256,179921131435,11434179,65535
3,GPU queue 0,Memory Map,179921163194,179921164323,1129,65535
3,GPU queue 0,Multiply Kernel,179921172416,179924428094,3255678,65535
3,GPU queue 0,Memory Unmap,179924456353,179924457594,1241,65535
3,GPU queue 0,Memory Map,179935872106,179935872940,834,65535
3,GPU queue 0,Inverse Signal FFT,179924458520,179935853032,11394512,65535
3,GPU queue 0,Memory Unmap,179935882625,179935883366,741,65535
3,GPU queue 0,Forward Signal FFT,179935884032,179947322656,11438624,65535
3,GPU queue 0,Memory Map,179947353063,179947354082,1019,65535
3,GPU queue 0,Multiply Kernel,179947361989,179950608112,3246123,65535
3,GPU queue 0,Memory Unmap,179950636686,179950637778,1092,65535
3,GPU queue 0,Memory Map,179962048680,179962049439,759,65535
3,GPU queue 0,Inverse Signal FFT,179950638593,179962030235,11391642,65535
3,GPU queue 0,Memory Unmap,179962058494,179962059198,704,65535
3,GPU queue 0,Forward Signal FFT,179962059865,179973487803,11427938,65535
3,GPU queue 0,Memory Map,179973518284,179973519266,982,65535
3,GPU queue 0,Multiply Kernel,179973527136,179976684611,3157475,65535
3,GPU queue 0,Memory Unmap,179976706833,179976707833,1000,65535
3,GPU queue 0,Memory Map,179988131068,179988131883,815,65535
3,GPU queue 0,Inverse Signal FFT,179976708741,179988113568,11404827,65535
3,GPU queue 0,Memory Unmap,179988141253,179988142068,815,65535
3,GPU queue 0,Forward Signal FFT,179988142827,179999585043,11442216,65535
3,GPU queue 0,Memory Map,179999615432,179999616450,1018,65535
3,GPU queue 0,Multiply Kernel,179999622969,180002763777,3140808,65535
3,GPU queue 0,Memory Unmap,180002777610,180002778740,1130,65535
3,GPU queue 0,Memory Map,180014239697,180014240622,925,65535
3,GPU queue 0,Inverse Signal FFT,180002779740,180014199271,11419531,65535
3,GPU queue 0,Memory Unmap,180018857890,180018910168,52278,65535
3,GPU queue 0,Forward Signal FFT,180019025445,180030468939,11443494,65535
3,GPU queue 0,Memory Map,180030491161,180030491810,649,65535
3,GPU queue 0,Multiply Kernel,180030497958,180033792988,3295030,65535
3,GPU queue 0,Memory Unmap,180033817358,180033818858,1500,65535
3,GPU queue 0,Memory Map,180045234222,180045235241,1019,65535
3,GPU queue 0,Inverse Signal FFT,180033819839,180045197796,11377957,65535
3,GPU queue 0,Memory Unmap,180045246148,180045247537,1389,65535
3,GPU queue 0,Forward Signal FFT,180045248444,180056715457,11467013,65535
3,GPU queue 0,Memory Map,180056745105,180056746012,907,65535
3,GPU queue 0,Multiply Kernel,180056754308,180060093672,3339364,65535
3,GPU queue 0,Memory Unmap,180060117042,180060118209,1167,65535
3,GPU queue 0,Memory Map,180071522332,180071523443,1111,65535
3,GPU queue 0,Inverse Signal FFT,180060119005,180071497943,11378938,65535
3,GPU queue 0,Memory Unmap,180071533888,180071535295,1407,65535
3,GPU queue 0,Forward Signal FFT,180071536332,180083027381,11491049,65535
3,GPU queue 0,Memory Map,180083053696,180083054548,852,65535
3,GPU queue 0,Multiply Kernel,180083062844,180086383430,3320586,65535
3,GPU queue 0,Memory Unmap,180086405393,180086406615,1222,65535
3,GPU queue 0,Memory Map,180097819461,180097820516,1055,65535
3,GPU queue 0,Inverse Signal FFT,180086407522,180097795146,11387624,65535
3,GPU queue 0,Memory Unmap,180097831720,180097833016,1296,65535
3,GPU queue 0,Forward Signal FFT,180097834016,180109332454,11498438,65535
3,GPU queue 0,Memory Map,180109359732,180109360658,926,65535
3,GPU queue 0,Multiply Kernel,180109366047,180112698151,3332104,65535
3,GPU queue 0,Memory Unmap,180112731002,180112732410,1408,65535
3,GPU queue 0,Memory Map,180124146478,180124147441,963,65535
3,GPU queue 0,Inverse Signal FFT,180112733225,180124124089,11390864,65535
3,GPU queue 0,Memory Unmap,180124157533,180124158718,1185,65535
3,GPU queue 0,Forward Signal FFT,180124159718,180135629749,11470031,65535
3,GPU queue 0,Memory Map,180135658323,180135659268,945,65535
3,GPU queue 0,Multiply Kernel,180135666786,180138999316,3332530,65535
3,GPU queue 0,Memory Unmap,180139029464,180139030946,1482,65535
3,GPU queue 0,Memory Map,180150433310,180150433995,685,65535
3,GPU queue 0,Inverse Signal FFT,180139031779,180150412180,11380401,65535
3,GPU queue 0,Memory Unmap,180150444014,180150445254,1240,65535
3,GPU queue 0,Forward Signal FFT,180150446236,180161931248,11485012,65535
3,GPU queue 0,Memory Map,180161960304,180161961359,1055,65535
3,GPU queue 0,Multiply Kernel,180161969174,180165293426,3324252,65535
3,GPU queue 0,Memory Unmap,180165316204,180165317426,1222,65535
3,GPU queue 0,Memory Map,180176744512,180176745457,945,65535
3,GPU queue 0,Inverse Signal FFT,180165318611,180176714698,11396087,65535
3,GPU queue 0,Memory Unmap,180176755605,180176756883,1278,65535
3,GPU queue 0,Forward Signal FFT,180176757827,180188232525,11474698,65535
3,GPU queue 0,Memory Map,180188265136,180188266395,1259,65535
3,GPU queue 0,Multiply Kernel,180188274062,180191593073,3319011,65535
3,GPU queue 0,Memory Unmap,180191625721,180191627221,1500,65535
3,GPU queue 0,Memory Map,180203036696,180203037604,908,65535
3,GPU queue 0,Inverse Signal FFT,180191627980,180203015548,11387568,65535
3,GPU queue 0,Memory Unmap,180203047622,180203048770,1148,65535
3,GPU queue 0,Forward Signal FFT,180203049567,180214532709,11483142,65535
3,GPU queue 0,Memory Map,180214562912,180214564042,1130,65535
3,GPU queue 0,Multiply Kernel,180214572560,180217910775,3338215,65535
3,GPU queue 0,Memory Unmap,180217935498,180217936831,1333,65535
3,GPU queue 0,Memory Map,180229357991,180229358917,926,65535
3,GPU queue 0,Inverse Signal FFT,180217937794,180229336714,11398920,65535
3,GPU queue 0,Memory Unmap,180229368658,180229369658,1000,65535
3,GPU queue 0,Forward Signal FFT,180229370473,180240836726,11466253,65535
3,GPU queue 0,Memory Map,180240863948,180240865078,1130,65535
3,GPU queue 0,Multiply Kernel,180240873374,180244213589,3340215,65535
3,GPU queue 0,Memory Unmap,180244247959,180244249385,1426,65535
3,GPU queue 0,Memory Map,180255667972,180255668879,907,65535
3,GPU queue 0,Inverse Signal FFT,180244250663,180255645898,11395235,65535
3,GPU queue 0,Memory Unmap,180255678842,180255679935,1093,65535
3,GPU queue 0,Forward Signal FFT,180255680916,180267164521,11483605,65535
3,GPU queue 0,Memory Map,180267193484,180267194613,1129,65535
3,GPU queue 0,Multiply Kernel,180267202854,180270538217,3335363,65535
3,GPU queue 0,Memory Unmap,180270564606,180270565995,1389,65535
3,GPU queue 0,Memory Map,180281966656,180281967730,1074,65535
3,GPU queue 0,Inverse Signal FFT,180270566902,180281943489,11376587,65535
3,GPU queue 0,Memory Unmap,180281978563,180281979859,1296,65535
3,GPU queue 0,Forward Signal FFT,180281980748,180293452983,11472235,65535
3,GPU queue 0,Memory Map,180293482686,180293483742,1056,65535
3,GPU queue 0,Multiply Kernel,180293491705,180296831420,3339715,65535
3,GPU queue 0,Memory Unmap,180296860772,180296861957,1185,65535
3,GPU queue 0,Memory Map,180308267470,180308268377,907,65535
3,GPU queue 0,Inverse Signal FFT,180296862772,180308245877,11383105,65535
3,GPU queue 0,Memory Unmap,180308278100,180308279229,1129,65535
3,GPU queue 0,Forward Signal FFT,180308280081,180319777427,11497346,65535
3,GPU queue 0,Memory Map,180319803557,180319804612,1055,65535
3,GPU queue 0,Multiply Kernel,180319812371,180323136624,3324253,65535
3,GPU queue 0,Memory Unmap,180323158994,180323160290,1296,65535
3,GPU queue 0,Memory Map,180334570803,180334571859,1056,65535
3,GPU queue 0,Inverse Signal FFT,180323161105,180334546544,11385439,65535
3,GPU queue 0,Memory Unmap,180334582951,180334584099,1148,65535
3,GPU queue 0,Forward Signal FFT,180334584951,180346002501,11417550,65535
3,GPU queue 0,Memory Map,180346028205,180346029094,889,65535
3,GPU queue 0,Multiply Kernel,180346036668,180349347735,3311067,65535
3,GPU queue 0,Memory Unmap,180349376772,180349378050,1278,65535
3,GPU queue 0,Memory Map,180360794211,180360795248,1037,65535
3,GPU queue 0,Inverse Signal FFT,180349378939,180360768748,11389809,65535
3,GPU queue 0,Memory Unmap,180360806322,180360807396,1074,65535
3,GPU queue 0,Forward Signal FFT,180360808266,180372243705,11435439,65535
3,GPU queue 0,Memory Map,180372269020,180372269760,740,65535
3,GPU queue 0,Multiply Kernel,180372277279,180375569068,3291789,65535
3,GPU queue 0,Memory Unmap,180375589476,180375590827,1351,65535
3,GPU queue 0,Memory Map,180387014433,180387015433,1000,65535
3,GPU queue 0,Inverse Signal FFT,180375592031,180386989414,11397383,65535
3,GPU queue 0,Memory Unmap,180387026711,180387027988,1277,65535
3,GPU queue 0,Forward Signal FFT,180387028970,180398459964,11430994,65535
3,GPU queue 0,Memory Map,180398487798,180398488668,870,65535
3,GPU queue 0,Multiply Kernel,180398497649,180401807809,3310160,65535
3,GPU queue 0,Memory Unmap,180401834198,180401835846,1648,65535
3,GPU queue 0,Memory Map,180413285674,180413286748,1074,65535
3,GPU queue 0,Inverse Signal FFT,180401840513,180413259581,11419068,65535
3,GPU queue 0,Memory Unmap,180413297192,180413298433,1241,65535
3,GPU queue 0,Forward Signal FFT,180413299192,180424731353,11432161,65535
3,GPU queue 0,Memory Map,180424767964,180424769316,1352,65535
3,GPU queue 0,Multiply Kernel,180424777723,180428079661,3301938,65535
3,GPU queue 0,Memory Unmap,180428103568,180428105068,1500,65535
3,GPU queue 0,Memory Map,180439525970,180439526914,944,65535
3,GPU queue 0,Inverse Signal FFT,180428106068,180439500155,11394087,65535
3,GPU queue 0,Memory Unmap,180439536359,180439537581,1222,65535
3,GPU queue 0,Forward Signal FFT,180439538266,180451037946,11499680,65535
3,GPU queue 0,Memory Map,180451068001,180451068853,852,65535
3,GPU queue 0,Multiply Kernel,180451076686,180454381161,3304475,65535
3,GPU queue 0,Memory Unmap,180454406235,180454407253,1018,65535
3,GPU queue 0,Memory Map,180465819951,180465821137,1186,65535
3,GPU queue 0,Inverse Signal FFT,180454408439,180465794155,11385716,65535
3,GPU queue 0,Memory Unmap,180465832285,180465833655,1370,65535
3,GPU queue 0,Forward Signal FFT,180465834637,180477292723,11458086,65535
3,GPU queue 0,Memory Map,180477329760,180477330872,1112,65535
3,GPU queue 0,Multiply Kernel,180477339334,180480633883,3294549,65535
3,GPU queue 0,Memory Unmap,180480657790,180480658957,1167,65535
3,GPU queue 0,Memory Map,180492088025,180492089266,1241,65535
3,GPU queue 0,Inverse Signal FFT,180480659994,180492056229,11396235,65535
3,GPU queue 0,Memory Unmap,180492100192,180492101655,1463,65535
3,GPU queue 0,Forward Signal FFT,180492102655,180503540149,11437494,65535
3,GPU queue 0,Memory Map,180503565779,180503566409,630,65535
3,GPU queue 0,Multiply Kernel,180503574020,180506869050,3295030,65535
3,GPU queue 0,Memory Unmap,180506898105,180506899439,1334,65535
3,GPU queue 0,Memory Map,180518352044,180518352970,926,65535
3,GPU queue 0,Inverse Signal FFT,180506900235,180518322248,11422013,65535
3,GPU queue 0,Memory Unmap,180518364100,180518365414,1314,65535
3,GPU queue 0,Forward Signal FFT,180518366340,180529783020,11416680,65535
3,GPU queue 0,Memory Map,180529812020,180529812983,963,65535
3,GPU queue 0,Multiply Kernel,180529821038,180533115420,3294382,65535
3,GPU queue 0,Memory Unmap,180533147068,180533148216,1148,65535
3,GPU queue 0,Memory Map,180544580248,180544580951,703,65535
3,GPU queue 0,Inverse Signal FFT,180533151624,180544555803,11404179,65535
3,GPU queue 0,Memory Unmap,180544602303,180544604118,1815,65535
3,GPU queue 0,Forward Signal FFT,180544609674,180556043298,11433624,65535
3,GPU queue 0,Memory Map,180556071483,180556072575,1092,65535
3,GPU queue 0,Multiply Kernel,180556080835,180559376253,3295418,65535
3,GPU queue 0,Memory Unmap,180559402327,180559403327,1000,65535
3,GPU queue 0,Memory Map,180570819822,180570820729,907,65535
3,GPU queue 0,Inverse Signal FFT,180559404124,180570793877,11389753,65535
3,GPU queue 0,Memory Unmap,180570830081,180570831266,1185,65535
3,GPU queue 0,Forward Signal FFT,180570831951,180582259020,11427069,65535
3,GPU queue 0,Memory Map,180582286372,180582287612,1240,65535
3,GPU queue 0,Multiply Kernel,180582295835,180585591865,3296030,65535
3,GPU queue 0,Memory Unmap,180585616402,180585617457,1055,65535
3,GPU queue 0,Memory Map,180597041359,180597042266,907,65535
3,GPU queue 0,Inverse Signal FFT,180585618920,180597019637,11400717,65535
3,GPU queue 0,Memory Unmap,180597052766,180597054007,1241,65535
3,GPU queue 0,Forward Signal FFT,180597054803,180608492872,11438069,65535
3,GPU queue 0,Memory Map,180608522094,180608523150,1056,65535
3,GPU queue 0,Multiply Kernel,180608530724,180611846383,3315659,65535
3,GPU queue 0,Memory Unmap,180611873994,180611875365,1371,65535
3,GPU queue 0,Memory Map,180623285581,180623286970,1389,65535
3,GPU queue 0,Inverse Signal FFT,180611876254,180623260841,11384587,65535
3,GPU queue 0,Memory Unmap,180623297785,180623299044,1259,65535
3,GPU queue 0,Forward Signal FFT,180623300007,180634727205,11427198,65535
3,GPU queue 0,Memory Map,180634756261,180634757446,1185,65535
3,GPU queue 0,Multiply Kernel,180634766075,180638067031,3300956,65535
3,GPU queue 0,Memory Unmap,180638091494,180638092587,1093,65535
3,GPU queue 0,Memory Map,180649502452,180649503692,1240,65535
3,GPU queue 0,Inverse Signal FFT,180638093328,180649478248,11384920,65535
3,GPU queue 0,Memory Unmap,180649514915,180649516544,1629,65535
3,GPU queue 0,Forward Signal FFT,180649517359,180660964816,11447457,65535
3,GPU queue 0,Memory Map,180660996631,180660997816,1185,65535
3,GPU queue 0,Multiply Kernel,180661006150,180664306772,3300622,65535
3,GPU queue 0,Memory Unmap,180664335587,180664336791,1204,65535
3,GPU queue 0,Memory Map,180675744804,180675745785,981,65535
3,GPU queue 0,Inverse Signal FFT,180664337698,180675723470,11385772,65535
3,GPU queue 0,Memory Unmap,180675755563,180675756804,1241,65535
3,GPU queue 0,Forward Signal FFT,180675757674,180687186890,11429216,65535
3,GPU queue 0,Memory Map,180687222983,180687224020,1037,65535
3,GPU queue 0,Multiply Kernel,180687231650,180690519235,3287585,65535
3,GPU queue 0,Memory Unmap,180690543254,180690544420,1166,65535
3,GPU queue 0,Memory Map,180701963248,180701964378,1130,65535
3,GPU queue 0,Inverse Signal FFT,180690545235,180701939267,11394032,65535
3,GPU queue 0,Memory Unmap,180701975118,180701976396,1278,65535
3,GPU queue 0,Forward Signal FFT,180701977211,180713417816,11440605,65535
3,GPU queue 0,Memory Map,180713446316,180713447261,945,65535
3,GPU queue 0,Multiply Kernel,180713455076,180716757680,3302604,65535
3,GPU queue 0,Memory Unmap,180716786217,180716787383,1166,65535
3,GPU queue 0,Memory Map,180728208007,180728209063,1056,65535
3,GPU queue 0,Inverse Signal FFT,180716788161,180728182878,11394717,65535
3,GPU queue 0,Memory Unmap,180728227952,180728229396,1444,65535
3,GPU queue 0,Forward Signal FFT,180728230433,180739652965,11422532,65535
3,GPU queue 0,Memory Map,180739686391,180739687631,1240,65535
3,GPU queue 0,Multiply Kernel,180739696279,180743010032,3313753,65535
3,GPU queue 0,Memory Unmap,180743033939,180743035328,1389,65535
3,GPU queue 0,Memory Map,180754437230,180754438100,870,65535
3,GPU queue 0,Inverse Signal FFT,180743036254,180754411489,11375235,65535
3,GPU queue 0,Memory Unmap,180754447563,180754448822,1259,65535
3,GPU queue 0,Forward Signal FFT,180754449748,180765890668,11440920,65535
3,GPU queue 0,Memory Map,180765923613,180765924891,1278,65535
3,GPU queue 0,Multiply Kernel,180765933020,180769230624,3297604,65535
3,GPU queue 0,Memory Unmap,180769253587,180769255365,1778,65535
3,GPU queue 0,Memory Map,180780643248,180780644026,778,65535
3,GPU queue 0,Inverse Signal FFT,180769256365,180780622859,11366494,65535
3,GPU queue 0,Memory Unmap,180780654193,180780655045,852,65535
3,GPU queue 0,Forward Signal FFT,180780655971,180792088428,11432457,65535
3,GPU queue 0,Memory Map,180792119409,180792120594,1185,65535
3,GPU queue 0,Multiply Kernel,180792129872,180795452661,3322789,65535
3,GPU queue 0,Memory Unmap,180795474032,180795475310,1278,65535
3,GPU queue 0,Memory Map,180806887841,180806888785,944,65535
3,GPU queue 0,Inverse Signal FFT,180795476161,180806868452,11392291,65535
3,GPU queue 0,Memory Unmap,180806898211,180806899082,871,65535
3,GPU queue 0,Forward Signal FFT,180806899896,180818326076,11426180,65535
3,GPU queue 0,Memory Map,180818350187,180818350854,667,65535
3,GPU queue 0,Multiply Kernel,180818358557,180821655236,3296679,65535
3,GPU queue 0,Memory Unmap,180821679791,180821680902,1111,65535
3,GPU queue 0,Memory Map,180833103860,180833104841,981,65535
3,GPU queue 0,Inverse Signal FFT,180821681736,180833079100,11397364,65535
3,GPU queue 0,Memory Unmap,180833114508,180833115693,1185,65535
3,GPU queue 0,Forward Signal FFT,180833116563,180844552558,11435995,65535
3,GPU queue 0,Memory Map,180844585187,180844586280,1093,65535
3,GPU queue 0,Multiply Kernel,180844594632,180847896828,3302196,65535
3,GPU queue 0,Memory Unmap,180847917939,180847919143,1204,65535
3,GPU queue 0,Memory Map,180859324415,180859325026,611,65535
3,GPU queue 0,Inverse Signal FFT,180847919921,180859305730,11385809,65535
3,GPU queue 0,Memory Unmap,180859334452,180859335582,1130,65535
3,GPU queue 0,Forward Signal FFT,180859336415,180870767206,11430791,65535
3,GPU queue 0,Memory Map,180870791391,180870792095,704,65535
3,GPU queue 0,Multiply Kernel,180870799521,180874109328,3309807,65535
3,GPU queue 0,Memory Unmap,180874134495,180874135365,870,65535
3,GPU queue 0,Memory Map,180885546360,180885546934,574,65535
3,GPU queue 0,Inverse Signal FFT,180874136236,180885527712,11391476,65535
3,GPU queue 0,Memory Unmap,180885555786,180885556823,1037,65535
3,GPU queue 0,Forward Signal FFT,180885557693,180896963576,11405883,65535
3,GPU queue 0,Memory Map,180896987317,180896987947,630,65535
3,GPU queue 0,Multiply Kernel,180896995761,180900293199,3297438,65535
3,GPU queue 0,Memory Unmap,180900313477,180900314588,1111,65535
3,GPU queue 0,Memory Map,180911743693,180911744860,1167,65535
3,GPU queue 0,Inverse Signal FFT,180900315828,180911715138,11399310,65535
3,GPU queue 0,Memory Unmap,180911755082,180911756193,1111,65535
3,GPU queue 0,Forward Signal FFT,180911757045,180923190002,11432957,65535
3,GPU queue 0,Memory Map,180923224021,180923224743,722,65535
3,GPU queue 0,Multiply Kernel,180923232873,180926538051,3305178,65535
3,GPU queue 0,Memory Unmap,180926566180,180926567236,1056,65535
3,GPU queue 0,Memory Map,180938009675,180938010897,1222,65535
3,GPU queue 0,Inverse Signal FFT,180926568199,180937977045,11408846,65535
3,GPU queue 0,Memory Unmap,180938021915,180938023212,1297,65535
3,GPU queue 0,Forward Signal FFT,180938024212,180949468817,11444605,65535
3,GPU queue 0,Memory Map,180949503836,180949505039,1203,65535
3,GPU queue 0,Multiply Kernel,180949513095,180952811884,3298789,65535
3,GPU queue 0,Memory Unmap,180952832328,180952833495,1167,65535
3,GPU queue 0,Memory Map,180964242675,180964243434,759,65535
3,GPU queue 0,Inverse Signal FFT,180952834421,180964224878,11390457,65535
3,GPU queue 0,Memory Unmap,180964252804,180964253712,908,65535
3,GPU queue 0,Forward Signal FFT,180964254471,180975690613,11436142,65535
3,GPU queue 0,Memory Map,180975719224,180975720150,926,65535
3,GPU queue 0,Multiply Kernel,180975728928,180979022958,3294030,65535
3,GPU queue 0,Memory Unmap,180979054551,180979055810,1259,65535
3,GPU queue 0,Memory Map,180990480156,180990481175,1019,65535
3,GPU queue 0,Inverse Signal FFT,180979056699,180990454267,11397568,65535
3,GPU queue 0,Memory Unmap,180990490619,180990491786,1167,65535
3,GPU queue 0,Forward Signal FFT,180990492545,181001927336,11434791,65535
3,GPU queue 0,Memory Map,181001955780,181001956780,1000,65535
3,GPU queue 0,Multiply Kernel,181001964669,181005260440,3295771,65535
3,GPU queue 0,Memory Unmap,181005283495,181005284792,1297,65535
3,GPU queue 0,Memory Map,181016715490,181016716564,1074,65535
3,GPU queue 0,Inverse Signal FFT,181005285588,181016688675,11403087,65535
3,GPU queue 0,Memory Unmap,181016727656,181016728767,1111,65535
3,GPU queue 0,Forward Signal FFT,181016729545,181028183576,11454031,65535
3,GPU queue 0,Memory Map,181028211965,181028212780,815,65535
3,GPU queue 0,Multiply Kernel,181028234150,181031546755,3312605,65535
3,GPU queue 0,Memory Unmap,181031575995,181031577440,1445,65535
3,GPU queue 0,Memory Map,181042989749,181042990638,889,65535
3,GPU queue 0,Inverse Signal FFT,181031578440,181042967323,11388883,65535
3,GPU queue 0,Memory Unmap,181043002027,181043003138,1111,65535
3,GPU queue 0,Forward Signal FFT,181043003953,181054435373,11431420,65535
3,GPU queue 0,Memory Map,181054460984,181054461873,889,65535
3,GPU queue 0,Multiply Kernel,181054470428,181057775236,3304808,65535
3,GPU queue 0,Memory Unmap,181057803995,181057805347,1352,65535
3,GPU queue 0,Memory Map,181069237378,181069238212,834,65535
3,GPU queue 0,Inverse Signal FFT,181057806403,181069205119,11398716,65535
3,GPU queue 0,Memory Unmap,181069247897,181069248897,1000,65535
3,GPU queue 0,Forward Signal FFT,181069249749,181080688410,11438661,65535
3,GPU queue 0,Memory Map,181080719058,181080720225,1167,65535
3,GPU queue 0,Multiply Kernel,181080729206,181084035643,3306437,65535
3,GPU queue 0,Memory Unmap,181084063977,181084065088,1111,65535
3,GPU queue 0,Memory Map,181095495027,181095496193,1166,65535
3,GPU queue 0,Inverse Signal FFT,181084066032,181095462101,11396069,65535
3,GPU queue 0,Memory Unmap,181095506397,181095507749,1352,65535
3,GPU queue 0,Forward Signal FFT,181095508601,181106932336,11423735,65535
3,GPU queue 0,Memory Map,181106962354,181106963391,1037,65535
3,GPU queue 0,Multiply Kernel,181106971076,181110290532,3319456,65535
3,GPU queue 0,Memory Unmap,181110312162,181110313403,1241,65535
3,GPU queue 0,Memory Map,181121737749,181121738730,981,65535
3,GPU queue 0,Inverse Signal FFT,181110314384,181121712971,11398587,65535
3,GPU queue 0,Memory Unmap,181121748916,181121750341,1425,65535
3,GPU queue 0,Forward Signal FFT,181121751267,181133178354,11427087,65535
3,GPU queue 0,Memory Map,181133209039,181133210169,1130,65535
3,GPU queue 0,Multiply Kernel,181133229336,181136535755,3306419,65535
3,GPU queue 0,Memory Unmap,181136565162,181136566347,1185,65535
3,GPU queue 0,Memory Map,181147995045,181147996027,982,65535
3,GPU queue 0,Inverse Signal FFT,181136567236,181147975897,11408661,65535
3,GPU queue 0,Memory Unmap,181148006453,181148007416,963,65535
3,GPU queue 0,Forward Signal FFT,181148008304,181159427502,11419198,65535
3,GPU queue 0,Memory Map,181159458391,181159459391,1000,65535
3,GPU queue 0,Multiply Kernel,181159468095,181162766014,3297919,65535
3,GPU queue 0,Memory Unmap,181162793977,181162795421,1444,65535
3,GPU queue 0,Memory Map,181174207842,181174208823,981,65535
3,GPU queue 0,Inverse Signal FFT,181162796421,181174185749,11389328,65535
3,GPU queue 0,Memory Unmap,181174232119,181174233304,1185,65535
3,GPU queue 0,Forward Signal FFT,181174234267,181185688762,11454495,65535
3,GPU queue 0,Memory Map,181185716762,181185717743,981,65535
3,GPU queue 0,Multiply Kernel,181185726354,181189024236,3297882,65535
3,GPU queue 0,Memory Unmap,181189054218,181189055440,1222,65535
3,GPU queue 0,Memory Map,181200471230,181200472193,963,65535
3,GPU queue 0,Inverse Signal FFT,181189056347,181200448471,11392124,65535
3,GPU queue 0,Memory Unmap,181200482119,181200483230,1111,65535
3,GPU queue 0,Forward Signal FFT,181200484212,181211934873,11450661,65535
3,GPU queue 0,Memory Map,181211966077,181211967077,1000,65535
3,GPU queue 0,Multiply Kernel,181211975521,181215270662,3295141,65535
3,GPU queue 0,Memory Unmap,181215297218,181215298588,1370,65535
3,GPU queue 0,Memory Map,181226720860,181226721990,1130,65535
3,GPU queue 0,Inverse Signal FFT,181215299792,181226697193,11397401,65535
3,GPU queue 0,Memory Unmap,181226732138,181226733638,1500,65535
3,GPU queue 0,Forward Signal FFT,181226734564,181238171799,11437235,65535
3,GPU queue 0,Memory Map,181238201243,181238202077,834,65535
3,GPU queue 0,Multiply Kernel,181238210521,181241468292,3257771,65535
3,GPU queue 0,Memory Unmap,181241494625,181241495681,1056,65535
3,GPU queue 0,Memory Map,181252923175,181252924231,1056,65535
3,GPU queue 0,Inverse Signal FFT,181241496625,181252892879,11396254,65535
3,GPU queue 0,Memory Unmap,181252935305,181252936508,1203,65535
3,GPU queue 0,Forward Signal FFT,181252937527,181264362632,11425105,65535
3,GPU queue 0,Memory Map,181264388225,181264389040,815,65535
3,GPU queue 0,Multiply Kernel,181264397095,181267635459,3238364,65535
3,GPU queue 0,Memory Unmap,181267654514,181267655736,1222,65535
3,GPU queue 0,Memory Map,181279079638,181279080749,1111,65535
3,GPU queue 0,Inverse Signal FFT,181267656570,181279053453,11396883,65535
3,GPU queue 0,Memory Unmap,181279090731,181279091916,1185,65535
3,GPU queue 0,Forward Signal FFT,181279092879,181290527503,11434624,65535
3,GPU queue 0,Memory Map,181290553058,181290553818,760,65535
3,GPU queue 0,Multiply Kernel,181290561725,181293797718,3235993,65535
3,GPU queue 0,Memory Unmap,181293819607,181293820589,982,65535
3,GPU queue 0,Memory Map,181305246935,181305247898,963,65535
3,GPU queue 0,Inverse Signal FFT,181293823496,181305221158,11397662,65535
3,GPU queue 0,Memory Unmap,181305257991,181305259139,1148,65535
3,GPU queue 0,Forward Signal FFT,181305260139,181316708245,11448106,65535
3,GPU queue 0,Memory Map,181316735726,181316736504,778,65535
3,GPU queue 0,Multiply Kernel,181316743986,181319882905,3138919,65535
3,GPU queue 0,Memory Unmap,181319904738,181319905720,982,65535
3,GPU queue 0,Memory Map,181331322789,181331323603,814,65535
3,GPU queue 0,Inverse Signal FFT,181319906516,181331297196,11390680,65535
3,GPU queue 0,Memory Unmap,181331333974,181331335103,1129,65535
3,GPU queue 0,Forward Signal FFT,181331335918,181342782469,11446551,65535
3,GPU queue 0,Memory Map,181342806857,181342807783,926,65535
3,GPU queue 0,Multiply Kernel,181342814987,181345951295,3136308,65535
3,GPU queue 0,Memory Unmap,181345967962,181345970851,2889,65535
3,GPU queue 0,Memory Map,181357390809,181357391698,889,65535
3,GPU queue 0,Inverse Signal FFT,181345972221,181357373105,11400884,65535
3,GPU queue 0,Memory Unmap,181362034466,181362079780,45314,65535
3,GPU queue 0,Forward Signal FFT,181362198669,181373617886,11419217,65535
3,GPU queue 0,Memory Map,181373640886,181373641719,833,65535
3,GPU queue 0,Multiply Kernel,181373647664,181376940583,3292919,65535
3,GPU queue 0,Memory Unmap,181376966046,181376967583,1537,65535
3,GPU queue 0,Memory Map,181388388504,181388389448,944,65535
3,GPU queue 0,Inverse Signal FFT,181376968694,181388363504,11394810,65535
3,GPU queue 0,Memory Unmap,181388399448,181388400689,1241,65535
3,GPU queue 0,Forward Signal FFT,181388401578,181399872072,11470494,65535
3,GPU queue 0,Memory Map,181399904091,181399905276,1185,65535
3,GPU queue 0,Multiply Kernel,181399913683,181403258325,3344642,65535
3,GPU queue 0,Memory Unmap,181403280899,181403282251,1352,65535
3,GPU queue 0,Memory Map,181414689097,181414690023,926,65535
3,GPU queue 0,Inverse Signal FFT,181403283195,181414662857,11379662,65535
3,GPU queue 0,Memory Unmap,181414700060,181414701097,1037,65535
3,GPU queue 0,Forward Signal FFT,181414702060,181426206499,11504439,65535
3,GPU queue 0,Memory Map,181426243925,181426244740,815,65535
3,GPU queue 0,Multiply Kernel,181426252444,181429576048,3323604,65535
3,GPU queue 0,Memory Unmap,181429597789,181429598863,1074,65535
3,GPU queue 0,Memory Map,181441041450,181441042283,833,65535
3,GPU queue 0,Inverse Signal FFT,181429599770,181441014969,11415199,65535
3,GPU queue 0,Memory Unmap,181441052320,181441053765,1445,65535
3,GPU queue 0,Forward Signal FFT,181441054394,181452538074,11483680,65535
3,GPU queue 0,Memory Map,181452569037,181452570259,1222,65535
3,GPU queue 0,Multiply Kernel,181452578463,181455902123,3323660,65535
3,GPU queue 0,Memory Unmap,181455925253,181455926697,1444,65535
3,GPU queue 0,Memory Map,181467361784,181467362581,797,65535
3,GPU queue 0,Inverse Signal FFT,181455927919,181467343192,11415273,65535
3,GPU queue 0,Memory Unmap,181467372062,181467373155,1093,65535
3,GPU queue 0,Forward Signal FFT,181467374025,181478866668,11492643,65535
3,GPU queue 0,Memory Map,181478893223,181478894094,871,65535
3,GPU queue 0,Multiply Kernel,181478901760,181482233216,3331456,65535
3,GPU queue 0,Memory Unmap,181482260272,181482261383,1111,65535
3,GPU queue 0,Memory Map,181493691489,181493692859,1370,65535
3,GPU queue 0,Inverse Signal FFT,181482262179,181493659359,11397180,65535
3,GPU queue 0,Memory Unmap,181493705711,181493707026,1315,65535
3,GPU queue 0,Forward Signal FFT,181493707915,181505185947,11478032,65535
3,GPU queue 0,Memory Map,181505223743,181505224613,870,65535
3,GPU queue 0,Multiply Kernel,181505233484,181508562643,3329159,65535
3,GPU queue 0,Memory Unmap,181508582940,181508584421,1481,65535
3,GPU queue 0,Memory Map,181520018046,181520019268,1222,65535
3,GPU queue 0,Inverse Signal FFT,181508585625,181519992712,11407087,65535
3,GPU queue 0,Memory Unmap,181520029175,181520030416,1241,65535
3,GPU queue 0,Forward Signal FFT,181520031323,181531526374,11495051,65535
3,GPU queue 0,Memory Map,181531556022,181531557281,1259,65535
3,GPU queue 0,Multiply Kernel,181531565540,181534894089,3328549,65535
3,GPU queue 0,Memory Unmap,181534920996,181534922200,1204,65535
3,GPU queue 0,Memory Map,181546350509,181546351713,1204,65535
3,GPU queue 0,Inverse Signal FFT,181534922978,181546321713,11398735,65535
3,GPU queue 0,Memory Unmap,181546362158,181546363695,1537,65535
3,GPU queue 0,Forward Signal FFT,181546364565,181557845671,11481106,65535
3,GPU queue 0,Memory Map,181557870449,181557871541,1092,65535
3,GPU queue 0,Multiply Kernel,181557879467,181561229442,3349975,65535
3,GPU queue 0,Memory Unmap,181561250645,181561251738,1093,65535
3,GPU queue 0,Memory Map,181572672399,181572673381,982,65535
3,GPU queue 0,Inverse Signal FFT,181561252645,181572646862,11394217,65535
3,GPU queue 0,Memory Unmap,181572683399,181572684622,1223,65535
3,GPU queue 0,Forward Signal FFT,181572685566,181584168709,11483143,65535
3,GPU queue 0,Memory Map,181584196505,181584197301,796,65535
3,GPU queue 0,Multiply Kernel,181584205598,181587529443,3323845,65535
3,GPU queue 0,Memory Unmap,181587560480,181587561572,1092,65535
3,GPU queue 0,Memory Map,181598981826,181598982752,926,65535
3,GPU queue 0,Inverse Signal FFT,181587562665,181598956511,11393846,65535
3,GPU queue 0,Memory Unmap,181598992141,181598993308,1167,65535
3,GPU queue 0,Forward Signal FFT,181598994234,181610469691,11475457,65535
3,GPU queue 0,Memory Map,181610496228,181610497302,1074,65535
3,GPU queue 0,Multiply Kernel,181610505302,181613823629,3318327,65535
3,GPU queue 0,Memory Unmap,181613843018,181613844351,1333,65535
3,GPU queue 0,Memory Map,181625281494,181625282253,759,65535
3,GPU queue 0,Inverse Signal FFT,181613845184,181625257420,11412236,65535
3,GPU queue 0,Memory Unmap,181625292568,181625293605,1037,65535
3,GPU queue 0,Forward Signal FFT,181625294494,181636776785,11482291,65535
3,GPU queue 0,Memory Map,181636800766,181636801581,815,65535
3,GPU queue 0,Multiply Kernel,181636810155,181640157352,3347197,65535
3,GPU queue 0,Memory Unmap,181640187870,181640189315,1445,65535
3,GPU queue 0,Memory Map,181651616884,181651617624,740,65535
3,GPU queue 0,Inverse Signal FFT,181640190315,181651597865,11407550,65535
3,GPU queue 0,Memory Unmap,181651626865,181651627865,1000,65535
3,GPU queue 0,Forward Signal FFT,181651628699,181663108249,11479550,65535
3,GPU queue 0,Memory Map,181663135064,181663135897,833,65535
3,GPU queue 0,Multiply Kernel,181663144249,181666456186,3311937,65535
3,GPU queue 0,Memory Unmap,181666478834,181666479946,1112,65535
3,GPU queue 0,Memory Map,181677879922,181677880885,963,65535
3,GPU queue 0,Inverse Signal FFT,181666480853,181677850255,11369402,65535
3,GPU queue 0,Memory Unmap,181677890922,181677892292,1370,65535
3,GPU queue 0,Forward Signal FFT,181677893292,181689338935,11445643,65535
3,GPU queue 0,Memory Map,181689365250,181689366028,778,65535
3,GPU queue 0,Multiply Kernel,181689374083,181692680984,3306901,65535
3,GPU queue 0,Memory Unmap,181692703095,181692704428,1333,65535
3,GPU queue 0,Memory Map,181704120942,181704121923,981,65535
3,GPU queue 0,Inverse Signal FFT,181692705391,181704092201,11386810,65535
3,GPU queue 0,Memory Unmap,181704132516,181704133756,1240,65535
3,GPU queue 0,Forward Signal FFT,181704134553,181715591288,11456735,65535
3,GPU queue 0,Memory Map,181715616955,181715618029,1074,65535
3,GPU queue 0,Multiply Kernel,181715625881,181718934522,3308641,65535
3,GPU queue 0,Memory Unmap,181718962114,181718963281,1167,65535
3,GPU queue 0,Memory Map,181730387720,181730388980,1260,65535
3,GPU queue 0,Inverse Signal FFT,181718964318,181730360091,11395773,65535
3,GPU queue 0,Memory Unmap,181730398887,181730400257,1370,65535
3,GPU queue 0,Forward Signal FFT,181730401091,181741835808,11434717,65535
3,GPU queue 0,Memory Map,181741867011,181741867937,926,65535
3,GPU queue 0,Multiply Kernel,181741876530,181745199708,3323178,65535
3,GPU queue 0,Memory Unmap,181745237486,181745238690,1204,65535
3,GPU queue 0,Memory Map,181756642147,181756642888,741,65535
3,GPU queue 0,Inverse Signal FFT,181745239412,181756623925,11384513,65535
3,GPU queue 0,Memory Unmap,181756652907,181756653999,1092,65535
3,GPU queue 0,Forward Signal FFT,181756654777,181768075513,11420736,65535
3,GPU queue 0,Memory Map,181768101753,181768102642,889,65535
3,GPU queue 0,Multiply Kernel,181768111068,181771414876,3303808,65535
3,GPU queue 0,Memory Unmap,181771443191,181771444709,1518,65535
3,GPU queue 0,Memory Map,181782874908,181782875815,907,65535
3,GPU queue 0,Inverse Signal FFT,181771445543,181782848538,11402995,65535
3,GPU queue 0,Memory Unmap,181782885593,181782886778,1185,65535
3,GPU queue 0,Forward Signal FFT,181782887575,181794321199,11433624,65535
3,GPU queue 0,Memory Map,181794345088,181794345847,759,65535
3,GPU queue 0,Multiply Kernel,181794353717,181797658544,3304827,65535
3,GPU queue 0,Memory Unmap,181797678673,181797679877,1204,65535
3,GPU queue 0,Memory Map,181809104724,181809105594,870,65535
3,GPU queue 0,Inverse Signal FFT,181797681229,181809076705,11395476,65535
3,GPU queue 0,Memory Unmap,181809116594,181809117742,1148,65535
3,GPU queue 0,Forward Signal FFT,181809118631,181820565163,11446532,65535
3,GPU queue 0,Memory Map,181820594107,181820595070,963,65535
3,GPU queue 0,Multiply Kernel,181820603052,181823909489,3306437,65535
3,GPU queue 0,Memory Unmap,181823940341,181823941619,1278,65535
3,GPU queue 0,Memory Map,181835361521,181835362484,963,65535
3,GPU queue 0,Inverse Signal FFT,181823942526,181835338114,11395588,65535
3,GPU queue 0,Memory Unmap,181835373780,181835374984,1204,65535
3,GPU queue 0,Forward Signal FFT,181835375873,181846798590,11422717,65535
3,GPU queue 0,Memory Map,181846827220,181846827979,759,65535
3,GPU queue 0,Multiply Kernel,181846836183,181850138231,3302048,65535
3,GPU queue 0,Memory Unmap,181850160435,181850161787,1352,65535
3,GPU queue 0,Memory Map,181861577800,181861578634,834,65535
3,GPU queue 0,Inverse Signal FFT,181850162972,181861552152,11389180,65535
3,GPU queue 0,Memory Unmap,181861588689,181861589800,1111,65535
3,GPU queue 0,Forward Signal FFT,181861590578,181873025369,11434791,65535
3,GPU queue 0,Memory Map,181873050739,181873051628,889,65535
3,GPU queue 0,Multiply Kernel,181873059276,181876351696,3292420,65535
3,GPU queue 0,Memory Unmap,181876376029,181876377492,1463,65535
3,GPU queue 0,Memory Map,181887801005,181887802227,1222,65535
3,GPU queue 0,Inverse Signal FFT,181876378547,181887775061,11396514,65535
3,GPU queue 0,Memory Unmap,181887811820,181887812931,1111,65535
3,GPU queue 0,Forward Signal FFT,181887813727,181899255611,11441884,65535
3,GPU queue 0,Memory Map,181899282463,181899283185,722,65535
3,GPU queue 0,Multiply Kernel,181899291444,181902602604,3311160,65535
3,GPU queue 0,Memory Unmap,181902631956,181902633030,1074,65535
3,GPU queue 0,Memory Map,181914036377,181914037080,703,65535
3,GPU queue 0,Inverse Signal FFT,181902633789,181914016543,11382754,65535
3,GPU queue 0,Memory Unmap,181914046099,181914046840,741,65535
3,GPU queue 0,Forward Signal FFT,181914047562,181925469446,11421884,65535
3,GPU queue 0,Memory Map,181925503094,181925504168,1074,65535
3,GPU queue 0,Multiply Kernel,181925513094,181928829013,3315919,65535
3,GPU queue 0,Memory Unmap,181928852568,181928853735,1167,65535
3,GPU queue 0,Memory Map,181940270174,181940270896,722,65535
3,GPU queue 0,Inverse Signal FFT,181928854679,181940249063,11394384,65535
3,GPU queue 0,Memory Unmap,181940280711,181940281804,1093,65535
3,GPU queue 0,Forward Signal FFT,181940282656,181951715743,11433087,65535
3,GPU queue 0,Memory Map,181951746928,181951748113,1185,65535
3,GPU queue 0,Multiply Kernel,181951757058,181955058921,3301863,65535
3,GPU queue 0,Memory Unmap,181955088717,181955089958,1241,65535
3,GPU queue 0,Memory Map,181966515268,181966516009,741,65535
3,GPU queue 0,Inverse Signal FFT,181955091217,181966495823,11404606,65535
3,GPU queue 0,Memory Unmap,181966525842,181966526823,981,65535
3,GPU queue 0,Forward Signal FFT,181966527620,181977953244,11425624,65535
3,GPU queue 0,Memory Map,181977979207,181977980003,796,65535
3,GPU queue 0,Multiply Kernel,181977987559,181981288570,3301011,65535
3,GPU queue 0,Memory Unmap,181981314607,181981315719,1112,65535
3,GPU queue 0,Memory Map,181992734362,181992735510,1148,65535
3,GPU queue 0,Inverse Signal FFT,181981316682,181992703047,11386365,65535
3,GPU queue 0,Memory Unmap,181992745528,181992747158,1630,65535
3,GPU queue 0,Forward Signal FFT,181992748084,182004239856,11491772,65535
3,GPU queue 0,Memory Map,182004271282,182004272504,1222,65535
3,GPU queue 0,Multiply Kernel,182004280782,182007587460,3306678,65535
3,GPU queue 0,Memory Unmap,182007622257,182007623460,1203,65535
3,GPU queue 0,Memory Map,182019059326,182019060751,1425,65535
3,GPU queue 0,Inverse Signal FFT,182007624442,182019033844,11409402,65535
3,GPU queue 0,Memory Unmap,182019072122,182019073344,1222,65535
3,GPU queue 0,Forward Signal FFT,182019074177,182030507839,11433662,65535
3,GPU queue 0,Memory Map,182030541376,182030542487,1111,65535
3,GPU queue 0,Multiply Kernel,182030551728,182033849869,3298141,65535
3,GPU queue 0,Memory Unmap,182033881054,182033882147,1093,65535
3,GPU queue 0,Memory Map,182045315512,182045316419,907,65535
3,GPU queue 0,Inverse Signal FFT,182033883017,182045290845,11407828,65535
3,GPU queue 0,Memory Unmap,182045326660,182045328049,1389,65535
3,GPU queue 0,Forward Signal FFT,182045329049,182056757544,11428495,65535
3,GPU queue 0,Memory Map,182056783951,182056785025,1074,65535
3,GPU queue 0,Multiply Kernel,182056794303,182060089037,3294734,65535
3,GPU queue 0,Memory Unmap,182060111426,182060112833,1407,65535
3,GPU queue 0,Memory Map,182071536828,182071537883,1055,65535
3,GPU queue 0,Inverse Signal FFT,182060114037,182071511828,11397791,65535
3,GPU queue 0,Memory Unmap,182071548254,182071549439,1185,65535
3,GPU queue 0,Forward Signal FFT,182071550365,182082969434,11419069,65535
3,GPU queue 0,Memory Map,182082996656,182082997600,944,65535
3,GPU queue 0,Multiply Kernel,182083006156,182086311408,3305252,65535
3,GPU queue 0,Memory Unmap,182086336797,182086337982,1185,65535
3,GPU queue 0,Memory Map,182097761088,182097762014,926,65535
3,GPU queue 0,Inverse Signal FFT,182086339186,182097737051,11397865,65535
3,GPU queue 0,Memory Unmap,182097772959,182097774366,1407,65535
3,GPU queue 0,Forward Signal FFT,182097775310,182109209879,11434569,65535
3,GPU queue 0,Memory Map,182109251231,182109252027,796,65535
3,GPU queue 0,Multiply Kernel,182109261509,182112553872,3292363,65535
3,GPU queue 0,Memory Unmap,182112577909,182112579317,1408,65535
3,GPU queue 0,Memory Map,182123994108,182123994923,815,65535
3,GPU queue 0,Inverse Signal FFT,182112580669,182123974663,11393994,65535
3,GPU queue 0,Memory Unmap,182124004460,182124005349,889,65535
3,GPU queue 0,Forward Signal FFT,182124006126,182135430732,11424606,65535
3,GPU queue 0,Memory Map,182135458251,182135459066,815,65535
3,GPU queue 0,Multiply Kernel,182135466917,182138763188,3296271,65535
3,GPU queue 0,Memory Unmap,182138783762,182138785281,1519,65535
3,GPU queue 0,Memory Map,182150211276,182150212091,815,65535
3,GPU queue 0,Inverse Signal FFT,182138786188,182150181868,11395680,65535
3,GPU queue 0,Memory Unmap,182150233053,182150234257,1204,65535
3,GPU queue 0,Forward Signal FFT,182150235165,182161677530,11442365,65535
3,GPU queue 0,Memory Map,182161703789,182161704659,870,65535
3,GPU queue 0,Multiply Kernel,182161712159,182165004023,3291864,65535
3,GPU queue 0,Memory Unmap,182165033171,182165034486,1315,65535
3,GPU queue 0,Memory Map,182176450203,182176451036,833,65535
3,GPU queue 0,Inverse Signal FFT,182165035597,182176428351,11392754,65535
3,GPU queue 0,Memory Unmap,182176461277,182176462499,1222,65535
3,GPU queue 0,Forward Signal FFT,182176463425,182187880290,11416865,65535
3,GPU queue 0,Memory Map,182187906827,182187907568,741,65535
3,GPU queue 0,Multiply Kernel,182187915346,182191222080,3306734,65535
3,GPU queue 0,Memory Unmap,182191242635,182191243857,1222,65535
3,GPU queue 0,Memory Map,182202667593,182202668574,981,65535
3,GPU queue 0,Inverse Signal FFT,182191244783,182202641445,11396662,65535
3,GPU queue 0,Memory Unmap,182202678241,182202679371,1130,65535
3,GPU queue 0,Forward Signal FFT,182202680315,182214118773,11438458,65535
3,GPU queue 0,Memory Map,182214145402,182214146365,963,65535
3,GPU queue 0,Multiply Kernel,182214153736,182217459396,3305660,65535
3,GPU queue 0,Memory Unmap,182217486636,182217487766,1130,65535
3,GPU queue 0,Memory Map,182228903631,182228904853,1222,65535
3,GPU queue 0,Inverse Signal FFT,182217488581,182228871983,11383402,65535
3,GPU queue 0,Memory Unmap,182228915798,182228917168,1370,65535
3,GPU queue 0,Forward Signal FFT,182228918131,182240354607,11436476,65535
3,GPU queue 0,Memory Map,182240381570,182240382459,889,65535
3,GPU queue 0,Multiply Kernel,182240391292,182243699304,3308012,65535
3,GPU queue 0,Memory Unmap,182243725434,182243726452,1018,65535
3,GPU queue 0,Memory Map,182255131966,182255132947,981,65535
3,GPU queue 0,Inverse Signal FFT,182243727304,182255112484,11385180,65535
3,GPU queue 0,Memory Unmap,182255142077,182255142910,833,65535
3,GPU queue 0,Forward Signal FFT,182255143873,182266591349,11447476,65535
3,GPU queue 0,Memory Map,182266622442,182266623664,1222,65535
3,GPU queue 0,Multiply Kernel,182266632497,182269927305,3294808,65535
3,GPU queue 0,Memory Unmap,182269954879,182269956472,1593,65535
3,GPU queue 0,Memory Map,182281384356,182281385189,833,65535
3,GPU queue 0,Inverse Signal FFT,182269957490,182281363893,11406403,65535
3,GPU queue 0,Memory Unmap,182281395078,182281396041,963,65535
3,GPU queue 0,Forward Signal FFT,182281396819,182292822573,11425754,65535
3,GPU queue 0,Memory Map,182292857647,182292858795,1148,65535
3,GPU queue 0,Multiply Kernel,182292867350,182296165714,3298364,65535
3,GPU queue 0,Memory Unmap,182296193362,182296194362,1000,65535
3,GPU queue 0,Memory Map,182307614857,182307615783,926,65535
3,GPU queue 0,Inverse Signal FFT,182296195307,182307596450,11401143,65535
3,GPU queue 0,Memory Unmap,182307624987,182307625820,833,65535
3,GPU queue 0,Forward Signal FFT,182307626672,182319056556,11429884,65535
3,GPU queue 0,Memory Map,182319082501,182319083205,704,65535
3,GPU queue 0,Multiply Kernel,182319090797,182322402068,3311271,65535
3,GPU queue 0,Memory Unmap,182322429105,182322430327,1222,65535
3,GPU queue 0,Memory Map,182333849415,182333850600,1185,65535
3,GPU queue 0,Inverse Signal FFT,182322431272,182333822212,11390940,65535
3,GPU queue 0,Memory Unmap,182333861767,182333863026,1259,65535
3,GPU queue 0,Forward Signal FFT,182333863952,182345319910,11455958,65535
3,GPU queue 0,Memory Map,182345346725,182345347559,834,65535
3,GPU queue 0,Multiply Kernel,182345355614,182348657774,3302160,65535
3,GPU queue 0,Memory Unmap,182348680422,182348681441,1019,65535
3,GPU queue 0,Memory Map,182360086177,182360087066,889,65535
3,GPU queue 0,Inverse Signal FFT,182348682255,182360067306,11385051,65535
3,GPU queue 0,Memory Unmap,182360096084,182360096732,648,65535
3,GPU queue 0,Forward Signal FFT,182360097603,182371532950,11435347,65535
3,GPU queue 0,Memory Map,182371558727,182371559505,778,65535
3,GPU queue 0,Multiply Kernel,182371567098,182374872721,3305623,65535
3,GPU queue 0,Memory Unmap,182374903091,182374904184,1093,65535
3,GPU queue 0,Memory Map,182386329253,182386330753,1500,65535
3,GPU queue 0,Inverse Signal FFT,182374905054,182386298383,11393329,65535
3,GPU queue 0,Memory Unmap,182386341160,182386342494,1334,65535
3,GPU queue 0,Forward Signal FFT,182386343512,182397773193,11429681,65535
3,GPU queue 0,Memory Map,182397802507,182397803619,1112,65535
3,GPU queue 0,Multiply Kernel,182397811933,182401105316,3293383,65535
3,GPU queue 0,Memory Unmap,182401133853,182401135223,1370,65535
3,GPU queue 0,Memory Map,182412559866,182412560514,648,65535
3,GPU queue 0,Inverse Signal FFT,182401136001,182412539811,11403810,65535
3,GPU queue 0,Memory Unmap,182412569848,182412570811,963,65535
3,GPU queue 0,Forward Signal FFT,182412571607,182424017584,11445977,65535
3,GPU queue 0,Memory Map,182424043824,182424044750,926,65535
3,GPU queue 0,Multiply Kernel,182424052213,182427346910,3294697,65535
3,GPU queue 0,Memory Unmap,182427371225,182427372355,1130,65535
3,GPU queue 0,Memory Map,182438794757,182438796128,1371,65535
3,GPU queue 0,Inverse Signal FFT,182427373521,182438766998,11393477,65535
3,GPU queue 0,Memory Unmap,182438806702,182438807980,1278,65535
3,GPU queue 0,Forward Signal FFT,182438809498,182450236086,11426588,65535
3,GPU queue 0,Memory Map,182450267345,182450268512,1167,65535
3,GPU queue 0,Multiply Kernel,182450277049,182453575357,3298308,65535
3,GPU queue 0,Memory Unmap,182453595987,182453597524,1537,65535
3,GPU queue 0,Memory Map,182465027630,182465028630,1000,65535
3,GPU queue 0,Inverse Signal FFT,182453598672,182465003371,11404699,65535
3,GPU queue 0,Memory Unmap,182465038167,182465039574,1407,65535
3,GPU queue 0,Forward Signal FFT,182465040482,182476477588,11437106,65535
3,GPU queue 0,Memory Map,182476503940,182476504681,741,65535
3,GPU queue 0,Multiply Kernel,182476512644,182479816007,3303363,65535
3,GPU queue 0,Memory Unmap,182479843563,182479844693,1130,65535
3,GPU queue 0,Memory Map,182491266521,182491267262,741,65535
3,GPU queue 0,Inverse Signal FFT,182479845600,182491235447,11389847,65535
3,GPU queue 0,Memory Unmap,182491276984,182491278280,1296,65535
3,GPU queue 0,Forward Signal FFT,182491279040,182502728572,11449532,65535
3,GPU queue 0,Memory Map,182502759701,182502760942,1241,65535
3,GPU queue 0,Multiply Kernel,182502770016,182506076269,3306253,65535
3,GPU queue 0,Memory Unmap,182506097695,182506099250,1555,65535
3,GPU queue 0,Memory Map,182517527264,182517528357,1093,65535
3,GPU queue 0,Inverse Signal FFT,182506100510,182517504542,11404032,65535
3,GPU queue 0,Memory Unmap,182517538579,182517539634,1055,65535
3,GPU queue 0,Forward Signal FFT,182517540523,182528979796,11439273,65535
3,GPU queue 0,Memory Map,182529008518,182529009407,889,65535
3,GPU queue 0,Multiply Kernel,182529017444,182532316104,3298660,65535
3,GPU queue 0,Memory Unmap,182532342530,182532343752,1222,65535
3,GPU queue 0,Memory Map,182543778377,182543779248,871,65535
3,GPU queue 0,Inverse Signal FFT,182532344827,182543750729,11405902,65535
3,GPU queue 0,Memory Unmap,182543789840,182543791248,1408,65535
3,GPU queue 0,Forward Signal FFT,182543792266,182555246669,11454403,65535
3,GPU queue 0,Memory Map,182555273243,182555274150,907,65535
3,GPU queue 0,Multiply Kernel,182555281743,182558574273,3292530,65535
3,GPU queue 0,Memory Unmap,182558600421,182558601551,1130,65535
3,GPU queue 0,Memory Map,182570004343,182570005102,759,65535
3,GPU queue 0,Inverse Signal FFT,182558602458,182569985250,11382792,65535
3,GPU queue 0,Memory Unmap,182570014194,182570015009,815,65535
3,GPU queue 0,Forward Signal FFT,182570015787,182581439653,11423866,65535
3,GPU queue 0,Memory Map,182581473727,182581474782,1055,65535
3,GPU queue 0,Multiply Kernel,182581484023,182584748664,3264641,65535
3,GPU queue 0,Memory Unmap,182584776942,182584778146,1204,65535
3,GPU queue 0,Memory Map,182596198456,182596199308,852,65535
3,GPU queue 0,Inverse Signal FFT,182584779072,182596178271,11399199,65535
3,GPU queue 0,Memory Unmap,182596209919,182596211011,1092,65535
3,GPU queue 0,Forward Signal FFT,182596211863,182607647748,11435885,65535
3,GPU queue 0,Memory Map,182607677303,182607678210,907,65535
3,GPU queue 0,Multiply Kernel,182607685673,182610924130,3238457,65535
3,GPU queue 0,Memory Unmap,182610943222,182610944722,1500,65535
3,GPU queue 0,Memory Map,182622372292,182622373088,796,65535
3,GPU queue 0,Inverse Signal FFT,182610945648,182622348532,11402884,65535
3,GPU queue 0,Memory Unmap,182622382292,182622383458,1166,65535
3,GPU queue 0,Forward Signal FFT,182622384199,182633810157,11425958,65535
3,GPU queue 0,Memory Map,182633836805,182633837750,945,65535
3,GPU queue 0,Multiply Kernel,182633845546,182637075410,3229864,65535
3,GPU queue 0,Memory Unmap,182637101151,182637102465,1314,65535
3,GPU queue 0,Memory Map,182648515238,182648515979,741,65535
3,GPU queue 0,Inverse Signal FFT,182637103502,182648493220,11389718,65535
3,GPU queue 0,Memory Unmap,182648525146,182648526201,1055,65535
3,GPU queue 0,Forward Signal FFT,182648526924,182659957400,11430476,65535
3,GPU queue 0,Memory Map,182659983160,182659984197,1037,65535
3,GPU queue 0,Multiply Kernel,182659992067,182663130857,3138790,65535
3,GPU queue 0,Memory Unmap,182663154616,182663155875,1259,65535
3,GPU queue 0,Memory Map,182674568760,182674569741,981,65535
3,GPU queue 0,Inverse Signal FFT,182663156727,182674548445,11391718,65535
3,GPU queue 0,Memory Unmap,182674579260,182674580482,1222,65535
3,GPU queue 0,Forward Signal FFT,182674581426,182686028847,11447421,65535
3,GPU queue 0,Memory Map,182686053347,182686054014,667,65535
3,GPU queue 0,Multiply Kernel,182686060458,182689192526,3132068,65535
3,GPU queue 0,Memory Unmap,182689205100,182689206489,1389,65535
3,GPU queue 0,Memory Map,182700627596,182700628225,629,65535
3,GPU queue 0,Inverse Signal FFT,182689207489,182700601133,11393644,65535
3,GPU queue 0,Memory Map,178671098532,178671099624,1092,65535
3,GPU queue 0,Filter FFT,178671444216,178671965474,521258,65535
1,FFT Execution,FFT Execution Time,178672026875,180014718503,1342691628,65535
3,GPU queue 0,Memory Map,180014786714,180014787566,852,65535
3,GPU queue 0,Filter FFT,180015043232,180015565379,522147,65535
1,FFT Execution,FFT Execution Time,180015629781,181357864984,1342235203,65535
3,GPU queue 0,Memory Map,181357927104,181357928048,944,65535
3,GPU queue 0,Filter FFT,181358172844,181358694917,522073,65535
1,FFT Execution,FFT Execution Time,181358763780,182701103650,1342339870,65535
0,Convolution,Total Execution,182701197261,213991447631,31290250370,65535
0,Convolution,Convolution,182701198261,184266232501,1565034240,65535
0,Convolution,Convolution,184266234001,185829298592,1563064591,65535
0,Convolution,Convolution,185829299667,187392608277,1563308610,65535
0,Convolution,Convolution,187392609480,188955781498,1563172018,65535
0,Convolution,Convolution,188955782609,190520298201,1564515592,65535
0,Convolution,Convolution,190520300830,192086018496,1565717666,65535
0,Convolution,Convolution,192086019978,193651247032,1565227054,65535
0,Convolution,Convolution,193651248551,195216567846,1565319295,65535
0,Convolution,Convolution,195216569050,196782820308,1566251258,65535
0,Convolution,Convolution,196782821808,198347509863,1564688055,65535
0,Convolution,Convolution,198347511029,199911581640,1564070611,65535
0,Convolution,Convolution,199911582936,201476714935,1565131999,65535
0,Convolution,Convolution,201476716083,203041963379,1565247296,65535
0,Convolution,Convolution,203041964804,204606680952,1564716148,65535
0,Convolution,Convolution,204606682063,206171774321,1565092258,65535
0,Convolution,Convolution,206171775784,207736500024,1564724240,65535
0,Convolution,Convolution,207736501450,209301989430,1565487980,65535
0,Convolution,Convolution,209301990578,210865125689,1563135111,65535
0,Convolution,Convolution,210865126837,212428333299,1563206462,65535
0,Convolution,Convolution,212428334984,213991446483,1563111499,65535
