,Device,frequency_component,operating_frequency_mhz,Algorithm,Threads,variant,kernel_runtime,roi_runtime,run_power_w,energy_j,edp_j_s,kernel_runtime_std,roi_runtime_std,run_power_w_std,energy_j_std,edp_j_s_std
0,JetsonOrinNanoSuper,GPU,408.0,BFS,,CUDA→ONS,320.093639,393.43000614285717,12.527857142857142,4.010067778325357,1.2836231581554058,1.7328747009463605,1.7909786117396258,0.015574322579474241,0.017684348461858672,0.012580394325432223
1,JetsonOrinNanoSuper,GPU,408.0,BFS,,clvk→ONS,361.8991375,566.7384993333334,11.359935897435898,4.111152809690705,1.4878236790276755,0.19762127142567462,1.250073827844368,0.03248615241328708,0.012693540082208058,0.005041686071814217
2,JetsonOrinNanoSuper,GPU,408.0,FFT,,CUDA→ONS,0.10724528571428571,0.32974699999999996,9.940336134453782,0.0010660580924369747,1.1433048530194369e-07,0.00020627466663465885,0.0063225203571571536,0.052851620487014334,6.785082717556751e-06,8.862763387431065e-10
3,JetsonOrinNanoSuper,GPU,408.0,FFT,,clvk→ONS,0.05213316666666667,2.890515333333333,9.714285714285714,0.0005064362797619048,2.6402151073891666e-08,6.511349066565485e-05,0.06929046551630791,0.010101525445522508,6.624164214421765e-07,6.169961486736671e-11
4,JetsonOrinNanoSuper,GPU,408.0,KMeans,,CUDA→ONS,792.1912464285714,810.9166471428572,11.80765306122449,9.353917739593879,7.410101840510999,1.0608639656754497,1.082317820751159,0.01358842473159006,0.015388792914493903,0.020539030855097312
5,JetsonOrinNanoSuper,GPU,408.0,KMeans,,clvk→ONS,736.1246056666668,782.9192503333334,10.822023809523811,7.966351390276191,5.864256603066546,1.9479022594899897,1.952478761778549,0.021831528720144138,0.023987530310161084,0.031102366141434013
6,JetsonOrinNanoSuper,GPU,408.0,SPMV,1.0,CUDA→ONS,9.369628285714287,37.830562,13.033395176252318,0.12211808680139145,0.001144201265936014,0.0009663020083950723,0.06684771300999437,0.03334919186807902,0.00032116142021774416,3.092973984946203e-06
7,JetsonOrinNanoSuper,GPU,408.0,SPMV,,clvk→ONS,12.027688500000002,94.19068399999999,10.531818181818181,0.12667346954621211,0.0015235945489465144,0.023924219926676534,0.24525013805582185,0.011853095282187278,0.0003103222325479064,6.575775337604746e-06
8,JetsonOrinNanoSuper,GPU,408.0,SRAD,,CUDA→ONS,17.81706133333333,32.262504,12.026785714285714,0.21428177750119048,0.003817881703449079,0.03700371634669627,0.0714928244511304,0.02267224321157667,0.0005072030049806803,1.5404479422325136e-05
9,JetsonOrinNanoSuper,GPU,408.0,SRAD,,clvk→ONS,11.276156833333333,18.94626033333333,13.913333333333334,0.15688939542666666,0.0017691403973161995,0.04705024492355736,0.2794479424734886,0.03559026084010435,0.0008763127795210364,1.6856036611005398e-05
10,JetsonOrinNanoSuper,GPU,510.0,BFS,,CUDA→ONS,260.9547738333333,333.8550221666667,13.23627450980392,3.4540601150019605,0.901360294483213,0.9112074172558933,0.9268068826359562,0.053644564785507415,0.01634265634486857,0.006546090612734364
11,JetsonOrinNanoSuper,GPU,510.0,BFS,,clvk→ONS,297.77465766666666,503.4363405,11.693840579710146,3.482130061048189,1.0368910047049287,0.27061098410423867,0.6145619770648804,0.006058421729297856,0.004359146535420748,0.0022033680996616
12,JetsonOrinNanoSuper,GPU,510.0,FFT,,CUDA→ONS,0.08939649999999999,0.2961821666666667,10.150980392156862,0.0009074628161764705,8.112593317497892e-08,0.0004700752067488785,0.007842111205961459,0.026350490082090703,5.471139631580545e-06,8.939515657737179e-10
13,JetsonOrinNanoSuper,GPU,510.0,FFT,,clvk→ONS,0.043596666666666666,2.7713291666666664,9.866071428571429,0.00043013192142857146,1.875520033244762e-08,0.00057333329457364,0.11111099084504042,0.019788421681706587,6.084077566981369e-06,5.118504200061378e-10
14,JetsonOrinNanoSuper,GPU,510.0,KMeans,,CUDA→ONS,735.6069495,753.3775415,12.051136363636365,8.864900557765639,6.521090955354512,0.883786580525602,0.9182762688238948,0.027962632885965732,0.023579037145640244,0.02225622434945249
15,JetsonOrinNanoSuper,GPU,510.0,KMeans,,clvk→ONS,704.3475121666667,751.0615381666667,11.018722943722944,7.761008364841612,5.466448016951322,0.5008919338106248,0.47293794999528793,0.05223527199949603,0.03676253708184426,0.02644856996993893
16,JetsonOrinNanoSuper,GPU,510.0,SPMV,1.0,CUDA→ONS,7.586507666666667,36.047866666666664,13.202321428571429,0.10015949183148809,0.0007598606302412903,0.001813995553100028,0.06015877416858832,0.046491029417798244,0.0003463029949219281,2.5904860108306207e-06
17,JetsonOrinNanoSuper,GPU,510.0,SPMV,,clvk→ONS,9.748387333333334,91.717315,10.664393939393937,0.10396075071969696,0.0010134522193528488,0.012989805705501355,0.37664695734441106,0.02866400782083024,0.00035268422098371177,4.45983128917577e-06
18,JetsonOrinNanoSuper,GPU,510.0,SRAD,,CUDA→ONS,14.298057,25.858367333333334,12.836363636363636,0.18353470498333335,0.002624188847654895,0.01990058371003223,0.038816410471173145,0.02619065507434096,0.00022253726089087255,4.2736609801306326e-06
19,JetsonOrinNanoSuper,GPU,510.0,SRAD,,clvk→ONS,9.2573325,15.368775666666666,14.973333333333334,0.138613022675,0.0012831945926803263,0.02641073874582082,0.15892012721951382,0.02065591117977425,0.0003983895931171144,7.145598575048485e-06
20,JetsonOrinNanoSuper,GPU,612.0,BFS,,CUDA→ONS,221.99840483333332,294.6866265,13.758333333333333,3.0542653274931375,0.6780329869690322,0.6519986041102931,0.6903394341411501,0.19657461728686254,0.03893963775716121,0.007975661361461816
21,JetsonOrinNanoSuper,GPU,612.0,BFS,,clvk→ONS,255.33170166666665,462.1704511666667,12.006666666666666,3.0656809658383337,0.782765420877832,0.1756021070507572,0.7513672270551781,0.021428174599500128,0.0047026238137413846,0.0012291673686599999
22,JetsonOrinNanoSuper,GPU,612.0,FFT,,CUDA→ONS,0.07835183333333333,0.2724801666666667,10.366071428571429,0.0008122099291666667,6.364074837905179e-08,0.00046771248290660756,0.006206692208146491,0.04045342497041221,7.174607334616342e-06,9.267100736595721e-10
23,JetsonOrinNanoSuper,GPU,612.0,FFT,,clvk→ONS,0.037850833333333334,1.8405375,9.986742424242424,0.00037800625243506494,1.4308030825570617e-08,0.0001508302577955324,0.879338774712852,0.0074814006365354945,1.4509749116869347e-06,1.1154318557620344e-10
24,JetsonOrinNanoSuper,GPU,612.0,KMeans,,CUDA→ONS,700.0700728333333,717.2263256666666,12.218181818181819,8.55357703366212,5.988109900750971,1.0438131313300543,1.06080588522157,0.013173978860172951,0.0107801282002725,0.015220862437895307
25,JetsonOrinNanoSuper,GPU,612.0,KMeans,,clvk→ONS,684.5534481666667,731.3492030000001,11.210606060606061,7.674267299879546,5.253453321387575,0.40370181086462004,0.5217119087914336,0.04959894249294857,0.03641265020871774,0.026861896178981357
26,JetsonOrinNanoSuper,GPU,612.0,SPMV,1.0,CUDA→ONS,6.431017166666667,34.92627916666667,13.339231601731603,0.08578487957148268,0.0005516844127676401,0.001994227009812609,0.0599365875819354,0.05615904000941775,0.0003766575602472708,2.529622085287628e-06
27,JetsonOrinNanoSuper,GPU,612.0,SPMV,,clvk→ONS,8.301499999999999,90.21058466666666,10.756060606060606,0.08929140612045454,0.0007412549669272693,0.017088084234343246,0.3465992011841154,0.011378777791222925,0.00018982831262126762,2.998685160360781e-06
28,JetsonOrinNanoSuper,GPU,612.0,SRAD,,CUDA→ONS,12.026718666666667,21.692764333333333,13.631818181818181,0.1639462042651515,0.0019717687043980543,0.05295871473390072,0.10205248107648644,0.015212000482437609,0.0007868168069476329,1.806332734186035e-05
29,JetsonOrinNanoSuper,GPU,612.0,SRAD,,clvk→ONS,8.030125,13.321159166666666,15.856666666666667,0.12733198522333333,0.0010225333785393216,0.05057145978909416,0.09012771499914228,0.027325202042559085,0.0009947033438031199,1.4439711772014719e-05
30,JetsonOrinNanoSuper,GPU,714.0,BFS,,CUDA→ONS,193.74362383333334,266.57669500000003,14.242261904761904,2.759390944468452,0.5346296471845088,0.7586155077332406,0.7112771710080539,0.193852151039356,0.04268560790190235,0.009620374042170863
31,JetsonOrinNanoSuper,GPU,714.0,BFS,,clvk→ONS,226.45722166666667,432.92829716666665,12.220416666666667,2.767402056860417,0.6266985092199138,0.14900122959850035,0.2937148417437612,0.01029765345438718,0.0034277772323028735,0.0011253162377659709
32,JetsonOrinNanoSuper,GPU,714.0,FFT,,CUDA→ONS,0.06915600000000001,0.2480455,10.548809523809524,0.0007295151517857143,5.0451317346524406e-08,0.0003109450112158067,0.004239911166522233,0.024187476379428276,4.066170459871744e-06,4.984812571504675e-10
33,JetsonOrinNanoSuper,GPU,714.0,FFT,,clvk→ONS,0.03471083333333334,2.2586321666666667,10.111904761904762,0.000350996641017316,1.2184523462131385e-08,0.000344078721612752,0.23784500961711763,0.020196440684877682,3.9998047427357725e-06,2.5963329998773894e-10
34,JetsonOrinNanoSuper,GPU,714.0,KMeans,,CUDA→ONS,676.4034353333333,693.1804866666666,12.378030303030306,8.372537157929546,5.663217169347231,0.8641044313661571,0.8838395927718251,0.01636784457673371,0.011625348004821756,0.013120827950716774
35,JetsonOrinNanoSuper,GPU,714.0,KMeans,,clvk→ONS,669.8975308333333,716.6047223333334,11.335606060606061,7.59369662096591,5.087000994769337,0.31952692411153066,0.3977396932435457,0.02672428348569357,0.01929089996554502,0.014211535922367884
36,JetsonOrinNanoSuper,GPU,714.0,SPMV,1.0,CUDA→ONS,5.625021833333334,34.133505,13.466666666666669,0.07575031043636364,0.00042609732400230427,0.0026972289051298286,0.04458720017224707,0.014564381625089357,0.00010492709625077636,7.534520757477632e-07
37,JetsonOrinNanoSuper,GPU,714.0,SPMV,,clvk→ONS,7.374083833333334,89.14775233333334,10.86287878787879,0.08010394090984849,0.000590699049986442,0.022738318217640215,0.16776276849607105,0.016618387373572133,0.00032740888835738473,4.180015560846997e-06
38,JetsonOrinNanoSuper,GPU,714.0,SRAD,,CUDA→ONS,10.42207,18.727209333333334,14.315624999999999,0.149197772509375,0.001554971346737991,0.04906352094581092,0.08948698162004719,0.019665165903190198,0.0005427690540606435,1.2901396426638072e-05
39,JetsonOrinNanoSuper,GPU,714.0,SRAD,,clvk→ONS,7.2810245,12.635938666666666,16.611666666666668,0.12095062384500001,0.0008806771948478516,0.04484187375991321,0.27789781530531404,0.019407902170680218,0.0008777526233790488,1.1821596619447481e-05
40,JetsonOrinNanoSuper,GPU,816.0,BFS,,CUDA→ONS,173.86351449999998,246.79166933333332,14.594047619047616,2.5373699850345237,0.44115776928500233,0.4186581482836647,0.4364702612140677,0.02277515055917768,0.006176453376302027,0.0020208168124919864
41,JetsonOrinNanoSuper,GPU,816.0,BFS,,clvk→ONS,209.05278733333333,415.69654583333335,12.428333333333333,2.598176585437917,0.5431566433661382,0.2822449848785138,0.29817072376770887,0.014548768561864189,0.0037976533436007986,0.0013900008705616486
42,JetsonOrinNanoSuper,GPU,816.0,FFT,,CUDA→ONS,0.06368,0.22752866666666668,10.717857142857142,0.0006825171232142857,4.346436549615417e-08,0.0003993048960381035,0.005519004825751346,0.029880715233360684,5.329424403120862e-06,6.016738206755932e-10
43,JetsonOrinNanoSuper,GPU,816.0,FFT,,clvk→ONS,0.03194983333333334,2.5639046666666663,10.204545454545455,0.0003260331242424242,1.0419100822172728e-08,0.0005322966904524848,0.09249862259226689,0.005749595745760895,5.406490758621831e-06,3.4569814514502897e-10
44,JetsonOrinNanoSuper,GPU,816.0,KMeans,,CUDA→ONS,665.348348,681.9858121666667,12.521969696969697,8.331473068659092,5.5433484080418856,1.2290352142333196,1.2691476743785641,0.04856763765098405,0.0361230967408336,0.03004259270986543
45,JetsonOrinNanoSuper,GPU,816.0,KMeans,,clvk→ONS,661.4170268333334,708.0933218333333,11.431818181818182,7.561196584340152,5.0011050064715645,0.5193248443428965,0.513377529070923,0.0121967344227244,0.0072782125328910595,0.006977046032726083
46,JetsonOrinNanoSuper,GPU,816.0,SPMV,1.0,CUDA→ONS,5.304621,33.8941595,13.534090909090908,0.07179310691515152,0.00038083483987557125,0.004536662385498805,0.12152426540860047,0.0447906055675451,0.00020066031472719796,9.433774917001898e-07
47,JetsonOrinNanoSuper,GPU,816.0,SPMV,,clvk→ONS,6.812119,88.72592566666667,10.974242424242425,0.0747579756378788,0.0005092632808586438,0.01539450837149392,0.2705542255886345,0.019213172708058456,0.0002627333452133274,2.8727875301316545e-06
48,JetsonOrinNanoSuper,GPU,816.0,SRAD,,CUDA→ONS,9.2644655,16.567793833333333,15.092708333333334,0.13982587769895835,0.0012954161259646137,0.018028063309739713,0.02928237460600919,0.009199750902424805,0.00028630616312045557,5.111685353492162e-06
49,JetsonOrinNanoSuper,GPU,816.0,SRAD,,clvk→ONS,6.9096581666666665,11.8339585,17.185,0.11874293498833333,0.0008205069127687356,0.04626122826478618,0.24006419677807028,0.02345207879911625,0.000888248177583015,1.1595558728943928e-05
50,JetsonOrinNanoSuper,GPU,918.0,BFS,,CUDA→ONS,164.50167083333335,236.68112266666665,15.217857142857142,2.5033604883791667,0.4118086735482995,0.4060087988403247,0.24461149649161956,0.02347382389307804,0.006202665323733505,0.0019346664528064026
51,JetsonOrinNanoSuper,GPU,918.0,BFS,,clvk→ONS,212.05632933333334,417.5483365,12.854583333333332,2.72589157914125,0.5780427814199214,0.3213659431848267,0.3271788654083421,0.02642993883206447,0.00459335541838955,0.0014204203884506134
52,JetsonOrinNanoSuper,GPU,918.0,FFT,,CUDA→ONS,0.05800833333333333,0.21135316666666668,11.126190476190475,0.0006454199059523809,3.7443433959475e-08,0.0005897333860878724,0.005669245784640744,0.04921146926767113,7.99991416464207e-06,8.341281953699622e-10
53,JetsonOrinNanoSuper,GPU,918.0,FFT,,clvk→ONS,0.03025716666666667,2.518178333333333,10.575757575757576,0.00031999455,9.68662359589091e-09,0.0007093282502950695,0.05414374066378011,0.01512118175742289,7.6173595923298305e-06,4.610330032218432e-10
54,JetsonOrinNanoSuper,GPU,918.0,KMeans,,CUDA→ONS,658.5695475,675.1059598333333,13.003787878787877,8.563882113108333,5.639929872139722,1.6316936964410456,1.6683466350822382,0.024799471246473755,0.019372872811563187,0.024474864910206447
55,JetsonOrinNanoSuper,GPU,918.0,KMeans,,clvk→ONS,652.5895858333333,699.0240268333333,11.837878787878788,7.725275200564394,5.041434697541168,0.36951711463442954,0.37234495901541,0.014277841199261052,0.009133934606080453,0.007096696590986342
56,JetsonOrinNanoSuper,GPU,918.0,SPMV,1.0,CUDA→ONS,5.174103,33.5008525,13.928787878787878,0.0720689010090909,0.00037289180359850537,0.0051794167239176125,0.06668683341335124,0.03196933792703739,0.0001353946758672659,7.268960056290483e-07
57,JetsonOrinNanoSuper,GPU,918.0,SPMV,,clvk→ONS,6.373839833333332,87.73961866666667,11.40227272727273,0.0726762282121212,0.0004632276182157538,0.011162031596742216,0.1998789011423318,0.019865248530374382,0.00016329111887211607,1.682019893974206e-06
58,JetsonOrinNanoSuper,GPU,918.0,SRAD,,CUDA→ONS,8.362515,14.883625833333333,16.058611111111112,0.13429020372875,0.001123007092482581,0.018723043374408707,0.032036631367337524,0.02570082503359372,0.00028464707516435436,4.553194608335408e-06
59,JetsonOrinNanoSuper,GPU,918.0,SRAD,,clvk→ONS,6.563818333333334,11.6760015,18.163333333333334,0.11922240608166668,0.0007826078293761674,0.05341470260018951,0.29002610789220234,0.0492612085384299,0.0012248600620415212,1.4391052504419979e-05
60,JetsonOrinNanoSuper,GPU,1020.0,BFS,,CUDA→ONS,162.7916125,234.26323133333335,15.84345238095238,2.5791835835089287,0.41987067457197297,0.2501065848191456,0.4457106470389398,0.024266448941237567,0.006804768183312875,0.0016948342055089862
61,JetsonOrinNanoSuper,GPU,1020.0,BFS,,clvk→ONS,210.05776783333332,414.8736955,13.278750000000002,2.7893037907820837,0.5859154684665703,0.25276374273809393,0.21735506952887026,0.008329165624479962,0.0030032770581070673,0.0012862095285106504
62,JetsonOrinNanoSuper,GPU,1020.0,FFT,,CUDA→ONS,0.054600166666666665,0.20721816666666668,11.65378787878788,0.0006363010469696969,3.474721175192879e-08,0.0007136050494963355,0.005762631531398355,0.03861407556780307,8.77583054352364e-06,9.258992784760349e-10
63,JetsonOrinNanoSuper,GPU,1020.0,FFT,,clvk→ONS,0.02873516666666667,2.5659726666666667,10.970454545454546,0.00031523615227272735,9.060140314067425e-09,0.00044693955594315695,0.021829555127548115,0.00800309857348136,4.774706967342559e-06,2.7757367957481863e-10
64,JetsonOrinNanoSuper,GPU,1020.0,KMeans,,CUDA→ONS,656.8820655000001,673.3930493333334,13.472727272727274,8.850004814876515,5.813438901470605,1.3881681084258906,1.419700354006395,0.019497827808661505,0.02769898154143817,0.029901736006156098
65,JetsonOrinNanoSuper,GPU,1020.0,KMeans,,clvk→ONS,646.326088,692.6822910000001,12.287878787878787,7.941964702612121,5.133102148389847,1.0309882010783726,1.1344689748249888,0.016430838438455764,0.006771562568144265,0.011194551392941794
66,JetsonOrinNanoSuper,GPU,1020.0,SPMV,1.0,CUDA→ONS,5.090194333333334,33.121846833333336,14.396212121212121,0.07327953075681819,0.00037300772419192676,0.007093885160239705,0.02632066247962936,0.013911368401380252,0.00013341562383697146,1.1548515066125177e-06
67,JetsonOrinNanoSuper,GPU,1020.0,SPMV,,clvk→ONS,6.1137215000000005,87.14592633333332,11.76590909090909,0.07193350512348486,0.0004397817787060178,0.005322468102299569,0.17209621728749758,0.009425655160603131,9.805068370446857e-05,9.424807771402648e-07
68,JetsonOrinNanoSuper,GPU,1020.0,SRAD,,CUDA→ONS,7.592195,13.4439535,17.5325,0.13310955858541665,0.001010596233944168,0.021985549508711306,0.04105838945087795,0.05942432162002294,0.00039941233913488763,4.881401996699456e-06
69,JetsonOrinNanoSuper,GPU,1020.0,SRAD,,clvk→ONS,6.333569499999999,11.624930833333332,19.523333333333333,0.12365067859166667,0.0007832351640368224,0.07673412168976715,0.13319676306790146,0.036696957185393474,0.0013386951980570946,1.7925522865011086e-05
70,OrangePi5Ultra,GPU,300.0,BFS,,OpenCL→OPI,1332.954338,1383.556648,3.3918506493506495,4.52118338481935,6.02653498914974,0.9271389673524485,1.3340052856349705,0.0023648610118892958,0.006006504458044121,0.012070267079441872
71,OrangePi5Ultra,GPU,300.0,BFS,,clvk→OPI,1301.09474725,1345.5576927500001,3.417590909090909,4.446601954249318,5.78567903421764,9.646946678661688,9.695751748044005,0.001826496141323695,0.03165328118435813,0.08411858096710856
72,OrangePi5Ultra,GPU,300.0,FFT,,OpenCL→OPI,0.1852755,0.63905625,3.2701360887096773,0.0006058764309475807,1.122557036882189e-07,0.0008038219122832247,0.0026184288386994657,0.0062263116603405565,2.959709720978957e-06,1.0160138770360758e-09
73,OrangePi5Ultra,GPU,300.0,FFT,,clvk→OPI,0.154187,0.3930085,3.2737147177419352,0.0005047624552167338,7.782898806664931e-08,0.0007702185836933969,0.026411241161041037,0.011020493679799475,2.61032908057661e-06,7.485726973358792e-10
74,OrangePi5Ultra,GPU,300.0,KMeans,,OpenCL→OPI,2008.73832225,2033.40766875,3.83984375,7.713236547688281,15.493867036922323,0.9719505840107908,0.9485079845446924,0.0073840869160197685,0.011672076598458826,0.018016245195503437
75,OrangePi5Ultra,GPU,300.0,KMeans,,clvk→OPI,2192.53086725,2218.91859425,3.9103207236842104,8.573492056492515,18.797639592341397,1.7126492751771731,1.6963519187390341,0.00701074103174353,0.011187167307364253,0.02230653684208026
76,OrangePi5Ultra,GPU,300.0,SPMV,,OpenCL→OPI,134.898121,154.73585925,4.29296875,0.5791100635460937,0.07812071250044131,0.3086216706368352,0.26785780654715147,0.021856390894122477,0.0022955199148947084,0.0003114329940305107
77,OrangePi5Ultra,GPU,300.0,SPMV,,clvk→OPI,124.72802300000001,152.11307399999998,4.28671875,0.5346973014304688,0.06670449495901422,1.7486646208008714,1.7629447526083535,0.02530735544428391,0.009976494161361557,0.0021766041733754186
78,OrangePi5Ultra,GPU,300.0,SRAD,,OpenCL→OPI,48.77237425,73.22188325,3.5049615384615382,0.17094518984934615,0.008337403135003772,0.04584871293995242,0.12172629338363407,0.00504398796545548,0.0001948123339608044,1.2637649227568344e-05
79,OrangePi5Ultra,GPU,300.0,SRAD,,clvk→OPI,46.2547215,68.527623,3.4583846153846154,0.15996588762746156,0.007399244622305208,0.1969988887371387,0.4314860174582726,0.009604814703222213,0.0005916601135801848,5.5386012871622816e-05
80,OrangePi5Ultra,GPU,400.0,BFS,,OpenCL→OPI,1062.01672375,1112.62276125,3.6034883720930235,3.8269560465645354,4.064327154544569,4.091340972328342,4.302124312901517,0.0030023126714790243,0.011709622233831533,0.028054801619655068
81,OrangePi5Ultra,GPU,400.0,BFS,,clvk→OPI,1032.3248645,1076.6542845,3.6261363636363635,3.743322754115341,3.864546884018872,9.597349587996993,9.605047938674035,0.004731059089695874,0.030929901392655137,0.06777041421190298
82,OrangePi5Ultra,GPU,400.0,FFT,,OpenCL→OPI,0.1452165,0.543328,3.460576923076923,0.0005025351653846154,7.297703088258846e-08,0.0003393960321905035,0.003177624374696649,0.009088106973562828,2.491869768684348e-06,5.328026407101706e-10
83,OrangePi5Ultra,GPU,400.0,FFT,,clvk→OPI,0.121933,1604492680904.4705,3.4480342741935486,0.00042043067615927414,5.126601339783553e-08,0.0007502528462680653,2973566651230.747,0.00589724921838445,2.984192038899083e-06,6.749961166953734e-10
84,OrangePi5Ultra,GPU,400.0,KMeans,,OpenCL→OPI,1706.8624,1731.53484625,4.0734375,6.952794669998438,11.867464190538914,1.266507551521821,1.3706699438436374,0.009716019846967749,0.015894126008201313,0.0287272382928179
85,OrangePi5Ultra,GPU,400.0,KMeans,,clvk→OPI,1845.57764075,1871.4133662499999,4.15859375,7.675004144998438,14.164817551507866,1.5971804274406949,1.7275048647800706,0.006929236820651157,0.011668812350654992,0.025916914431271462
86,OrangePi5Ultra,GPU,400.0,SPMV,,OpenCL→OPI,118.93418199999999,138.89101175,4.551870265151515,0.5413731626890862,0.06438838800025615,0.41602468886914507,0.42844512483893676,0.006613607708610673,0.0021173097909021866,0.0004680686551579522
87,OrangePi5Ultra,GPU,400.0,SPMV,,clvk→OPI,108.25870225,134.118042,4.55,0.4925847573799716,0.053346235461275954,2.3468316891808843,2.5733160650442057,0.010051567757633158,0.01120661933165993,0.0023819496494712597
88,OrangePi5Ultra,GPU,400.0,SRAD,,OpenCL→OPI,38.46682875,57.612795,3.7295384615384615,0.14346353996703848,0.005518588731553006,0.012483673908352273,0.034513020383619225,0.008095095551759348,0.0003283466161948562,1.3491493117674073e-05
89,OrangePi5Ultra,GPU,400.0,SRAD,,clvk→OPI,36.566218,54.21810025,3.696,0.13514823469700002,0.004941878024138505,0.11500565378276109,0.14960459401006557,0.011775681155103756,0.0004287074822810109,2.6974685396479334e-05
90,OrangePi5Ultra,GPU,500.0,BFS,,OpenCL→OPI,847.445865,898.0511415,3.826191322901849,3.242484393255921,2.747865243979702,3.7330671277415792,3.73060568471242,0.0027682738554597602,0.012694277704525818,0.0227789859409595
91,OrangePi5Ultra,GPU,500.0,BFS,,clvk→OPI,831.2865762499999,875.57339025,3.8552631578947367,3.204803667803289,2.664134991949694,3.95824070295078,3.934434569597578,0.008859214858212009,0.00866628192311679,0.01970265143085893
92,OrangePi5Ultra,GPU,500.0,FFT,,OpenCL→OPI,0.11464175,0.4677265,3.6631923076923076,0.00041995485946153845,4.81444445840043e-08,0.00016536903176430991,0.004488143677141671,0.012494337968148958,1.583590753933359e-06,2.2046220920102927e-10
93,OrangePi5Ultra,GPU,500.0,FFT,,clvk→OPI,0.09893974999999999,6585310451073.489,3.641153846153846,0.00036025543030769234,3.564672816395646e-08,0.0010638773033892009,3152281741094.697,0.004722684356858567,3.969905807846937e-06,7.709983570928277e-10
94,OrangePi5Ultra,GPU,500.0,KMeans,,OpenCL→OPI,1475.45498175,1499.9693365,4.364423076923077,6.439510035646154,9.501210072291412,0.8772190174124584,1.11012789851418,0.00576923076923107,0.009573411426335223,0.01747028257872142
95,OrangePi5Ultra,GPU,500.0,KMeans,,clvk→OPI,1581.334679,1606.3055065,4.460576923076923,7.053649757946154,11.154178710016453,2.5541952705808915,1.8107561310792253,0.008528291471570667,0.00503537669837868,0.017905287226521995
96,OrangePi5Ultra,GPU,500.0,SPMV,,OpenCL→OPI,112.35329325000001,132.07792725000002,4.642592592592592,0.5216117067212963,0.05860704322899238,0.7807101708493196,0.7641158000715039,0.0037037037037036167,0.003859415103321415,0.0008390952603447955
97,OrangePi5Ultra,GPU,500.0,SPMV,,clvk→OPI,102.4857245,127.999989,4.650925925925926,0.4766466972824074,0.048855587750291446,1.396566837840685,1.5910484472961048,0.010199204717196651,0.005884154366874284,0.0012659269721566645
98,OrangePi5Ultra,GPU,500.0,SRAD,,OpenCL→OPI,30.71802325,45.915438,4.01875,0.12344806321375,0.0037920808533746346,0.007141281041709662,0.0224124076945488,0.006291528696059088,0.00020144587561983065,6.549629453467384e-06
99,OrangePi5Ultra,GPU,500.0,SRAD,,clvk→OPI,29.29508475,43.22698625,3.9675000000000002,0.11622847528750001,0.003404989554733023,0.14184201129513802,0.1440443585251325,0.005000000000000054,0.0006391089803675895,3.509163787209869e-05
100,OrangePi5Ultra,GPU,600.0,BFS,,OpenCL→OPI,730.46811675,780.807451,4.017958748221906,2.9349903340667143,2.1439203837227927,1.1282015896793642,1.1284244313797374,0.006495147611977889,0.006304210471704868,0.007230507936081775
101,OrangePi5Ultra,GPU,600.0,BFS,,clvk→OPI,717.424629,761.5100015,4.0529983108108105,2.9076529651158993,2.0862891977940405,10.197369378368851,10.199914602945602,0.009373731754164205,0.035019246347613414,0.05490653117328598
102,OrangePi5Ultra,GPU,600.0,FFT,,OpenCL→OPI,0.0967285,0.42617275,3.806769230769231,0.00036822250973076923,3.561907481618688e-08,0.0007291321325155519,0.010026874035145081,0.009600295853429298,2.8304082428754734e-06,5.368551061952933e-10
103,OrangePi5Ultra,GPU,600.0,FFT,,clvk→OPI,0.08344399999999999,5094018174036.695,3.778846153846154,0.0003153356576923077,2.6320202677459616e-08,0.0014768969722586105,1847322656175.7708,0.013137116366614736,6.63208368967506e-06,1.0266437633024351e-09
104,OrangePi5Ultra,GPU,600.0,KMeans,,OpenCL→OPI,1336.5230625,1361.2410765,4.562192307692308,6.097473116039616,8.149413995360456,0.9943174373034909,1.0189165379288532,0.004275290225104302,0.004332072862240161,0.009074963517783533
105,OrangePi5Ultra,GPU,600.0,KMeans,,clvk→OPI,1425.83571075,1450.56986525,4.640384615384615,6.616429000131731,9.433954871901918,1.6938703605980179,1.805525004115159,0.003846153846153882,0.011960240085742086,0.027781208505318736
106,OrangePi5Ultra,GPU,600.0,SPMV,,OpenCL→OPI,106.44764024999999,126.10750675,4.731084656084656,0.5036097691736773,0.0536096177343346,0.7255949514379563,0.7640282163495361,0.011076413447332695,0.0030205228761063,0.0006766263730545915
107,OrangePi5Ultra,GPU,600.0,SPMV,,clvk→OPI,89.8689685,114.363794,4.78519536019536,0.4300312458125458,0.03864614952783801,0.38180071395558807,0.34620594841316726,0.03267136668579752,0.001125062255155267,6.871049791106966e-05
108,OrangePi5Ultra,GPU,600.0,SRAD,,OpenCL→OPI,26.238305,39.216553000000005,4.30125,0.11285762587625,0.002961196301072946,0.011615721099727286,0.014764855411864937,0.014930394055974275,0.0004370736776146058,1.2681192274027772e-05
109,OrangePi5Ultra,GPU,600.0,SRAD,,clvk→OPI,25.290132,36.63100375,4.246776315789473,0.10740125579453946,0.002716188531962421,0.03375119909968786,0.5430604537749467,0.011431224753002555,0.00015687960601291426,2.053235966603737e-06
110,OrangePi5Ultra,GPU,700.0,BFS,,OpenCL→OPI,659.0072690000001,709.42175725,4.209551411290323,2.7740507839424398,1.8283387815929895,9.223529307300094,9.209954635713126,0.014109392564503652,0.03224865560015835,0.046816406876065135
111,OrangePi5Ultra,GPU,700.0,BFS,,clvk→OPI,641.27478925,685.52226275,4.261517137096774,2.732796740522354,1.7525234139720165,4.11321003147763,3.976643242341631,0.010613719438149205,0.017440570198364376,0.022000808777587807
112,OrangePi5Ultra,GPU,700.0,FFT,,OpenCL→OPI,0.0838745,0.389163,3.967307692307692,0.00033275520096153843,2.790969754185673e-08,0.00016798908694714334,0.005906506299553629,0.018445505858894675,1.4752740444127343e-06,1.4171166985453366e-10
113,OrangePi5Ultra,GPU,700.0,FFT,,clvk→OPI,0.0739585,15754543164338.443,3.935653846153846,0.00029107636865384614,2.152907329936788e-08,0.0006901316299566843,5384401818739.498,0.024363575813701535,3.4149945339985344e-06,4.3459605281914476e-10
114,OrangePi5Ultra,GPU,700.0,KMeans,,OpenCL→OPI,1240.6565110000001,1265.19457725,4.729807692307692,5.868059679440385,7.280245786506533,1.5075697583245338,1.666900581669836,0.0072806517253849205,0.004743650556481335,0.010002591057251401
115,OrangePi5Ultra,GPU,700.0,KMeans,,clvk→OPI,1317.47237175,1341.19597625,4.816168091168091,6.345166614168091,8.359610362664817,2.9297873647201125,1.2540875524512338,0.0015669515669511668,0.013159071054452104,0.03586932849178156
116,OrangePi5Ultra,GPU,700.0,SPMV,,OpenCL→OPI,103.04614025000001,122.75038574999999,4.807142857142857,0.4953577317107143,0.05104775437929484,0.9169608925035533,0.8976622274387198,0.004761904761904325,0.004464946024654259,0.0009111348428806996
117,OrangePi5Ultra,GPU,700.0,SPMV,,clvk→OPI,89.05960825,113.44980100000001,4.856746031746033,0.4325109291103175,0.038556111485218175,3.2924143753352544,3.5305456942337754,0.02189383210179948,0.015013597252041478,0.002766805067881359
118,OrangePi5Ultra,GPU,700.0,SRAD,,OpenCL→OPI,23.361341250000002,34.96833,4.5796052631578945,0.10698579039118422,0.002499335094796436,0.023662206833894212,0.04358882010332451,0.008821352002623626,0.00027188253888542227,8.386180506509127e-06
119,OrangePi5Ultra,GPU,700.0,SRAD,,clvk→OPI,22.749796,33.277407499999995,4.52,0.1028288039025,0.002339338342788021,0.055026400930221354,0.09304115093333773,0.01290994448735847,0.0002701552399785978,9.743770060940876e-06
120,OrangePi5Ultra,GPU,800.0,BFS,,OpenCL→OPI,596.22856275,646.4289395000001,4.45859375,2.6583232803710937,1.5850031446466977,3.6836921110606378,3.6709464196253743,0.010937499999999942,0.013686227603606738,0.017603677636292826
121,OrangePi5Ultra,GPU,800.0,BFS,,clvk→OPI,581.79254325,625.793343,4.526058467741936,2.633210730198841,1.5320196884335338,3.7146425430278907,3.724466265328295,0.006940044059067762,0.013566798074102495,0.017636554179346092
122,OrangePi5Ultra,GPU,800.0,FFT,,OpenCL→OPI,0.072947,0.406147,4.1975,0.00030619836999999997,2.233710458798e-08,0.00043978403790951795,0.0829700515005264,0.01848422751068219,2.820096997315291e-06,3.3336348717648056e-10
123,OrangePi5Ultra,GPU,800.0,FFT,,clvk→OPI,0.0666975,18446744073708.992,4.161538461538461,0.0002775565701923077,1.851414914327596e-08,0.00086377485492459,0.5074167127495942,0.05678778100089791,4.637412206005226e-06,4.927857679074517e-10
124,OrangePi5Ultra,GPU,800.0,KMeans,,OpenCL→OPI,1157.6523685,1182.40508675,4.948076923076924,5.7281648440105775,6.6312780399581275,3.310617338450144,3.3993840241715367,0.006661733875265146,0.022570238716627302,0.04482960812037949
125,OrangePi5Ultra,GPU,800.0,KMeans,,clvk→OPI,1219.87073275,1243.98498825,5.023926536426536,6.128546529097873,7.476065538862423,2.5331940868068914,2.9652357391096693,0.010147301506606251,0.020150938983008543,0.03826223503131735
126,OrangePi5Ultra,GPU,800.0,SPMV,,OpenCL→OPI,99.63882749999999,119.44509475000001,4.9261904761904765,0.490839818725,0.0489112498834569,1.109478043171796,1.1645420420698689,0.002749286996141065,0.0054699196524912504,0.0010892916377575343
127,OrangePi5Ultra,GPU,800.0,SPMV,,clvk→OPI,84.284125,107.80935325,4.997619047619048,0.4212020960952381,0.035523938291794274,2.5710410047683037,2.9550764617229284,0.012598815766974195,0.01209892502747556,0.0021024779794630885
128,OrangePi5Ultra,GPU,800.0,SRAD,,OpenCL→OPI,20.9754165,31.49856725,4.94875,0.10380206226375,0.002177291141708243,0.008752794049140911,0.00903360051419176,0.006291528696058903,0.00010465241881949361,1.9043070001976222e-06
129,OrangePi5Ultra,GPU,800.0,SRAD,,clvk→OPI,20.553682000000002,30.41284575,4.860394736842105,0.0998988695768421,0.0020532988446932427,0.05758338013119117,0.21761245289945402,0.0065894652766044365,0.0002447353116971991,1.0428127615636041e-05
130,OrangePi5Ultra,GPU,900.0,BFS,,OpenCL→OPI,559.6130145,610.16672275,4.70625,2.633650043627344,1.4739483863319442,6.291279775988726,5.917073826923119,0.0076546554461972985,0.026311822392264556,0.031293684111429396
131,OrangePi5Ultra,GPU,900.0,BFS,,clvk→OPI,548.95460075,593.089107,4.7375,2.6006099627929684,1.427863434035002,8.892149243464923,8.86121186131697,0.009882117688026014,0.037019052304812894,0.04353663900334929
132,OrangePi5Ultra,GPU,900.0,FFT,,OpenCL→OPI,0.06403125,0.3683645,4.49,0.00028750097875,1.840912785887375e-08,0.00010653129430673,0.05531266780464189,0.031091263510295983,2.1666966046972207e-06,1.5528082303993992e-10
133,OrangePi5Ultra,GPU,900.0,FFT,,clvk→OPI,0.0602685,13835058055282.336,4.443269230769231,0.0002677797711538462,1.613844099930385e-08,0.0003094355075509834,9223372036854.37,0.06708755208658587,3.3947722282810037e-06,1.9589757769776969e-10
134,OrangePi5Ultra,GPU,900.0,KMeans,,OpenCL→OPI,1100.4687625000001,1125.32829775,5.227421652421652,5.752405112496546,6.330598307481424,11.165381014242383,11.498709056232146,0.026958477758505014,0.03257017008817151,0.09893682953386013
135,OrangePi5Ultra,GPU,900.0,KMeans,,clvk→OPI,1149.91845725,1174.25817375,5.257142857142857,6.045289972589286,6.951598402846293,0.8515034136789701,1.161578326720534,0.00952380952380949,0.01451040084663155,0.021243339817074713
136,OrangePi5Ultra,GPU,900.0,SPMV,,OpenCL→OPI,94.74577174999999,114.47313274999999,5.139153439153439,0.48693049378267195,0.046143241730306366,1.3461370063227496,1.3552815489401413,0.02321620130074733,0.008679599290979924,0.0014725959520828105
137,OrangePi5Ultra,GPU,900.0,SPMV,,clvk→OPI,84.66215199999999,108.187224,5.161904761904761,0.43695552310238095,0.03706014944289984,4.311120908357904,4.6477636497938795,0.020573779994945685,0.020593666124992773,0.0036491122992839435
138,OrangePi5Ultra,GPU,900.0,SRAD,,OpenCL→OPI,19.244826,28.97531825,5.3925,0.10377779015500002,0.0019971878986501275,0.01660706189145658,0.03246468190074662,0.008660254037844132,0.00023243056217437102,5.972323273484776e-06
139,OrangePi5Ultra,GPU,900.0,SRAD,,clvk→OPI,19.08108375,28.678396499999998,5.2700000000000005,0.10055731136250001,0.001918772193487598,0.08670466482020138,0.10809959384598446,0.0,0.0004569335836024575,1.7451716208655675e-05
140,OrangePi5Ultra,GPU,1000.0,BFS,,OpenCL→OPI,538.8639275,589.4865179999999,4.92265625,2.6525854812687504,1.429696712351741,9.659877707496104,9.959176018722143,0.008218611373989292,0.043374588364079876,0.049092094936314716
141,OrangePi5Ultra,GPU,1000.0,BFS,,clvk→OPI,519.2143565,563.2591199999999,4.976262019230769,2.583746145488101,1.3415220945933517,1.0708376346750166,1.0706702531470031,0.002197690408958843,0.0051005605538438714,0.005381588249680965
142,OrangePi5Ultra,GPU,1000.0,FFT,,OpenCL→OPI,0.05790525,0.3384685,4.7125,0.00027287750499999997,1.580106057808e-08,0.00014807514983953274,0.010926598510057941,0.013228756555322643,5.980416877609342e-07,6.071460495633279e-11
143,OrangePi5Ultra,GPU,1000.0,FFT,,clvk→OPI,0.05586225,1250126199232.3894,4.700961538461538,0.0002626126192307692,1.4671213983255768e-08,0.00045565877218228237,2345401685897.5806,0.039769429151913206,3.721196281872951e-06,3.1503760509868917e-10
144,OrangePi5Ultra,GPU,1000.0,KMeans,,OpenCL→OPI,1050.7292877500001,1075.3417325,5.492115384615385,5.770729967804231,6.063488990580227,1.5850004397003647,1.6069068395932853,0.009179881097406478,0.014908233102334995,0.023560446296685054
145,OrangePi5Ultra,GPU,1000.0,KMeans,,clvk→OPI,1108.84699125,1133.2155335,5.53063492063492,6.13263184870447,6.800180192856244,2.474505525678992,2.9070648720574424,0.016054575976264127,0.02385252696880803,0.03836215415502651
146,OrangePi5Ultra,GPU,1000.0,SPMV,,OpenCL→OPI,93.258915,113.01400175,5.317857142857143,0.4959327790988095,0.046258458472355414,1.4813818179845903,1.3097349264461513,0.004559176703602058,0.007476665552157052,0.0014320210597863995
147,OrangePi5Ultra,GPU,1000.0,SPMV,,clvk→OPI,86.178432,110.01568475,5.355952380952381,0.4614631956178572,0.03984256597181297,4.545159901755348,4.875750368384431,0.03095238095238098,0.02182733350430343,0.00388921716715191
148,OrangePi5Ultra,GPU,1000.0,SRAD,,OpenCL→OPI,18.05593325,27.283868,5.867500000000001,0.1059433182825,0.001912910107270098,0.022757842477923704,0.04990775518226829,0.010408329997330785,0.0002997091326106207,7.658676503378368e-06
149,OrangePi5Ultra,GPU,1000.0,SRAD,,clvk→OPI,18.016410999999998,27.10691125,5.75,0.10359439715125,0.0018664110305461634,0.05091822046510746,0.060865171460503915,0.004082482904638543,0.0003171060001351411,1.0912213317391967e-05
150,RaspberryPiComputeModule5,CPU,1500.0,BFS,1.0,Serial→RPI,7271.671762000001,7271.673349833333,3.610857843137255,26.257053949420712,190.9334850118179,8.544351563227666,8.54443602395295,0.040453785912993985,0.3041803446304964,2.304016107847101
151,RaspberryPiComputeModule5,CPU,1500.0,BFS,4.0,OpenMP→RPI,2217.9408648333333,2217.9417595,5.848585264246183,12.97188456521994,28.771074866656253,3.2206146868996246,3.2206027330949074,0.04431805590441446,0.11020838285854175,0.2746793363836985
152,RaspberryPiComputeModule5,CPU,1500.0,BFS,,PoCL→RPI,1727.3418998333334,1806.0093291666665,5.187179487179487,8.960082393857693,15.477225828574845,1.788094942646315,3.477181834286754,0.03726338897350789,0.0728275982112822,0.1407326505963193
153,RaspberryPiComputeModule5,CPU,1500.0,FFT,1.0,Serial→RPI,0.40052233333333337,0.40074883333333333,3.6940928270042193,0.0014795655082278482,5.926003566419479e-07,0.0007634106802151902,0.0007562881505528578,0.024039526638386457,9.816182805216798e-06,4.314437300802444e-09
154,RaspberryPiComputeModule5,CPU,1500.0,FFT,4.0,OpenMP→RPI,0.11261966666666667,0.112815,6.5815302144249515,0.000741207444005848,8.34766869245399e-08,0.0006627656197077985,0.0006625595822263802,0.017805473066685087,4.354743947648162e-06,9.579416093132788e-10
155,RaspberryPiComputeModule5,CPU,1500.0,FFT,,PoCL→RPI,0.21661266666666668,0.5148986666666667,6.203508771929825,0.0013437492640350878,2.910731593418132e-07,0.0006321255149625438,0.004874368540300047,0.03671657813413362,6.984257571139298e-06,1.745551640269577e-09
156,RaspberryPiComputeModule5,CPU,1500.0,KMeans,1.0,Serial→RPI,5324.830567333333,5324.8323740000005,3.614859318996416,19.24850758378638,102.49502566956325,2.2340404112306302,2.2340490593983686,0.027248631571069194,0.1444104723062109,0.7677344866469531
157,RaspberryPiComputeModule5,CPU,1500.0,KMeans,4.0,OpenMP→RPI,1334.4895998333334,1334.49148,6.851388888888889,9.143205440956349,12.201658470860165,1.6015848175525196,1.601589625461763,0.08745963327592282,0.1261854162480083,0.1813810604286228
158,RaspberryPiComputeModule5,CPU,1500.0,KMeans,,PoCL→RPI,2168.964639166667,2198.446808166667,5.579622132253711,12.101886287756814,26.248355794603878,3.1223953496069616,2.9117684639903834,0.04991537802432686,0.09270950047797312,0.16928106718066396
159,RaspberryPiComputeModule5,CPU,1500.0,SPMV,1.0,Serial→RPI,48.90341033333333,48.903849666666666,4.541333333333333,0.22208203571266663,0.010863284777101967,0.8825131988095498,0.8824702059871874,0.019043809142780685,0.003793837679674794,0.00038048663698520913
160,RaspberryPiComputeModule5,CPU,1500.0,SPMV,4.0,OpenMP→RPI,17.4550285,17.455497666666666,8.226923076923077,0.14360164201666667,0.002506592928491825,0.045300600484982106,0.045279160092328026,0.02653567432409239,0.0007161825057171217,1.8208077740406173e-05
161,RaspberryPiComputeModule5,CPU,1500.0,SPMV,,PoCL→RPI,18.206636666666668,46.069211333333335,5.8809523809523805,0.10707754243809524,0.001949670701510515,0.10559058461561266,0.10710703637888275,0.08264340247587311,0.001992914145526263,4.621750671610576e-05
162,RaspberryPiComputeModule5,CPU,1500.0,SRAD,1.0,Serial→RPI,61.930349666666665,61.93194283333333,4.258771929824562,0.2637449909614035,0.01633394098880137,0.2709849805894544,0.2709980481881142,0.041095344401605866,0.0025342515543704024,0.00018591052973808108
163,RaspberryPiComputeModule5,CPU,1500.0,SRAD,4.0,OpenMP→RPI,45.54759383333334,45.54935733333334,6.5476190476190474,0.2982261521119048,0.0135835273379626,0.16088578227726305,0.16084110086997824,0.02659855246432136,0.001018862084137991,7.670453701234367e-05
164,RaspberryPiComputeModule5,CPU,1500.0,SRAD,,PoCL→RPI,79.63753216666667,132.55133366666666,6.530627705627706,0.5200832984160173,0.04141872007249442,0.31814650753916235,0.8169175229543445,0.027569249709486713,0.003067009900617684,0.0003792974431931257
165,RaspberryPiComputeModule5,CPU,1600.0,BFS,1.0,Serial→RPI,7052.584650333333,7052.586232166667,4.043137254901961,28.51444213280392,201.09980737024284,7.226919219190521,7.226942380004879,0.0630720647496796,0.43604322811701957,3.0262148052441664
166,RaspberryPiComputeModule5,CPU,1600.0,BFS,4.0,OpenMP→RPI,2179.3114105,2179.312315,6.120811287477953,13.33912943644352,29.070083819090428,1.9827314620826488,1.9827343883455955,0.05613546332668011,0.11966698420496606,0.25759502049685307
167,RaspberryPiComputeModule5,CPU,1600.0,BFS,,PoCL→RPI,1724.0837696666667,1799.4055515,5.569230769230768,9.601863068123077,16.554555237809478,3.75478696618682,4.940005861078014,0.03508232077228099,0.07118005529543509,0.14778345869844886
168,RaspberryPiComputeModule5,CPU,1600.0,FFT,1.0,Serial→RPI,0.37558933333333333,0.375805,4.153652968036529,0.0015600681082191782,5.859453837856927e-07,0.00029812659503416887,0.0003090766895125215,0.02443455751954486,9.331724177878177e-06,3.622586814371279e-09
169,RaspberryPiComputeModule5,CPU,1600.0,FFT,4.0,OpenMP→RPI,0.10562083333333333,0.10579916666666667,6.875438596491229,0.000726191950877193,7.670174030497545e-08,0.0002916418465629823,0.00029470352333602626,0.03255792479905152,4.474961404826755e-06,6.365271223279674e-10
170,RaspberryPiComputeModule5,CPU,1600.0,FFT,,PoCL→RPI,0.20394866666666667,0.48588566666666666,6.41578947368421,0.001308475948245614,2.6686285304378157e-07,0.0008810286412294921,0.0035641787085760324,0.05135288807431782,9.603110900294391e-06,2.4019218062702644e-09
171,RaspberryPiComputeModule5,CPU,1600.0,KMeans,1.0,Serial→RPI,4998.601563,4998.603474333333,4.018055555555556,20.08467395929328,100.39536668417759,1.5629979004545855,1.5630317824060014,0.02474619312286372,0.12675832992434435,0.6500680803174297
172,RaspberryPiComputeModule5,CPU,1600.0,KMeans,4.0,OpenMP→RPI,1251.6776783333332,1251.6796023333334,6.95,8.699144735016668,10.888510056655543,0.8009017629082156,0.8011001216743648,0.04584801867394564,0.0548416111419132,0.06603901138863699
173,RaspberryPiComputeModule5,CPU,1600.0,KMeans,,PoCL→RPI,2042.3526950000003,2071.498035666667,5.983198380566802,12.219870584863429,24.957472963174013,3.038404034695425,3.0864027739287097,0.060820847835910206,0.13340219074961884,0.2946813123151879
174,RaspberryPiComputeModule5,CPU,1600.0,SPMV,1.0,Serial→RPI,46.59441266666667,46.59468966666666,4.946769005847954,0.23050040957684212,0.010748765128557242,1.4206239507044292,1.4206434636155065,0.01389628919498942,0.007397443891565001,0.000682574462598279
175,RaspberryPiComputeModule5,CPU,1600.0,SPMV,4.0,OpenMP→RPI,17.3178825,17.318404166666667,8.555128205128204,0.1481623107551282,0.0025665449684732135,0.2883022131186313,0.28831494757880094,0.04469930215800073,0.0029371998107574626,9.188025855951357e-05
176,RaspberryPiComputeModule5,CPU,1600.0,SPMV,,PoCL→RPI,17.550782166666668,45.524686833333334,6.2976190476190474,0.11053144912142858,0.0019400394556667831,0.11385972912213828,0.09572832279198558,0.06286796443643566,0.001616141871413839,3.936687847312254e-05
177,RaspberryPiComputeModule5,CPU,1600.0,SRAD,1.0,Serial→RPI,58.68346666666667,58.6850085,4.728070175438597,0.27745678389736844,0.0162823853714476,0.32774364611303713,0.3277375560882513,0.026560267884597692,0.0017245566879142903,0.00016913775447154996
178,RaspberryPiComputeModule5,CPU,1600.0,SRAD,4.0,OpenMP→RPI,44.822309499999996,44.8239475,6.716666666666666,0.3010582454857143,0.013494386672147527,0.18098811272981735,0.1810022775069411,0.030528229380618215,0.002144086981276989,0.00014370362434614565
179,RaspberryPiComputeModule5,CPU,1600.0,SRAD,,PoCL→RPI,75.81467866666667,126.11476933333334,6.671428571428571,0.5057843785142857,0.038349337046080276,0.8547172332999198,1.5462844124875155,0.05111012519999541,0.006146219591126378,0.0008511797911696492
180,RaspberryPiComputeModule5,CPU,1700.0,BFS,1.0,Serial→RPI,6844.517364166667,6844.518856833333,4.083333333333333,27.94846008245735,191.2940323185081,7.93519911496815,7.935096859150384,0.02437216253854129,0.17260172393144257,1.259780837862781
181,RaspberryPiComputeModule5,CPU,1700.0,BFS,4.0,OpenMP→RPI,2149.9614423333333,2149.962314,6.183495256340084,13.294178368692442,28.581815959962984,3.292322444100883,3.2923553879018237,0.03947928374909331,0.06703122578041334,0.10980322430129456
182,RaspberryPiComputeModule5,CPU,1700.0,BFS,,PoCL→RPI,1716.7254246666664,1795.3665523333332,5.621794871794871,9.651013972803845,16.56806562102035,2.732654228706281,1.0155830786575861,0.09927746863761623,0.16661824003038622,0.28178361363212706
183,RaspberryPiComputeModule5,CPU,1700.0,FFT,1.0,Serial→RPI,0.35379066666666664,0.35400866666666664,4.220398009950249,0.0014931395201492536,5.282612650663489e-07,0.0006943430468195609,0.0006930078402634946,0.017499429813877157,7.383493757935034e-06,3.3179706547499913e-09
184,RaspberryPiComputeModule5,CPU,1700.0,FFT,4.0,OpenMP→RPI,0.10006216666666667,0.10023316666666666,7.0664230019493175,0.0007070636416179337,7.075972661171219e-08,0.0013813453466337297,0.0013830666530094222,0.034805107801997255,8.73753775609499e-06,1.837170560606817e-09
185,RaspberryPiComputeModule5,CPU,1700.0,FFT,,PoCL→RPI,0.19138200000000002,0.4583063333333333,6.703898635477582,0.0012829973871345028,2.4554814559182104e-07,0.0011272068133221915,0.0034477801940765492,0.039884012724465685,9.510116629689009e-06,2.9473599081126235e-09
186,RaspberryPiComputeModule5,CPU,1700.0,KMeans,1.0,Serial→RPI,4708.864689833333,4708.866527499999,4.156666666666666,19.573187422784,92.1675363949095,2.044639696848026,2.0447423286445763,0.04167813175595426,0.19719746010297717,0.9347175202950512
187,RaspberryPiComputeModule5,CPU,1700.0,KMeans,4.0,OpenMP→RPI,1179.709648,1179.7112525,7.242857142857143,8.54448890715,10.080042185498971,0.5829138303776075,0.5829146416311192,0.07979565739296571,0.09646179087090465,0.11668942224420635
188,RaspberryPiComputeModule5,CPU,1700.0,KMeans,,PoCL→RPI,1936.65488,1964.3240908333335,6.083333333333333,11.781216362920512,22.816058441396596,4.509394317427379,4.143333808572568,0.04362743468506036,0.07099618857380041,0.12935354704856303
189,RaspberryPiComputeModule5,CPU,1700.0,SPMV,1.0,Serial→RPI,43.509934166666675,43.510241,5.028070175438597,0.21877068294824564,0.009522141033070182,0.9084360348505351,0.9084188822253736,0.013589415249850877,0.004585946862151347,0.00039742169792310436
190,RaspberryPiComputeModule5,CPU,1700.0,SPMV,4.0,OpenMP→RPI,16.93181266666667,16.9322965,8.626923076923076,0.1460675243576923,0.0024732159292876706,0.09149834043012346,0.09148610643753491,0.042342642906224005,0.0006809176707577617,2.1898267861422065e-05
191,RaspberryPiComputeModule5,CPU,1700.0,SPMV,,PoCL→RPI,17.042864166666668,45.12669916666667,6.326190476190476,0.10781638559285715,0.001837517612983228,0.05845197787044193,0.06570289816261222,0.04730851126483737,0.0008837749185241641,1.8514365682969012e-05
192,RaspberryPiComputeModule5,CPU,1700.0,SRAD,1.0,Serial→RPI,55.757869666666664,55.759379833333334,4.792105263157895,0.2671925227894737,0.014898395325883822,0.3846660172017644,0.38464789819127765,0.03153505721883218,0.0018022344105357766,0.00017813824567828216
193,RaspberryPiComputeModule5,CPU,1700.0,SRAD,4.0,OpenMP→RPI,44.52391633333334,44.52549366666667,6.811904761904763,0.30329099233571427,0.013503937863509273,0.2338626355026968,0.23384674708421058,0.021028002062685156,0.0014778001449794007,0.00013017414609872182
194,RaspberryPiComputeModule5,CPU,1700.0,SRAD,,PoCL→RPI,72.96388416666666,121.40994033333334,6.814285714285714,0.4971875894,0.03628060850899036,0.8940813784535339,1.9376865051143495,0.02857142857142877,0.005518268937787136,0.0008381885602085339
195,RaspberryPiComputeModule5,CPU,1800.0,BFS,1.0,Serial→RPI,6678.959678166667,6678.961115499999,4.132002801120448,27.597440874318483,184.32212189435302,7.411063244781146,7.411016012108876,0.028407111117736226,0.1854188862521562,1.2430122948703832
196,RaspberryPiComputeModule5,CPU,1800.0,BFS,4.0,OpenMP→RPI,2121.297264166667,2121.2982148333335,6.316045548654245,13.398201569651604,28.421587493361855,2.6613491562709273,2.661376143282103,0.024585147639564625,0.0522339104208613,0.12194607294690386
197,RaspberryPiComputeModule5,CPU,1800.0,BFS,,PoCL→RPI,1711.2035746666668,1791.328682,5.666666666666667,9.69682995158718,16.59331802052959,3.28958658669026,1.5907472134770733,0.044765441728810855,0.08022514562861661,0.15028210640132544
198,RaspberryPiComputeModule5,CPU,1800.0,FFT,1.0,Serial→RPI,0.3335711666666667,0.3337673333333333,4.298258706467661,0.0014337760181592038,4.782668684771605e-07,0.00026244802660082146,0.0002661643602488331,0.0234174617627112,8.073002616306603e-06,2.8280583989779896e-09
199,RaspberryPiComputeModule5,CPU,1800.0,FFT,4.0,OpenMP→RPI,0.0942485,0.0944165,7.295906432748538,0.0006876199663742689,6.480755766471257e-08,0.0004417332905724888,0.0004402593553804361,0.02678337036064045,1.7667702001556775e-06,4.279346551353063e-10
200,RaspberryPiComputeModule5,CPU,1800.0,FFT,,PoCL→RPI,0.18063149999999997,0.4358413333333333,6.751282051282051,0.0012195005897435898,2.2028480522396922e-07,0.000778886063554866,0.003044170078472403,0.049772658701747664,1.131233087420825e-05,2.7489586350094197e-09
201,RaspberryPiComputeModule5,CPU,1800.0,KMeans,1.0,Serial→RPI,4449.907084833333,4449.908782333333,4.201023391812865,18.694178709005744,83.1874272837428,0.8379614161861394,0.83792289467381,0.03297513341007612,0.14905276341889062,0.6737848487881624
202,RaspberryPiComputeModule5,CPU,1800.0,KMeans,4.0,OpenMP→RPI,1115.4073403333334,1115.4091886666668,7.647619047619048,8.530209552514286,9.51465784265276,0.2692935136869528,0.26925280570172766,0.048374952758858794,0.053831051811650016,0.05999025537059154
203,RaspberryPiComputeModule5,CPU,1800.0,KMeans,,PoCL→RPI,1846.1982486666666,1873.5227011666666,6.316666666666666,11.661733642089745,21.529750129282206,2.592436055107225,2.6125012410701225,0.06313630725569609,0.10717242716958654,0.18389255473905594
204,RaspberryPiComputeModule5,CPU,1800.0,SPMV,1.0,Serial→RPI,40.77140133333333,40.7718535,5.117543859649122,0.20864702825175432,0.008507501438449453,0.42420631123625174,0.4242528459542727,0.012748001490936679,0.0019441189675017485,0.00016710182643073107
205,RaspberryPiComputeModule5,CPU,1800.0,SPMV,4.0,OpenMP→RPI,16.685067166666666,16.685513333333333,8.788461538461538,0.14663627001666668,0.0024466517600696216,0.04118630207443525,0.04117294286138153,0.015951108733328914,0.0005213575456888244,1.4312686354221172e-05
206,RaspberryPiComputeModule5,CPU,1800.0,SPMV,,PoCL→RPI,16.74860333333333,44.93997033333333,6.37857142857143,0.10682359205476193,0.001789262420995361,0.2220487444230821,0.20330601366183862,0.08169130545997641,0.0012861109670753207,3.927534912791783e-05
207,RaspberryPiComputeModule5,CPU,1800.0,SRAD,1.0,Serial→RPI,53.1666895,53.16818683333333,4.833333333333333,0.25697468553859654,0.0136628358419936,0.23263970439522824,0.23264635406076656,0.03485890303724862,0.0024743857972459285,0.00017893075871633192
208,RaspberryPiComputeModule5,CPU,1800.0,SRAD,4.0,OpenMP→RPI,44.26099683333334,44.26253216666667,6.91904761904762,0.30623618184047624,0.013554321896677513,0.2462864832526686,0.246272910884987,0.039036002917940925,0.0004269532865275921,7.84189830256249e-05
209,RaspberryPiComputeModule5,CPU,1800.0,SRAD,,PoCL→RPI,70.38362833333333,116.72006649999999,6.9523809523809526,0.4892842031428572,0.034443525732359134,1.2767047214025107,2.633541030485206,0.05832118435198007,0.006083680036155978,0.001035352109278972
210,RaspberryPiComputeModule5,CPU,1900.0,BFS,1.0,Serial→RPI,6532.704836666667,6532.706186666666,4.169607843137254,27.23877559972955,177.9429705399654,10.221364460078023,10.221408421702536,0.022741794753990567,0.14551785316266874,1.0096078514620555
211,RaspberryPiComputeModule5,CPU,1900.0,BFS,4.0,OpenMP→RPI,2096.0034656666667,2096.0043046666665,6.452667416291855,13.524852182586798,28.348273147351815,3.181362157635698,3.181340708684482,0.036135557306861195,0.08613968993127152,0.20910409995655954
212,RaspberryPiComputeModule5,CPU,1900.0,BFS,,PoCL→RPI,1711.0896108333334,1787.672918,5.778205128205129,9.886979379594871,16.917955084389906,10.481973322976856,10.883838329094297,0.046260560391458184,0.09366660691907885,0.23423622669106875
213,RaspberryPiComputeModule5,CPU,1900.0,FFT,1.0,Serial→RPI,0.31606566666666663,0.31625216666666667,4.349180327868853,0.0013746256636612021,4.344719460390467e-07,0.00026721052873467435,0.0002742294051823484,0.009502542128648815,2.709389638105766e-06,9.140088629414774e-10
214,RaspberryPiComputeModule5,CPU,1900.0,FFT,4.0,OpenMP→RPI,0.08855266666666667,0.08870316666666667,7.718732193732194,0.0006835122258547008,6.052752932561218e-08,0.00037140795180860825,0.0003790326722944433,0.04247649710592387,4.340689640467159e-06,5.596807844670449e-10
215,RaspberryPiComputeModule5,CPU,1900.0,FFT,,PoCL→RPI,0.17113466666666666,0.414893,6.944871794871795,0.001188482185897436,2.0339557879088335e-07,0.0012871167261234236,0.005765359346996498,0.039945722543307124,7.174498405724076e-06,2.5208008723106606e-09
216,RaspberryPiComputeModule5,CPU,1900.0,KMeans,1.0,Serial→RPI,4221.7368675,4221.738646833333,4.266,18.009989753900037,76.03369651994454,1.0970323518535507,1.0970623187841404,0.07073944230809977,0.3030687906889855,1.2982004392423028
217,RaspberryPiComputeModule5,CPU,1900.0,KMeans,4.0,OpenMP→RPI,1057.9601648333335,1057.9619173333333,7.885863095238096,8.3429628677686,8.826567965930186,1.218616701986769,1.218592404207773,0.05439960054187582,0.06389574125725951,0.07510423005326385
218,RaspberryPiComputeModule5,CPU,1900.0,KMeans,,PoCL→RPI,1756.8304445,1783.407841,6.443589743589744,11.320226836941025,19.887631727195785,2.429050394924641,2.8384045207174373,0.0577008540678363,0.0931266557136943,0.15274750437192766
219,RaspberryPiComputeModule5,CPU,1900.0,SPMV,1.0,Serial→RPI,39.03587016666666,39.03614216666667,5.2026315789473685,0.20308993035526315,0.007929724600183196,0.6629386534020832,0.6629366329206479,0.002882750302658575,0.00349943248276538,0.00027337122709190204
220,RaspberryPiComputeModule5,CPU,1900.0,SPMV,4.0,OpenMP→RPI,16.450301166666666,16.4507725,9.006410256410257,0.1481584412948718,0.002437259365038569,0.022442273257553207,0.022443254886491213,0.0582621430909836,0.0010292721584752003,1.862252853078759e-05
221,RaspberryPiComputeModule5,CPU,1900.0,SPMV,,PoCL→RPI,16.4231835,44.756677499999995,6.535714285714285,0.10733963127142855,0.0017629247483880817,0.07036210481715217,0.07897909100705129,0.04672979209655968,0.0011903860324299293,2.6812469140083752e-05
222,RaspberryPiComputeModule5,CPU,1900.0,SRAD,1.0,Serial→RPI,51.21664616666667,51.21812916666667,4.870782726045884,0.2494536275762483,0.012776143418263561,0.3710122054981022,0.3709809651286261,0.04329328079718308,0.0011341567907485449,0.00010423005093512458
223,RaspberryPiComputeModule5,CPU,1900.0,SRAD,4.0,OpenMP→RPI,43.998428,43.9999025,7.059523809523809,0.3106086173428571,0.013666486328061002,0.16794939159044378,0.16793557580304444,0.010753895038701139,0.0014594027642440574,0.00011528224780349731
224,RaspberryPiComputeModule5,CPU,1900.0,SRAD,,PoCL→RPI,69.420903,115.59650099999999,7.106832298136646,0.49334087345869565,0.034257487117783425,1.3504991517072478,2.9232119324007955,0.0652049677607922,0.009338494200613683,0.001281872307912577
225,RaspberryPiComputeModule5,CPU,2000.0,BFS,1.0,Serial→RPI,6502.914609333333,6502.916080499999,4.175665266106443,27.1539085199195,176.57905910312203,4.524867110688971,4.524888210056947,0.04970650685917699,0.31490470799931336,1.9995891522915732
226,RaspberryPiComputeModule5,CPU,2000.0,BFS,4.0,OpenMP→RPI,2105.912731666667,2105.913565166667,6.56559934318555,13.826579566932862,29.11758810475702,1.7910884890315955,1.7910803873238095,0.04786745834653269,0.1015713135095898,0.21830395682171852
227,RaspberryPiComputeModule5,CPU,2000.0,BFS,,PoCL→RPI,1706.9674036666668,1782.998511,5.81025641025641,9.918047316276924,16.930106152843155,4.5915985044099665,3.651565968895347,0.07210555488563225,0.13783994384106824,0.2660210479914372
228,RaspberryPiComputeModule5,CPU,2000.0,FFT,1.0,Serial→RPI,0.30104033333333335,0.30121400000000004,4.450168902136116,0.0013396949737257827,4.033168105249932e-07,0.0016536353487594223,0.0016446463449629294,0.014885657915447546,1.1045808228040924e-05,5.509568550914816e-09
229,RaspberryPiComputeModule5,CPU,2000.0,FFT,4.0,OpenMP→RPI,0.085628,0.08577466666666667,7.946153846153847,0.0006804150987179488,5.826342736741923e-08,0.0003218825872892177,0.00032287747934265363,0.027947541730130265,3.905569574579274e-06,5.268581233690077e-10
230,RaspberryPiComputeModule5,CPU,2000.0,FFT,,PoCL→RPI,0.16379166666666667,0.40233616666666666,7.015384615384615,0.0011490530153846154,1.8821040268883077e-07,0.0010563135266892405,0.004325337185314738,0.060177252971101075,1.131795738439183e-05,2.685675360653142e-09
231,RaspberryPiComputeModule5,CPU,2000.0,KMeans,1.0,Serial→RPI,4015.9038266666666,4015.9054565,4.3052631578947365,17.2895137743193,69.4329911077432,0.8813036656252997,0.881396150845775,0.028048237040998146,0.11104195896780271,0.43995578878351754
232,RaspberryPiComputeModule5,CPU,2000.0,KMeans,4.0,OpenMP→RPI,1006.257003,1006.2586846666667,8.016666666666667,8.066827613366666,8.117302807133095,0.24057671768153024,0.240481480098319,0.040824829046386374,0.04127679193168254,0.041821445246843475
233,RaspberryPiComputeModule5,CPU,2000.0,KMeans,,PoCL→RPI,1683.7991416666666,1709.5800206666665,6.532051282051282,10.998668612151283,18.519561555601666,0.6403931440461719,1.2439368457849782,0.039348741674930104,0.06762944734037013,0.11656641434475566
234,RaspberryPiComputeModule5,CPU,2000.0,SPMV,1.0,Serial→RPI,38.218768000000004,38.219024,5.266666666666667,0.20127077204210528,0.007694187242254892,0.743533191644059,0.7435293063044675,0.026768043681067326,0.0030493958087436245,0.00026451420771385505
235,RaspberryPiComputeModule5,CPU,2000.0,SPMV,4.0,OpenMP→RPI,16.964700333333333,16.965125833333335,9.047435897435896,0.1534873101551282,0.0026038733039180687,0.018103237574164637,0.01810085694564319,0.039945722543306764,0.0007660580341735919,1.4873697842909133e-05
236,RaspberryPiComputeModule5,CPU,2000.0,SPMV,,PoCL→RPI,16.790396833333332,44.8369495,6.461904761904762,0.10850169897380953,0.0018218841261949594,0.08005266020668189,0.10075410433079059,0.07037315505489986,0.0016238916959252613,3.528507061421451e-05
237,RaspberryPiComputeModule5,CPU,2000.0,SRAD,1.0,Serial→RPI,49.656988000000005,49.658445666666665,4.947435897435898,0.24568235942820515,0.012202164291161102,0.6856399868846625,0.6856414682078861,0.03718390778317421,0.004413178260234965,0.000380074579250219
238,RaspberryPiComputeModule5,CPU,2000.0,SRAD,4.0,OpenMP→RPI,43.918323166666674,43.919882,7.078571428571428,0.31087716647619046,0.013653317926476135,0.18142413115615727,0.18143623224482963,0.01969149821727154,0.0010177336785634908,9.444558406204116e-05
239,RaspberryPiComputeModule5,CPU,2000.0,SRAD,,PoCL→RPI,67.72006016666667,112.9201605,7.192857142857143,0.48701461691666664,0.03298549969756474,1.3382797261704906,2.643586919089044,0.09508320738453555,0.005793229728703763,0.0009825216346591057
240,RaspberryPiComputeModule5,CPU,2100.0,BFS,1.0,Serial→RPI,6360.728963166667,6360.730281166667,4.275980392156863,27.198745825087887,173.00691554672895,12.581945350531928,12.581876524099698,0.05079355210211749,0.3646461324202649,2.6015081436310994
241,RaspberryPiComputeModule5,CPU,2100.0,BFS,4.0,OpenMP→RPI,2085.784513,2085.7853616666666,6.6253922641853675,13.819163536124828,28.823910483894153,3.4428158201998,3.442793688841409,0.047732719414281914,0.1059036033457881,0.24281825422129436
242,RaspberryPiComputeModule5,CPU,2100.0,BFS,,PoCL→RPI,1701.8849871666669,1781.1022056666668,5.948717948717949,10.12401317556282,17.229907121970964,2.70985313848059,2.7217250616806723,0.05582446424891574,0.09378223781899207,0.16212009382939643
243,RaspberryPiComputeModule5,CPU,2100.0,FFT,1.0,Serial→RPI,0.28601866666666664,0.286178,4.494242424242425,0.0012854375293939394,3.676593624563149e-07,0.0001985081022695757,0.00020382541549081282,0.013528869244334416,4.086078767283908e-06,1.279263182814918e-09
244,RaspberryPiComputeModule5,CPU,2100.0,FFT,4.0,OpenMP→RPI,0.08210266666666667,0.08225483333333333,8.046153846153846,0.000660545664102564,5.4253186141807684e-08,0.001975096014543771,0.001980773527354063,0.04766748733793755,1.2715837021860757e-05,2.38055089487316e-09
245,RaspberryPiComputeModule5,CPU,2100.0,FFT,,PoCL→RPI,0.15547866666666668,0.3842315,7.264102564102564,0.0011294201448717948,1.75603193186509e-07,0.00046932149606285196,0.0027010143835233306,0.06223959558337945,1.1173338840033956e-05,2.0850520609737504e-09
246,RaspberryPiComputeModule5,CPU,2100.0,KMeans,1.0,Serial→RPI,3828.104891166667,3828.106547,4.424025341130604,16.935629301447076,64.83136032441405,1.5860446505167332,1.5861289509120813,0.02613480105579002,0.09954275423108495,0.38103320089708037
247,RaspberryPiComputeModule5,CPU,2100.0,KMeans,4.0,OpenMP→RPI,960.1972711666667,960.1990689999999,8.297222222222222,7.966966440516667,7.649864986565124,1.1481272123794102,1.1482125463395385,0.06361050460652165,0.06120742083815142,0.06029695077366066
248,RaspberryPiComputeModule5,CPU,2100.0,KMeans,,PoCL→RPI,1615.185534,1640.7368143333333,6.893589743589744,11.134412930464103,17.98417670713977,3.1149400162643435,3.240709546556754,0.03621653049186026,0.05940077155148632,0.10907676519367902
249,RaspberryPiComputeModule5,CPU,2100.0,SPMV,1.0,Serial→RPI,35.962899,35.963214,5.376180836707153,0.19333890106646423,0.006953979670189305,0.4966367663167923,0.4966299289551519,0.020951824466169274,0.0023933927029980706,0.00018163645094995063
250,RaspberryPiComputeModule5,CPU,2100.0,SPMV,4.0,OpenMP→RPI,16.670658666666665,16.67112283333333,9.173076923076922,0.15292084159230768,0.0025492896609088603,0.025711455918845237,0.025791917993175095,0.04883252384032095,0.000758506523811593,1.2902356332395217e-05
251,RaspberryPiComputeModule5,CPU,2100.0,SPMV,,PoCL→RPI,16.483752,44.64886066666667,6.607142857142857,0.10891082057619046,0.0017952947111675988,0.07450806896168966,0.07609740822043327,0.05010193690500078,0.0010015731444775015,2.21783492998739e-05
252,RaspberryPiComputeModule5,CPU,2100.0,SRAD,1.0,Serial→RPI,48.470817333333336,48.472297499999996,5.034294871794873,0.24402067072970088,0.011828679943276521,0.3758770710073517,0.3758609706818462,0.022300875763723926,0.0026894562196161566,0.00021824260174565794
253,RaspberryPiComputeModule5,CPU,2100.0,SRAD,4.0,OpenMP→RPI,43.93151016666667,43.93304116666667,7.19047619047619,0.3158897078190476,0.013877958875985938,0.25603637708451943,0.25598795121522167,0.011664236870396028,0.0021413109387863585,0.00017412502904041047
254,RaspberryPiComputeModule5,CPU,2100.0,SRAD,,PoCL→RPI,66.73221533333333,111.40493816666667,7.2595238095238095,0.4843821666214285,0.03232594695384929,1.0167669491624243,2.054687605701994,0.08779227183071023,0.004022253400166661,0.0006909787269346148
255,RaspberryPiComputeModule5,CPU,2200.0,BFS,1.0,Serial→RPI,6256.460337666666,6256.461738999999,4.310749299719888,26.970034089095098,168.73721946570734,8.472203689300843,8.472216959894995,0.035198554265022906,0.22324601177476527,1.4518861400093146
256,RaspberryPiComputeModule5,CPU,2200.0,BFS,4.0,OpenMP→RPI,2065.5886628333333,2065.5894701666666,6.770886661647531,13.98586255863981,28.889039664608152,1.2720686020703373,1.2720899031772717,0.0300903781118548,0.06161112545449782,0.1286180214541465
257,RaspberryPiComputeModule5,CPU,2200.0,BFS,,PoCL→RPI,1696.9607551666668,1774.5686249999999,5.976923076923078,10.142652593498719,17.211779451749308,1.6408175055150647,4.17226710758302,0.05102499677469859,0.09371401429403278,0.17188516785249144
258,RaspberryPiComputeModule5,CPU,2200.0,FFT,1.0,Serial→RPI,0.27315416666666664,0.2733135,4.457652277300165,0.0012175827452441926,3.325779404016538e-07,0.0007498672993714877,0.0007531408234852058,0.10319601809901227,2.6090946044914776e-05,6.62211463819499e-09
259,RaspberryPiComputeModule5,CPU,2200.0,FFT,4.0,OpenMP→RPI,0.07750116666666666,0.07763450000000001,8.275641025641027,0.0006413705602564103,4.9707022223014104e-08,0.0001495130986457937,0.00015080948246049244,0.02251451427540022,1.61783188878354e-06,1.77585557233866e-10
260,RaspberryPiComputeModule5,CPU,2200.0,FFT,,PoCL→RPI,0.14857916666666668,0.3669968333333333,7.58974358974359,0.001127704482051282,1.6756572932871536e-07,0.0011488104137178836,0.006011743953851229,0.08033460596273162,1.710637356528191e-05,3.626897381452984e-09
261,RaspberryPiComputeModule5,CPU,2200.0,KMeans,1.0,Serial→RPI,3656.6265975,3656.6283355,4.462280701754386,16.316898670179825,59.66482604800408,1.0861757803919303,1.086290916533924,0.02142219489173966,0.07956966800576118,0.29648127151028014
262,RaspberryPiComputeModule5,CPU,2200.0,KMeans,4.0,OpenMP→RPI,917.0509441666667,917.05255,8.516666666666667,7.810210121333333,7.1623551396368015,0.3885509176534846,0.38845753420314033,0.04082482904638642,0.03575939450898637,0.03147215555545197
263,RaspberryPiComputeModule5,CPU,2200.0,KMeans,,PoCL→RPI,1555.3674806666668,1580.1828158333335,6.848717948717948,10.652316260048718,16.568372107332866,2.6020523577074464,2.476338045826929,0.053441704492772094,0.09127104599841801,0.15858025272421275
264,RaspberryPiComputeModule5,CPU,2200.0,SPMV,1.0,Serial→RPI,34.57391633333334,34.57420866666667,5.425641025641025,0.18757917780897437,0.0064856267980444434,0.3335386439431975,0.33356651324296216,0.02649848345182274,0.0010968158790996081,9.823735124959258e-05
265,RaspberryPiComputeModule5,CPU,2200.0,SPMV,4.0,OpenMP→RPI,16.471238666666668,16.471719166666666,9.302564102564103,0.15322467987820515,0.002523801595372062,0.018074128179989192,0.018153010796193136,0.03462962669976225,0.0005714693117998977,1.0214877859069097e-05
266,RaspberryPiComputeModule5,CPU,2200.0,SPMV,,PoCL→RPI,16.281419166666666,44.5144905,6.5738095238095235,0.1070339078095238,0.001742753407900954,0.08652929339689978,0.09541338411093063,0.058843734025073625,0.0014181000697142498,3.161556113680126e-05
267,RaspberryPiComputeModule5,CPU,2200.0,SRAD,1.0,Serial→RPI,47.459454,47.46092183333334,5.078205128205128,0.24099272517435896,0.01143946720828405,0.8216495301460339,0.8216587740553662,0.024039743555557273,0.0030530044650466104,0.0003438267607613574
268,RaspberryPiComputeModule5,CPU,2200.0,SRAD,4.0,OpenMP→RPI,44.016339499999994,44.01782866666667,7.296536796536796,0.3211659838045455,0.01413675040022837,0.19779534705220245,0.19779909688941222,0.07713309075729674,0.003607944637988191,0.000189935311375841
269,RaspberryPiComputeModule5,CPU,2200.0,SRAD,,PoCL→RPI,66.53262,111.38433366666668,7.378571428571429,0.49086397780714286,0.032673116377898014,1.718224863141143,3.5434360111190215,0.07599677759011644,0.011156540070947374,0.0015596648532614948
270,RaspberryPiComputeModule5,CPU,2300.0,BFS,1.0,Serial→RPI,6140.8172155,6140.818541666667,4.308648459383753,26.458445358012153,162.47579981032746,10.69272318957537,10.69277493565014,0.054456021174158126,0.32054469327203106,1.921877220769433
271,RaspberryPiComputeModule5,CPU,2300.0,BFS,4.0,OpenMP→RPI,2050.566014,2050.5668760000003,6.969534632034633,14.29148422198945,29.305637914442485,1.8399286411974451,1.8398207809658016,0.04667400240715141,0.09541796144808311,0.19857167663631026
272,RaspberryPiComputeModule5,CPU,2300.0,BFS,,PoCL→RPI,1692.9401396666665,1773.6476765,6.157692307692308,10.424635256015385,17.648343094599763,1.2096169288147314,3.1080876248035594,0.05188745216627728,0.0924405951776349,0.16488324723348544
273,RaspberryPiComputeModule5,CPU,2300.0,FFT,1.0,Serial→RPI,0.2614473333333333,0.2616105,4.590136054421769,0.0012000770829931973,3.137601927783456e-07,0.0009832445609647014,0.0009955492453917324,0.009255201418512606,4.600911373930134e-06,2.3030659841413028e-09
274,RaspberryPiComputeModule5,CPU,2300.0,FFT,4.0,OpenMP→RPI,0.07433166666666667,0.074464,8.592307692307692,0.0006386832294871795,4.7474861517421794e-08,0.00019562890038710932,0.00019929375303807156,0.03440104580768889,3.6653697902498595e-06,3.787797032463278e-10
275,RaspberryPiComputeModule5,CPU,2300.0,FFT,,PoCL→RPI,0.14238566666666666,0.3578805,7.637179487179488,0.0010874167987179487,1.5483212941341154e-07,0.00033495950003941777,0.0031536152428602,0.052039281173070516,6.343008758051724e-06,8.862961428763226e-10
276,RaspberryPiComputeModule5,CPU,2300.0,KMeans,1.0,Serial→RPI,3502.0817685,3502.0835038333335,4.515789473684211,15.814643921507018,55.38411244437726,1.3214219863084808,1.3212794841859334,0.04076824574955161,0.14022711335531385,0.48290390083803814
277,RaspberryPiComputeModule5,CPU,2300.0,KMeans,4.0,OpenMP→RPI,878.0438653333334,878.0454663333334,8.783333333333333,7.712160545366667,6.771623595000378,0.3286825441666661,0.3286130436076644,0.07527726527090887,0.06735890573486056,0.06033940208498777
278,RaspberryPiComputeModule5,CPU,2300.0,KMeans,,PoCL→RPI,1498.5730073333334,1523.1317011666667,6.980769230769231,10.461019424194873,15.676414025407942,3.50840144017155,3.830638776048201,0.07595545253127439,0.09582221438980569,0.12190247317400602
279,RaspberryPiComputeModule5,CPU,2300.0,SPMV,1.0,Serial→RPI,33.51455383333333,33.51479466666667,5.537678062678062,0.1856018436048433,0.006223539083882107,0.7886053087846715,0.7885988529825986,0.02338261704028756,0.004874317080101124,0.00031138282295458417
280,RaspberryPiComputeModule5,CPU,2300.0,SPMV,4.0,OpenMP→RPI,16.075489333333334,16.075884333333335,9.616666666666667,0.15459489593974357,0.0024859229020087396,0.2958722700164159,0.2958261072391448,0.07925939239012153,0.003228205827691837,9.49285488249166e-05
281,RaspberryPiComputeModule5,CPU,2300.0,SPMV,,PoCL→RPI,16.069762833333332,44.43107533333333,6.6380952380952385,0.10667240864523808,0.0017142094903996406,0.04761817866914591,0.04290637974785307,0.040067969462785624,0.0006791181993719936,1.3497076898639162e-05
282,RaspberryPiComputeModule5,CPU,2300.0,SRAD,1.0,Serial→RPI,46.554852833333335,46.55623883333333,5.071581196581197,0.2361015750630342,0.010992256623800342,0.4415276042520621,0.4415147753502317,0.048013918830795504,0.0026729120147527125,0.00020344205687345781
283,RaspberryPiComputeModule5,CPU,2300.0,SRAD,4.0,OpenMP→RPI,43.83386333333333,43.835385333333335,7.376190476190477,0.32331832745,0.014172318781688087,0.2572992619100693,0.25728894766286964,0.04107401648161512,0.00041144525224516863,9.04451040182747e-05
284,RaspberryPiComputeModule5,CPU,2300.0,SRAD,,PoCL→RPI,64.280039,107.12213833333334,7.742857142857143,0.49773022242380954,0.03199619546741502,0.36193534427463464,1.0464589356277012,0.0745051703451734,0.007346225271605854,0.0006465585238803981
285,RaspberryPiComputeModule5,CPU,2400.0,BFS,1.0,Serial→RPI,6040.380250499999,6040.3817328333325,4.3200980392156865,26.094678890368872,157.6201356807724,11.875349917907437,11.875388799862236,0.06948488257615078,0.3954727440026299,2.274346395949495
286,RaspberryPiComputeModule5,CPU,2400.0,BFS,4.0,OpenMP→RPI,2035.4002090000001,2035.4010468333333,7.012722462722462,14.273706080218746,29.052764687333667,2.661674903156322,2.6616579496562767,0.05275552229247161,0.1105108397953933,0.23729683417792824
287,RaspberryPiComputeModule5,CPU,2400.0,BFS,,PoCL→RPI,1692.7594748333333,1770.4497801666666,6.2243589743589745,10.536316538585897,17.835476042886285,3.689823453578942,4.233769428375968,0.01324924172591175,0.019268599759198143,0.060893861504937155
288,RaspberryPiComputeModule5,CPU,2400.0,FFT,1.0,Serial→RPI,0.25007966666666664,0.25024416666666666,4.673341836734694,0.001168708357015306,2.922704149584434e-07,0.00013546610892273313,0.00012970029555350927,0.008053713240462383,2.4715371588501567e-06,7.487128246142466e-10
289,RaspberryPiComputeModule5,CPU,2400.0,FFT,4.0,OpenMP→RPI,0.07197383333333333,0.07210516666666666,7.240064102564102,0.0005224642048076923,3.7722577543024684e-08,0.001751991257588539,0.0017478347080506947,3.5482061507979155,0.00025607611555228166,1.8551777701719457e-08
290,RaspberryPiComputeModule5,CPU,2400.0,FFT,,PoCL→RPI,0.13627316666666667,0.34185,7.844871794871795,0.0010690389243589744,1.4568408732683973e-07,0.0007490034490352252,0.004674383595726839,0.048508320927559336,7.813669405244306e-06,1.6553430519601673e-09
291,RaspberryPiComputeModule5,CPU,2400.0,KMeans,1.0,Serial→RPI,3359.6950375,3359.6967153333335,4.608239616134353,15.482263694954804,52.0156396589417,1.537225023791563,1.5372760215233883,0.04338396361704418,0.1438183587947542,0.4778046008111998
292,RaspberryPiComputeModule5,CPU,2400.0,KMeans,4.0,OpenMP→RPI,842.6743958333333,842.6758211666667,9.062962962962962,7.637118874666666,6.435598181345564,0.21754449980397475,0.21751976218302757,0.07459079037140125,0.06170692600606319,0.05106732787738866
293,RaspberryPiComputeModule5,CPU,2400.0,KMeans,,PoCL→RPI,1450.4827151666668,1474.3246551666668,7.178632478632479,10.41245100538248,15.103107794696106,3.4957355029930692,3.389739185340403,0.053899037929463184,0.07718927588405773,0.12185573531675012
294,RaspberryPiComputeModule5,CPU,2400.0,SPMV,1.0,Serial→RPI,32.76145866666666,32.76173716666667,5.566666666666666,0.18234574064871792,0.005977790759673405,1.0142052234526646,1.0142714712260053,0.038204267758336345,0.004646260212861941,0.0003396736805658764
295,RaspberryPiComputeModule5,CPU,2400.0,SPMV,4.0,OpenMP→RPI,15.702407,15.702728333333333,9.575534188034188,0.15035954820128206,0.0023618528957206624,0.3235413905360487,0.32347921967920434,0.04517919734668491,0.003216144315234557,9.935255445182493e-05
296,RaspberryPiComputeModule5,CPU,2400.0,SPMV,,PoCL→RPI,15.915312333333333,44.39395033333333,6.692857142857143,0.1065204827357143,0.001695348100949497,0.05399741635918072,0.06921615531266306,0.049280538030457934,0.0010730755968054997,2.225062908253833e-05
297,RaspberryPiComputeModule5,CPU,2400.0,SRAD,1.0,Serial→RPI,46.141853,46.14322216666667,5.145726495726495,0.23743658473717946,0.01095771625315179,0.6476178938599525,0.6475565179628481,0.022843069616366358,0.0037568377771752043,0.00032661133259633137
298,RaspberryPiComputeModule5,CPU,2400.0,SRAD,4.0,OpenMP→RPI,43.85418383333333,43.855641,7.507142857142857,0.3292179357095238,0.01443765949708836,0.15465940085544885,0.15468032168055246,0.04403152859263553,0.0019367816055408987,0.00011142330891439978
299,RaspberryPiComputeModule5,CPU,2400.0,SRAD,,PoCL→RPI,64.5369535,107.98353350000001,7.652380952380952,0.4938290473333333,0.03187317616128716,0.8887199823057359,1.1751536139475185,0.09287545606959917,0.006645424853720717,0.0007791656394877659
300,RaspberryPiComputeModule5,GPU,500.0,BFS,,clvk→RPI,14636.973893833334,14739.563801166667,3.675427729042637,53.797138163787075,787.4272841977777,0.17164576015450653,1.0837549883552664,0.031208541032603964,0.45657682325939536,6.679668084959612
301,RaspberryPiComputeModule5,GPU,500.0,FFT,,clvk→RPI,1.5264031666666666,3074457345620.4897,3.872312008978676,0.005910813891358026,9.02304213034755e-06,0.013601261815238566,7530851732713.455,0.015836998992726194,6.961351575395505e-05,1.8507695732153698e-07
302,RaspberryPiComputeModule5,GPU,500.0,KMeans,,clvk→RPI,9814.040782,9911.310632333334,3.9577056277056273,38.841269661403885,381.1922887558979,14.221497271303537,17.409580118955745,0.045747087337121364,0.47134930500439937,4.898151041688006
303,RaspberryPiComputeModule5,GPU,500.0,SPMV,,clvk→RPI,407.06092366666667,439.6660023333334,4.188512544802868,1.704979068480215,0.6940300787989808,0.06792398738196051,1.5545123926943265,0.0337666197165731,0.013638364907764756,0.005510313962612449
304,RaspberryPiComputeModule5,GPU,500.0,SRAD,,clvk→RPI,313.65668216666666,386.60963783333335,3.698948948948949,1.1600922725415916,0.36467142739008945,16.442467717447958,14.042411495384437,0.025617393416193564,0.05893799351443141,0.03825200349303147
305,RaspberryPiComputeModule5,GPU,550.0,BFS,,clvk→RPI,14016.189380166667,14120.157160666668,3.762023329992472,52.72922999310874,739.0628532500282,0.2236700048625884,2.950182873397985,0.04016960622262946,0.5628591705195483,7.886836184095971
306,RaspberryPiComputeModule5,GPU,550.0,FFT,,clvk→RPI,1.4377618333333333,4098182737118.3945,3.945238095238095,0.005672294677891157,8.155427691790699e-06,0.0036991978815232238,6566034172766.361,0.03594193722644385,5.147350443836349e-05,7.942205840564161e-08
307,RaspberryPiComputeModule5,GPU,550.0,KMeans,,clvk→RPI,9227.933844333333,9328.567334666666,3.9985761746559088,36.89900529861506,340.50577757079867,11.345260124787757,13.618217146981541,0.057120084013645364,0.5619984303485105,5.5200663912356704
308,RaspberryPiComputeModule5,GPU,550.0,SPMV,,clvk→RPI,371.1726478333333,406.3764221666667,4.252929180571004,1.5785698585246013,0.5859215476623797,0.057202299864323854,2.8158029773348496,0.03877900384732251,0.014247501996772726,0.005235013392982445
309,RaspberryPiComputeModule5,GPU,550.0,SRAD,,clvk→RPI,286.2976528333333,352.49835583333333,3.731925243215566,1.068435187817102,0.30639275050066744,12.738383048112956,11.440082809962925,0.015723650170672572,0.04753740775712246,0.027359213062914993
310,RaspberryPiComputeModule5,GPU,600.0,BFS,,clvk→RPI,13514.040368,13618.783786666667,3.842915736376416,51.93331758573774,701.8289398022431,0.35447919580253884,3.814443370252459,0.020553247585657,0.27758326645595915,3.749007421077854
311,RaspberryPiComputeModule5,GPU,600.0,FFT,,clvk→RPI,1.3534810000000002,3074457345620.469,3.9579365079365076,0.005356929875439342,7.250618871548145e-06,0.00778439639278489,7530851732714.355,0.021865991343388787,3.216109042469287e-05,7.531629876261541e-08
312,RaspberryPiComputeModule5,GPU,600.0,KMeans,,clvk→RPI,8716.763823166666,8813.717311833332,4.0495253915519696,35.29880055804193,307.6921082794024,11.100044082119936,11.841039591100232,0.05562791454080602,0.4912112013468691,4.371456385531343
313,RaspberryPiComputeModule5,GPU,600.0,SPMV,,clvk→RPI,341.4992406666667,372.8844563333334,4.343333333333334,1.4832434591893335,0.5065260245086577,0.11491411667619694,2.828702010513197,0.02365304772469464,0.007739459639511158,0.0025337349835713356
314,RaspberryPiComputeModule5,GPU,600.0,SRAD,,clvk→RPI,265.95201316666663,326.68237849999997,3.7946236559139783,1.009208419460215,0.26861014224103913,8.03354274518627,5.462317973487853,0.008575226682742852,0.03130973470930969,0.01630637134572855
315,RaspberryPiComputeModule5,GPU,650.0,BFS,,clvk→RPI,13109.616649833333,13212.045517,3.9010232477746087,51.1409254191224,670.4380087490734,0.663715439604211,0.8518818957375103,0.021122767587379333,0.278270092614546,3.66605602869635
316,RaspberryPiComputeModule5,GPU,650.0,FFT,,clvk→RPI,1.2794506666666667,3930843009660.1333,3.986415816326531,0.0051004243752763604,6.526308768803893e-06,0.012998118720286637,7402370929937.632,0.03245533145218139,6.697594334214239e-05,1.4396751461767172e-07
317,RaspberryPiComputeModule5,GPU,650.0,KMeans,,clvk→RPI,8305.023678,8402.3643775,4.057918050941306,33.70080427635435,279.88423271602056,14.93786865376274,15.368461082699453,0.03601071109457752,0.2620859694530769,1.9537178388002234
318,RaspberryPiComputeModule5,GPU,650.0,SPMV,,clvk→RPI,318.18469666666664,352.048734,4.392666666666667,1.3976801142786668,0.44472070912679085,0.09099117379983228,1.957307048506491,0.023105554887659547,0.007544732880425633,0.002467026680736753
319,RaspberryPiComputeModule5,GPU,650.0,SRAD,,clvk→RPI,246.43502716666669,300.6074903333333,3.8359722222222223,0.945302556859,0.2332870579757023,10.225056539708758,9.131644701162715,0.018472326649663084,0.03915843866985228,0.019207223539270145
320,RaspberryPiComputeModule5,GPU,700.0,BFS,,clvk→RPI,12746.461448666667,12850.450646666666,3.915151638653864,49.904330957998376,636.1036511826329,0.5541963161264772,2.890328121259234,0.011174102205497213,0.14308569340367694,1.8325677202310096
321,RaspberryPiComputeModule5,GPU,700.0,FFT,,clvk→RPI,1.2442496666666667,2270570419605.0103,4.043023255813954,0.005030541073255814,6.2595439143426034e-06,0.009130765502775041,5561738953082.897,0.03954172307462192,6.266587782381171e-05,1.123973335783869e-07
322,RaspberryPiComputeModule5,GPU,700.0,KMeans,,clvk→RPI,7939.480447166668,8035.5315058333335,4.079990251879786,32.392927221456624,257.18317464618895,14.965956051657596,18.537075287110312,0.0447237997830204,0.3518104946181132,2.8511483700139433
323,RaspberryPiComputeModule5,GPU,700.0,SPMV,,clvk→RPI,296.67116166666665,330.9321693333333,4.458,1.3225601762326666,0.3923655336155856,0.0882350090761443,3.380918058228082,0.030646370095004982,0.0091253348796293,0.0027221344654212555
324,RaspberryPiComputeModule5,GPU,700.0,SRAD,,clvk→RPI,230.85226033333333,282.08998083333336,3.820952380952381,0.8819849463832381,0.2040870810330915,12.52737875291584,7.95820210120361,0.012862432774197572,0.0459242408655984,0.021552302563604693
325,RaspberryPiComputeModule5,GPU,750.0,BFS,,clvk→RPI,12438.597832166668,12543.356732833332,3.93692931978544,48.969881983556235,609.116686897675,0.4253147399476366,3.1311999416336787,0.008407510244645575,0.10542091607395941,1.3220216950528474
326,RaspberryPiComputeModule5,GPU,750.0,FFT,,clvk→RPI,1.1894341666666666,8222614843243.652,4.067441860465116,0.004837903765891473,5.7548371587060475e-06,0.012530229773099399,9189103304512.686,0.06741779843409564,9.145370593344498e-05,1.4737200598124605e-07
327,RaspberryPiComputeModule5,GPU,750.0,KMeans,,clvk→RPI,7631.213503166667,7729.199091666666,4.145736434108527,31.63691086611861,241.42797519967806,13.53981786414358,14.356366370855099,0.03973047831069358,0.29729507148561884,2.3035633018932806
328,RaspberryPiComputeModule5,GPU,750.0,SPMV,,clvk→RPI,277.93396433333334,311.58654533333333,4.4868421052631575,1.2470448042464912,0.3465958503697932,0.08140218694524524,2.3339565222019556,0.019049432706161936,0.005015034750414633,0.0013194183720844925
329,RaspberryPiComputeModule5,GPU,750.0,SRAD,,clvk→RPI,218.47937749999997,266.47257616666667,3.8800000000000003,0.8477207867386666,0.1853320254678589,6.039248754214687,2.863334179723312,0.006196773353931947,0.024364343163249032,0.010562651464061719
330,RaspberryPiComputeModule5,GPU,800.0,BFS,,clvk→RPI,12167.207078,12271.465295666667,3.9763137181797465,48.38063225122499,588.6571694500309,0.29686432082292485,0.711434167954488,0.014688596911451317,0.1786669040042157,2.173335545183986
331,RaspberryPiComputeModule5,GPU,800.0,FFT,,clvk→RPI,1.142042,5856890460970.945,4.085105204872646,0.004665442983277962,5.328715361891299e-06,0.012026832533963465,9090357497706.404,0.026789373242412238,6.517225421930683e-05,1.2612391588939985e-07
332,RaspberryPiComputeModule5,GPU,800.0,KMeans,,clvk→RPI,7354.109062666666,7451.938542,4.204086229086228,30.917493788648486,227.37239186872205,10.841427782842757,11.651345917239569,0.055915870083221554,0.43005784656989365,3.3285832926932
333,RaspberryPiComputeModule5,GPU,800.0,SPMV,,clvk→RPI,261.85307516666666,295.6336503333333,4.583333333333333,1.2001598005403509,0.314265509506159,0.04678766526520714,2.3473586221681324,0.01924234327466098,0.005007061382188198,0.001305219296962516
334,RaspberryPiComputeModule5,GPU,800.0,SRAD,,clvk→RPI,211.10300633333335,254.92866066666667,3.904239766081871,0.8241114876745614,0.17412440831017206,7.230557472207673,5.421722664936959,0.01825250094945972,0.025336294902545648,0.011340307115954538
335,RaspberryPiComputeModule5,GPU,850.0,BFS,,clvk→RPI,11953.527018333334,12058.2595885,4.002709268779419,47.84649278714367,571.9343371027379,0.12968909449268426,3.269647915848171,0.011112683769089087,0.13257560483864214,1.5816543322124283
336,RaspberryPiComputeModule5,GPU,850.0,FFT,,clvk→RPI,1.1050060000000002,5971731450400.001,4.060944998154301,0.004487218039636397,4.958812011046693e-06,0.013007784576936951,9257472748035.238,0.02297909689658758,4.287980464731083e-05,1.018708027557852e-07
337,RaspberryPiComputeModule5,GPU,850.0,KMeans,,clvk→RPI,7133.553489833333,7232.2630641666665,4.207319078947369,30.013356471410063,214.10410234181927,13.540879704015701,15.364806427453301,0.058828606537935785,0.44175068394459877,3.351194689406174
338,RaspberryPiComputeModule5,GPU,850.0,SPMV,,clvk→RPI,248.31508999999997,283.1889496666667,4.568421052631579,1.1344071911947367,0.2816902697183242,0.0691368430722759,2.8631939252126535,0.02621031494313397,0.006370977922940155,0.00155108904615765
339,RaspberryPiComputeModule5,GPU,850.0,SRAD,,clvk→RPI,193.06669233333332,236.4272695,3.973586744639377,0.7671528441169592,0.1482662705303824,6.877923149350782,6.980713173075013,0.037464193165268486,0.027940196383318423,0.010753548390237273
340,RaspberryPiComputeModule5,GPU,900.0,BFS,,clvk→RPI,11769.457193,11876.231154333333,4.043539192736852,47.59026166424184,560.1115501755164,0.11117308933700294,3.5957225045794137,0.008337527117793973,0.09826124396972892,1.158069735933451
341,RaspberryPiComputeModule5,GPU,900.0,FFT,,clvk→RPI,1.0744543333333334,12921251896524.701,4.1464522662197085,0.004455295500721069,4.787455952721624e-06,0.009566352275902537,7436190738738.071,0.034593903235842376,6.486146509522302e-05,1.0787483499245437e-07
342,RaspberryPiComputeModule5,GPU,900.0,KMeans,,clvk→RPI,6908.4954045,7007.037530666667,4.231237002376708,29.231596057573906,201.9476609238882,12.168389348090335,13.744018981894376,0.0486533322142931,0.3519132594347342,2.5848873645867325
343,RaspberryPiComputeModule5,GPU,900.0,SPMV,,clvk→RPI,237.03663916666665,269.661108,4.609844054580897,1.0927022230047758,0.2590105535859459,0.07975928124906093,2.964861470957047,0.0617311411447597,0.01466005136891868,0.003483642501230209
344,RaspberryPiComputeModule5,GPU,900.0,SRAD,,clvk→RPI,194.29975233333334,232.670577,3.9462475633528267,0.7668133859293859,0.149304764467219,9.602978396961928,9.962699887736735,0.062275736744869435,0.04087387001107082,0.015252383685649438
345,RaspberryPiComputeModule5,GPU,960.0,BFS,,clvk→RPI,11560.981715,11665.177464666667,4.043461143444026,46.74637922298191,540.4340227727794,0.298827796266793,2.502686304431552,0.009066917886291617,0.10422498455280761,1.1981592065667859
346,RaspberryPiComputeModule5,GPU,960.0,FFT,,clvk→RPI,1.0346651666666666,7047955579926.495,4.207657657657658,0.004353686135585586,4.504975222300081e-06,0.007363801475234553,9073263463663.238,0.05473668068416656,7.753876248511408e-05,1.0765042345306528e-07
347,RaspberryPiComputeModule5,GPU,960.0,KMeans,,clvk→RPI,6679.631334500001,6778.612811333333,4.260181026758127,28.456767455623282,190.08405726477508,17.98655019784287,20.177469872496932,0.028859080923698495,0.25576422707641705,2.167544382119152
348,RaspberryPiComputeModule5,GPU,960.0,SPMV,,clvk→RPI,261.99236283333335,298.6858056666667,4.734207892102629,1.2434494857763239,0.3572252812161123,87.47354575797107,97.62191321014731,0.048636846832223794,0.4314899770272205,0.2834398808771012
349,RaspberryPiComputeModule5,GPU,960.0,SRAD,,clvk→RPI,178.66163100000003,215.25637333333336,3.9959064327485385,0.7139547435175438,0.12764172688254458,4.857815866003036,4.855065017455017,0.03009509227174353,0.021700115099631972,0.00726842271289512
