run_dir,Platform,Device,Algorithm,Threads,Signal_Length,Filter_Length,Backend,N_FFT,Banks,Channels,policy0_freq_min,v3d_freq,gpu_freq,dmc_freq,Device,v3d_freq_min,dmc_governor,gpu_governor,policy0_freq,policy4_freq,policy0_freq_max,policy6_freq,dmc_freq_min,TestName,Governor,gpu_freq_max,cores_online,arm_freq_min,cpu_governor,cpu_freq,cpu_freq_max,core_freq,dmc_freq_max,cpu_freq_min,arm_freq,over_voltage_min,Config_ID,governor,policy6_freq_max,policy6_freq_min,policy4_freq_min,policy4_freq_max,Config_Name,over_voltage,core_freq_min,emc_max_freq,gpu_freq_min,conv_avg_ms,total_exec_ms,Kernel Runtime,Region of Interest,idle_power_w,run_power_w
bench_logs\upols_stream_tests\2026-05-15\clfft_upols_vs_v3d_freq_16_banks\arm_freq_min1500_core_freq_min500_v3d_freq_min500\run1,clvk,RaspberryPiComputeModule5,,,,,clfft-upols,,16,16,0,0,0,0,RaspberryPiComputeModule5,500,0,0,0,0,0,0,0,clfft_upols_vs_v3d_freq_16_banks,powersave,0,0,1500,0,0,0,0,0,0,0,0,0,0,0,0,0,0,0,0,500,0,0,9.277565,36249.704256,,,3.4099999999999997,3.908108108108108
bench_logs\upols_stream_tests\2026-05-15\clfft_upols_vs_v3d_freq_16_banks\arm_freq_min1500_core_freq_min500_v3d_freq_min500\run2,clvk,RaspberryPiComputeModule5,,,,,clfft-upols,,16,16,0,0,0,0,RaspberryPiComputeModule5,500,0,0,0,0,0,0,0,clfft_upols_vs_v3d_freq_16_banks,powersave,0,0,1500,0,0,0,0,0,0,0,0,0,0,0,0,0,0,0,0,500,0,0,9.206104,35970.708405,,,3.315,3.8297297297297295
bench_logs\upols_stream_tests\2026-05-15\clfft_upols_vs_v3d_freq_16_banks\arm_freq_min1500_core_freq_min500_v3d_freq_min500\run3,clvk,RaspberryPiComputeModule5,,,,,clfft-upols,,16,16,0,0,0,0,RaspberryPiComputeModule5,500,0,0,0,0,0,0,0,clfft_upols_vs_v3d_freq_16_banks,powersave,0,0,1500,0,0,0,0,0,0,0,0,0,0,0,0,0,0,0,0,500,0,0,9.208859,35981.546608,,,3.328333333333333,3.7918918918918916
bench_logs\upols_stream_tests\2026-05-15\clfft_upols_vs_v3d_freq_16_banks\arm_freq_min1500_core_freq_min500_v3d_freq_min500\run4,clvk,RaspberryPiComputeModule5,,,,,clfft-upols,,16,16,0,0,0,0,RaspberryPiComputeModule5,500,0,0,0,0,0,0,0,clfft_upols_vs_v3d_freq_16_banks,powersave,0,0,1500,0,0,0,0,0,0,0,0,0,0,0,0,0,0,0,0,500,0,0,9.23267,36075.178275,,,3.2449999999999997,3.848648648648649
bench_logs\upols_stream_tests\2026-05-15\clfft_upols_vs_v3d_freq_16_banks\arm_freq_min1500_core_freq_min500_v3d_freq_min500\run5,clvk,RaspberryPiComputeModule5,,,,,clfft-upols,,16,16,0,0,0,0,RaspberryPiComputeModule5,500,0,0,0,0,0,0,0,clfft_upols_vs_v3d_freq_16_banks,powersave,0,0,1500,0,0,0,0,0,0,0,0,0,0,0,0,0,0,0,0,500,0,0,9.360741,36575.768052,,,3.216666666666667,3.8054054054054047
bench_logs\upols_stream_tests\2026-05-15\clfft_upols_vs_v3d_freq_16_banks\arm_freq_min1500_core_freq_min500_v3d_freq_min500\run6,clvk,RaspberryPiComputeModule5,,,,,clfft-upols,,16,16,0,0,0,0,RaspberryPiComputeModule5,500,0,0,0,0,0,0,0,clfft_upols_vs_v3d_freq_16_banks,powersave,0,0,1500,0,0,0,0,0,0,0,0,0,0,0,0,0,0,0,0,500,0,0,9.266989,36208.930534,,,3.265,3.832432432432432
bench_logs\upols_stream_tests\2026-05-15\clfft_upols_vs_v3d_freq_16_banks\arm_freq_min1500_core_freq_min500_v3d_freq_min500\run7,clvk,RaspberryPiComputeModule5,,,,,clfft-upols,,16,16,0,0,0,0,RaspberryPiComputeModule5,500,0,0,0,0,0,0,0,clfft_upols_vs_v3d_freq_16_banks,powersave,0,0,1500,0,0,0,0,0,0,0,0,0,0,0,0,0,0,0,0,500,0,0,9.232868,36076.142478,,,3.23,3.8
bench_logs\upols_stream_tests\2026-05-15\clfft_upols_vs_v3d_freq_16_banks\arm_freq_min1500_core_freq_min500_v3d_freq_min500\run8,clvk,RaspberryPiComputeModule5,,,,,clfft-upols,,16,16,0,0,0,0,RaspberryPiComputeModule5,500,0,0,0,0,0,0,0,clfft_upols_vs_v3d_freq_16_banks,powersave,0,0,1500,0,0,0,0,0,0,0,0,0,0,0,0,0,0,0,0,500,0,0,9.238457,36097.129368,,,3.225,3.778378378378378
bench_logs\upols_stream_tests\2026-05-15\clfft_upols_vs_v3d_freq_16_banks\arm_freq_min1500_core_freq_min500_v3d_freq_min500\run9,clvk,RaspberryPiComputeModule5,,,,,clfft-upols,,16,16,0,0,0,0,RaspberryPiComputeModule5,500,0,0,0,0,0,0,0,clfft_upols_vs_v3d_freq_16_banks,powersave,0,0,1500,0,0,0,0,0,0,0,0,0,0,0,0,0,0,0,0,500,0,0,9.204306,35963.684793,,,3.2550000000000003,3.77027027027027
bench_logs\upols_stream_tests\2026-05-15\clfft_upols_vs_v3d_freq_16_banks\arm_freq_min1500_core_freq_min500_v3d_freq_min550\run1,clvk,RaspberryPiComputeModule5,,,,,clfft-upols,,16,16,0,0,0,0,RaspberryPiComputeModule5,550,0,0,0,0,0,0,0,clfft_upols_vs_v3d_freq_16_banks,powersave,0,0,1500,0,0,0,0,0,0,0,0,0,0,0,0,0,0,0,0,500,0,0,8.610873,33645.477146,,,3.2849999999999997,3.896774193548387
bench_logs\upols_stream_tests\2026-05-15\clfft_upols_vs_v3d_freq_16_banks\arm_freq_min1500_core_freq_min500_v3d_freq_min550\run2,clvk,RaspberryPiComputeModule5,,,,,clfft-upols,,16,16,0,0,0,0,RaspberryPiComputeModule5,550,0,0,0,0,0,0,0,clfft_upols_vs_v3d_freq_16_banks,powersave,0,0,1500,0,0,0,0,0,0,0,0,0,0,0,0,0,0,0,0,500,0,0,8.698542,33987.851314,,,3.313333333333333,3.8451612903225802
bench_logs\upols_stream_tests\2026-05-15\clfft_upols_vs_v3d_freq_16_banks\arm_freq_min1500_core_freq_min500_v3d_freq_min550\run3,clvk,RaspberryPiComputeModule5,,,,,clfft-upols,,16,16,0,0,0,0,RaspberryPiComputeModule5,550,0,0,0,0,0,0,0,clfft_upols_vs_v3d_freq_16_banks,powersave,0,0,1500,0,0,0,0,0,0,0,0,0,0,0,0,0,0,0,0,500,0,0,8.573286,33498.339091,,,3.3049999999999997,3.8129032258064517
bench_logs\upols_stream_tests\2026-05-15\clfft_upols_vs_v3d_freq_16_banks\arm_freq_min1500_core_freq_min500_v3d_freq_min550\run4,clvk,RaspberryPiComputeModule5,,,,,clfft-upols,,16,16,0,0,0,0,RaspberryPiComputeModule5,550,0,0,0,0,0,0,0,clfft_upols_vs_v3d_freq_16_banks,powersave,0,0,1500,0,0,0,0,0,0,0,0,0,0,0,0,0,0,0,0,500,0,0,8.709874,34032.609258,,,3.2266666666666666,3.8483870967741933
bench_logs\upols_stream_tests\2026-05-15\clfft_upols_vs_v3d_freq_16_banks\arm_freq_min1500_core_freq_min500_v3d_freq_min550\run5,clvk,RaspberryPiComputeModule5,,,,,clfft-upols,,16,16,0,0,0,0,RaspberryPiComputeModule5,550,0,0,0,0,0,0,0,clfft_upols_vs_v3d_freq_16_banks,powersave,0,0,1500,0,0,0,0,0,0,0,0,0,0,0,0,0,0,0,0,500,0,0,8.617995,33673.368276,,,3.283333333333333,3.851612903225806
bench_logs\upols_stream_tests\2026-05-15\clfft_upols_vs_v3d_freq_16_banks\arm_freq_min1500_core_freq_min500_v3d_freq_min550\run6,clvk,RaspberryPiComputeModule5,,,,,clfft-upols,,16,16,0,0,0,0,RaspberryPiComputeModule5,550,0,0,0,0,0,0,0,clfft_upols_vs_v3d_freq_16_banks,powersave,0,0,1500,0,0,0,0,0,0,0,0,0,0,0,0,0,0,0,0,500,0,0,8.755042,34209.06961,,,3.25,3.858064516129032
bench_logs\upols_stream_tests\2026-05-15\clfft_upols_vs_v3d_freq_16_banks\arm_freq_min1500_core_freq_min500_v3d_freq_min550\run7,clvk,RaspberryPiComputeModule5,,,,,clfft-upols,,16,16,0,0,0,0,RaspberryPiComputeModule5,550,0,0,0,0,0,0,0,clfft_upols_vs_v3d_freq_16_banks,powersave,0,0,1500,0,0,0,0,0,0,0,0,0,0,0,0,0,0,0,0,500,0,0,8.641414,33764.735888,,,3.2716666666666665,3.8741935483870966
bench_logs\upols_stream_tests\2026-05-15\clfft_upols_vs_v3d_freq_16_banks\arm_freq_min1500_core_freq_min500_v3d_freq_min550\run8,clvk,RaspberryPiComputeModule5,,,,,clfft-upols,,16,16,0,0,0,0,RaspberryPiComputeModule5,550,0,0,0,0,0,0,0,clfft_upols_vs_v3d_freq_16_banks,powersave,0,0,1500,0,0,0,0,0,0,0,0,0,0,0,0,0,0,0,0,500,0,0,8.745914,34173.342887,,,3.2516666666666665,3.8
bench_logs\upols_stream_tests\2026-05-15\clfft_upols_vs_v3d_freq_16_banks\arm_freq_min1500_core_freq_min500_v3d_freq_min550\run9,clvk,RaspberryPiComputeModule5,,,,,clfft-upols,,16,16,0,0,0,0,RaspberryPiComputeModule5,550,0,0,0,0,0,0,0,clfft_upols_vs_v3d_freq_16_banks,powersave,0,0,1500,0,0,0,0,0,0,0,0,0,0,0,0,0,0,0,0,500,0,0,8.623113,33692.897128,,,3.295,3.838709677419355
bench_logs\upols_stream_tests\2026-05-15\clfft_upols_vs_v3d_freq_16_banks\arm_freq_min1500_core_freq_min500_v3d_freq_min600\run1,clvk,RaspberryPiComputeModule5,,,,,clfft-upols,,16,16,0,0,0,0,RaspberryPiComputeModule5,600,0,0,0,0,0,0,0,clfft_upols_vs_v3d_freq_16_banks,powersave,0,0,1500,0,0,0,0,0,0,0,0,0,0,0,0,0,0,0,0,500,0,0,8.249156,32232.18874,,,3.3,3.8741935483870966
bench_logs\upols_stream_tests\2026-05-15\clfft_upols_vs_v3d_freq_16_banks\arm_freq_min1500_core_freq_min500_v3d_freq_min600\run2,clvk,RaspberryPiComputeModule5,,,,,clfft-upols,,16,16,0,0,0,0,RaspberryPiComputeModule5,600,0,0,0,0,0,0,0,clfft_upols_vs_v3d_freq_16_banks,powersave,0,0,1500,0,0,0,0,0,0,0,0,0,0,0,0,0,0,0,0,500,0,0,8.076919,31559.023482,,,3.313333333333333,3.896774193548387
bench_logs\upols_stream_tests\2026-05-15\clfft_upols_vs_v3d_freq_16_banks\arm_freq_min1500_core_freq_min500_v3d_freq_min600\run3,clvk,RaspberryPiComputeModule5,,,,,clfft-upols,,16,16,0,0,0,0,RaspberryPiComputeModule5,600,0,0,0,0,0,0,0,clfft_upols_vs_v3d_freq_16_banks,powersave,0,0,1500,0,0,0,0,0,0,0,0,0,0,0,0,0,0,0,0,500,0,0,8.106967,31676.580148,,,3.3016666666666667,3.8838709677419354
bench_logs\upols_stream_tests\2026-05-15\clfft_upols_vs_v3d_freq_16_banks\arm_freq_min1500_core_freq_min500_v3d_freq_min600\run4,clvk,RaspberryPiComputeModule5,,,,,clfft-upols,,16,16,0,0,0,0,RaspberryPiComputeModule5,600,0,0,0,0,0,0,0,clfft_upols_vs_v3d_freq_16_banks,powersave,0,0,1500,0,0,0,0,0,0,0,0,0,0,0,0,0,0,0,0,500,0,0,8.090206,31611.360463,,,3.2916666666666665,3.896774193548387
bench_logs\upols_stream_tests\2026-05-15\clfft_upols_vs_v3d_freq_16_banks\arm_freq_min1500_core_freq_min500_v3d_freq_min600\run5,clvk,RaspberryPiComputeModule5,,,,,clfft-upols,,16,16,0,0,0,0,RaspberryPiComputeModule5,600,0,0,0,0,0,0,0,clfft_upols_vs_v3d_freq_16_banks,powersave,0,0,1500,0,0,0,0,0,0,0,0,0,0,0,0,0,0,0,0,500,0,0,8.078814,31566.296815,,,3.2916666666666665,3.9161290322580644
bench_logs\upols_stream_tests\2026-05-15\clfft_upols_vs_v3d_freq_16_banks\arm_freq_min1500_core_freq_min500_v3d_freq_min600\run6,clvk,RaspberryPiComputeModule5,,,,,clfft-upols,,16,16,0,0,0,0,RaspberryPiComputeModule5,600,0,0,0,0,0,0,0,clfft_upols_vs_v3d_freq_16_banks,powersave,0,0,1500,0,0,0,0,0,0,0,0,0,0,0,0,0,0,0,0,500,0,0,8.119113,31724.100351,,,3.29,3.8774193548387097
bench_logs\upols_stream_tests\2026-05-15\clfft_upols_vs_v3d_freq_16_banks\arm_freq_min1500_core_freq_min500_v3d_freq_min600\run7,clvk,RaspberryPiComputeModule5,,,,,clfft-upols,,16,16,0,0,0,0,RaspberryPiComputeModule5,600,0,0,0,0,0,0,0,clfft_upols_vs_v3d_freq_16_banks,powersave,0,0,1500,0,0,0,0,0,0,0,0,0,0,0,0,0,0,0,0,500,0,0,8.305595,32452.90224,,,3.3299999999999996,3.903225806451613
bench_logs\upols_stream_tests\2026-05-15\clfft_upols_vs_v3d_freq_16_banks\arm_freq_min1500_core_freq_min500_v3d_freq_min600\run8,clvk,RaspberryPiComputeModule5,,,,,clfft-upols,,16,16,0,0,0,0,RaspberryPiComputeModule5,600,0,0,0,0,0,0,0,clfft_upols_vs_v3d_freq_16_banks,powersave,0,0,1500,0,0,0,0,0,0,0,0,0,0,0,0,0,0,0,0,500,0,0,8.187427,31990.733815,,,3.295,3.8548387096774195
bench_logs\upols_stream_tests\2026-05-15\clfft_upols_vs_v3d_freq_16_banks\arm_freq_min1500_core_freq_min500_v3d_freq_min600\run9,clvk,RaspberryPiComputeModule5,,,,,clfft-upols,,16,16,0,0,0,0,RaspberryPiComputeModule5,600,0,0,0,0,0,0,0,clfft_upols_vs_v3d_freq_16_banks,powersave,0,0,1500,0,0,0,0,0,0,0,0,0,0,0,0,0,0,0,0,500,0,0,8.101292,31654.086796,,,3.3216666666666663,3.893548387096774
bench_logs\upols_stream_tests\2026-05-15\clfft_upols_vs_v3d_freq_16_banks\arm_freq_min1500_core_freq_min500_v3d_freq_min650\run1,clvk,RaspberryPiComputeModule5,,,,,clfft-upols,,16,16,0,0,0,0,RaspberryPiComputeModule5,650,0,0,0,0,0,0,0,clfft_upols_vs_v3d_freq_16_banks,powersave,0,0,1500,0,0,0,0,0,0,0,0,0,0,0,0,0,0,0,0,500,0,0,7.919311,30943.407333,,,3.316666666666667,3.9
bench_logs\upols_stream_tests\2026-05-15\clfft_upols_vs_v3d_freq_16_banks\arm_freq_min1500_core_freq_min500_v3d_freq_min650\run2,clvk,RaspberryPiComputeModule5,,,,,clfft-upols,,16,16,0,0,0,0,RaspberryPiComputeModule5,650,0,0,0,0,0,0,0,clfft_upols_vs_v3d_freq_16_banks,powersave,0,0,1500,0,0,0,0,0,0,0,0,0,0,0,0,0,0,0,0,500,0,0,7.759679,30320.038167,,,3.3266666666666667,3.89
bench_logs\upols_stream_tests\2026-05-15\clfft_upols_vs_v3d_freq_16_banks\arm_freq_min1500_core_freq_min500_v3d_freq_min650\run3,clvk,RaspberryPiComputeModule5,,,,,clfft-upols,,16,16,0,0,0,0,RaspberryPiComputeModule5,650,0,0,0,0,0,0,0,clfft_upols_vs_v3d_freq_16_banks,powersave,0,0,1500,0,0,0,0,0,0,0,0,0,0,0,0,0,0,0,0,500,0,0,7.785682,30421.115722,,,3.3399999999999994,3.8870967741935485
bench_logs\upols_stream_tests\2026-05-15\clfft_upols_vs_v3d_freq_16_banks\arm_freq_min1500_core_freq_min500_v3d_freq_min650\run4,clvk,RaspberryPiComputeModule5,,,,,clfft-upols,,16,16,0,0,0,0,RaspberryPiComputeModule5,650,0,0,0,0,0,0,0,clfft_upols_vs_v3d_freq_16_banks,powersave,0,0,1500,0,0,0,0,0,0,0,0,0,0,0,0,0,0,0,0,500,0,0,7.807923,30508.770593,,,3.3233333333333333,3.958064516129032
bench_logs\upols_stream_tests\2026-05-15\clfft_upols_vs_v3d_freq_16_banks\arm_freq_min1500_core_freq_min500_v3d_freq_min650\run5,clvk,RaspberryPiComputeModule5,,,,,clfft-upols,,16,16,0,0,0,0,RaspberryPiComputeModule5,650,0,0,0,0,0,0,0,clfft_upols_vs_v3d_freq_16_banks,powersave,0,0,1500,0,0,0,0,0,0,0,0,0,0,0,0,0,0,0,0,500,0,0,7.677469,29998.471001,,,3.3516666666666666,3.9419354838709677
bench_logs\upols_stream_tests\2026-05-15\clfft_upols_vs_v3d_freq_16_banks\arm_freq_min1500_core_freq_min500_v3d_freq_min650\run6,clvk,RaspberryPiComputeModule5,,,,,clfft-upols,,16,16,0,0,0,0,RaspberryPiComputeModule5,650,0,0,0,0,0,0,0,clfft_upols_vs_v3d_freq_16_banks,powersave,0,0,1500,0,0,0,0,0,0,0,0,0,0,0,0,0,0,0,0,500,0,0,7.864406,30728.890445,,,3.3049999999999997,3.893548387096774
bench_logs\upols_stream_tests\2026-05-15\clfft_upols_vs_v3d_freq_16_banks\arm_freq_min1500_core_freq_min500_v3d_freq_min650\run7,clvk,RaspberryPiComputeModule5,,,,,clfft-upols,,16,16,0,0,0,0,RaspberryPiComputeModule5,650,0,0,0,0,0,0,0,clfft_upols_vs_v3d_freq_16_banks,powersave,0,0,1500,0,0,0,0,0,0,0,0,0,0,0,0,0,0,0,0,500,0,0,7.811205,30520.882038,,,3.2849999999999997,3.870967741935484
bench_logs\upols_stream_tests\2026-05-15\clfft_upols_vs_v3d_freq_16_banks\arm_freq_min1500_core_freq_min500_v3d_freq_min650\run8,clvk,RaspberryPiComputeModule5,,,,,clfft-upols,,16,16,0,0,0,0,RaspberryPiComputeModule5,650,0,0,0,0,0,0,0,clfft_upols_vs_v3d_freq_16_banks,powersave,0,0,1500,0,0,0,0,0,0,0,0,0,0,0,0,0,0,0,0,500,0,0,7.775685,30382.13513,,,3.2716666666666665,3.9387096774193546
bench_logs\upols_stream_tests\2026-05-15\clfft_upols_vs_v3d_freq_16_banks\arm_freq_min1500_core_freq_min500_v3d_freq_min650\run9,clvk,RaspberryPiComputeModule5,,,,,clfft-upols,,16,16,0,0,0,0,RaspberryPiComputeModule5,650,0,0,0,0,0,0,0,clfft_upols_vs_v3d_freq_16_banks,powersave,0,0,1500,0,0,0,0,0,0,0,0,0,0,0,0,0,0,0,0,500,0,0,7.734542,30221.163149,,,3.3116666666666665,3.92258064516129
bench_logs\upols_stream_tests\2026-05-15\clfft_upols_vs_v3d_freq_16_banks\arm_freq_min1500_core_freq_min500_v3d_freq_min700\run1,clvk,RaspberryPiComputeModule5,,,,,clfft-upols,,16,16,0,0,0,0,RaspberryPiComputeModule5,700,0,0,0,0,0,0,0,clfft_upols_vs_v3d_freq_16_banks,powersave,0,0,1500,0,0,0,0,0,0,0,0,0,0,0,0,0,0,0,0,500,0,0,7.510425,29346.038835,,,3.3433333333333333,3.9959999999999996
bench_logs\upols_stream_tests\2026-05-15\clfft_upols_vs_v3d_freq_16_banks\arm_freq_min1500_core_freq_min500_v3d_freq_min700\run2,clvk,RaspberryPiComputeModule5,,,,,clfft-upols,,16,16,0,0,0,0,RaspberryPiComputeModule5,700,0,0,0,0,0,0,0,clfft_upols_vs_v3d_freq_16_banks,powersave,0,0,1500,0,0,0,0,0,0,0,0,0,0,0,0,0,0,0,0,500,0,0,7.538023,29453.811797,,,3.338333333333333,4.024
bench_logs\upols_stream_tests\2026-05-15\clfft_upols_vs_v3d_freq_16_banks\arm_freq_min1500_core_freq_min500_v3d_freq_min700\run3,clvk,RaspberryPiComputeModule5,,,,,clfft-upols,,16,16,0,0,0,0,RaspberryPiComputeModule5,700,0,0,0,0,0,0,0,clfft_upols_vs_v3d_freq_16_banks,powersave,0,0,1500,0,0,0,0,0,0,0,0,0,0,0,0,0,0,0,0,500,0,0,7.381045,28840.439668,,,3.35,3.988
bench_logs\upols_stream_tests\2026-05-15\clfft_upols_vs_v3d_freq_16_banks\arm_freq_min1500_core_freq_min500_v3d_freq_min700\run4,clvk,RaspberryPiComputeModule5,,,,,clfft-upols,,16,16,0,0,0,0,RaspberryPiComputeModule5,700,0,0,0,0,0,0,0,clfft_upols_vs_v3d_freq_16_banks,powersave,0,0,1500,0,0,0,0,0,0,0,0,0,0,0,0,0,0,0,0,500,0,0,7.593923,29672.087798,,,3.3433333333333333,4.004
bench_logs\upols_stream_tests\2026-05-15\clfft_upols_vs_v3d_freq_16_banks\arm_freq_min1500_core_freq_min500_v3d_freq_min700\run5,clvk,RaspberryPiComputeModule5,,,,,clfft-upols,,16,16,0,0,0,0,RaspberryPiComputeModule5,700,0,0,0,0,0,0,0,clfft_upols_vs_v3d_freq_16_banks,powersave,0,0,1500,0,0,0,0,0,0,0,0,0,0,0,0,0,0,0,0,500,0,0,7.392791,28886.245223,,,3.36,3.952
bench_logs\upols_stream_tests\2026-05-15\clfft_upols_vs_v3d_freq_16_banks\arm_freq_min1500_core_freq_min500_v3d_freq_min700\run6,clvk,RaspberryPiComputeModule5,,,,,clfft-upols,,16,16,0,0,0,0,RaspberryPiComputeModule5,700,0,0,0,0,0,0,0,clfft_upols_vs_v3d_freq_16_banks,powersave,0,0,1500,0,0,0,0,0,0,0,0,0,0,0,0,0,0,0,0,500,0,0,7.37222,28805.506076,,,3.338333333333333,4.024
bench_logs\upols_stream_tests\2026-05-15\clfft_upols_vs_v3d_freq_16_banks\arm_freq_min1500_core_freq_min500_v3d_freq_min700\run7,clvk,RaspberryPiComputeModule5,,,,,clfft-upols,,16,16,0,0,0,0,RaspberryPiComputeModule5,700,0,0,0,0,0,0,0,clfft_upols_vs_v3d_freq_16_banks,powersave,0,0,1500,0,0,0,0,0,0,0,0,0,0,0,0,0,0,0,0,500,0,0,7.37932,28833.528298,,,3.3299999999999996,3.9960000000000004
bench_logs\upols_stream_tests\2026-05-15\clfft_upols_vs_v3d_freq_16_banks\arm_freq_min1500_core_freq_min500_v3d_freq_min700\run8,clvk,RaspberryPiComputeModule5,,,,,clfft-upols,,16,16,0,0,0,0,RaspberryPiComputeModule5,700,0,0,0,0,0,0,0,clfft_upols_vs_v3d_freq_16_banks,powersave,0,0,1500,0,0,0,0,0,0,0,0,0,0,0,0,0,0,0,0,500,0,0,7.385785,28858.808298,,,3.3,3.96
bench_logs\upols_stream_tests\2026-05-15\clfft_upols_vs_v3d_freq_16_banks\arm_freq_min1500_core_freq_min500_v3d_freq_min700\run9,clvk,RaspberryPiComputeModule5,,,,,clfft-upols,,16,16,0,0,0,0,RaspberryPiComputeModule5,700,0,0,0,0,0,0,0,clfft_upols_vs_v3d_freq_16_banks,powersave,0,0,1500,0,0,0,0,0,0,0,0,0,0,0,0,0,0,0,0,500,0,0,7.322101,28610.065798,,,3.3516666666666666,4.004
bench_logs\upols_stream_tests\2026-05-15\clfft_upols_vs_v3d_freq_16_banks\arm_freq_min1500_core_freq_min500_v3d_freq_min750\run1,clvk,RaspberryPiComputeModule5,,,,,clfft-upols,,16,16,0,0,0,0,RaspberryPiComputeModule5,750,0,0,0,0,0,0,0,clfft_upols_vs_v3d_freq_16_banks,powersave,0,0,1500,0,0,0,0,0,0,0,0,0,0,0,0,0,0,0,0,500,0,0,7.123491,27833.987576,,,3.4650000000000003,4.112
bench_logs\upols_stream_tests\2026-05-15\clfft_upols_vs_v3d_freq_16_banks\arm_freq_min1500_core_freq_min500_v3d_freq_min750\run2,clvk,RaspberryPiComputeModule5,,,,,clfft-upols,,16,16,0,0,0,0,RaspberryPiComputeModule5,750,0,0,0,0,0,0,0,clfft_upols_vs_v3d_freq_16_banks,powersave,0,0,1500,0,0,0,0,0,0,0,0,0,0,0,0,0,0,0,0,500,0,0,7.206068,28157.270187,,,3.4916666666666667,4.08
bench_logs\upols_stream_tests\2026-05-15\clfft_upols_vs_v3d_freq_16_banks\arm_freq_min1500_core_freq_min500_v3d_freq_min750\run3,clvk,RaspberryPiComputeModule5,,,,,clfft-upols,,16,16,0,0,0,0,RaspberryPiComputeModule5,750,0,0,0,0,0,0,0,clfft_upols_vs_v3d_freq_16_banks,powersave,0,0,1500,0,0,0,0,0,0,0,0,0,0,0,0,0,0,0,0,500,0,0,7.060555,27588.134298,,,3.4616666666666664,4.072
bench_logs\upols_stream_tests\2026-05-15\clfft_upols_vs_v3d_freq_16_banks\arm_freq_min1500_core_freq_min500_v3d_freq_min750\run4,clvk,RaspberryPiComputeModule5,,,,,clfft-upols,,16,16,0,0,0,0,RaspberryPiComputeModule5,750,0,0,0,0,0,0,0,clfft_upols_vs_v3d_freq_16_banks,powersave,0,0,1500,0,0,0,0,0,0,0,0,0,0,0,0,0,0,0,0,500,0,0,7.036295,27493.384391,,,3.475,4.096
bench_logs\upols_stream_tests\2026-05-15\clfft_upols_vs_v3d_freq_16_banks\arm_freq_min1500_core_freq_min500_v3d_freq_min750\run5,clvk,RaspberryPiComputeModule5,,,,,clfft-upols,,16,16,0,0,0,0,RaspberryPiComputeModule5,750,0,0,0,0,0,0,0,clfft_upols_vs_v3d_freq_16_banks,powersave,0,0,1500,0,0,0,0,0,0,0,0,0,0,0,0,0,0,0,0,500,0,0,7.045648,27530.139335,,,3.49,4.1
bench_logs\upols_stream_tests\2026-05-15\clfft_upols_vs_v3d_freq_16_banks\arm_freq_min1500_core_freq_min500_v3d_freq_min750\run6,clvk,RaspberryPiComputeModule5,,,,,clfft-upols,,16,16,0,0,0,0,RaspberryPiComputeModule5,750,0,0,0,0,0,0,0,clfft_upols_vs_v3d_freq_16_banks,powersave,0,0,1500,0,0,0,0,0,0,0,0,0,0,0,0,0,0,0,0,500,0,0,7.018555,27423.94078,,,3.4683333333333333,4.108
bench_logs\upols_stream_tests\2026-05-15\clfft_upols_vs_v3d_freq_16_banks\arm_freq_min1500_core_freq_min500_v3d_freq_min750\run7,clvk,RaspberryPiComputeModule5,,,,,clfft-upols,,16,16,0,0,0,0,RaspberryPiComputeModule5,750,0,0,0,0,0,0,0,clfft_upols_vs_v3d_freq_16_banks,powersave,0,0,1500,0,0,0,0,0,0,0,0,0,0,0,0,0,0,0,0,500,0,0,7.031267,27473.797909,,,3.4566666666666666,4.108
bench_logs\upols_stream_tests\2026-05-15\clfft_upols_vs_v3d_freq_16_banks\arm_freq_min1500_core_freq_min500_v3d_freq_min750\run8,clvk,RaspberryPiComputeModule5,,,,,clfft-upols,,16,16,0,0,0,0,RaspberryPiComputeModule5,750,0,0,0,0,0,0,0,clfft_upols_vs_v3d_freq_16_banks,powersave,0,0,1500,0,0,0,0,0,0,0,0,0,0,0,0,0,0,0,0,500,0,0,7.038882,27503.625724,,,3.441666666666667,4.104
bench_logs\upols_stream_tests\2026-05-15\clfft_upols_vs_v3d_freq_16_banks\arm_freq_min1500_core_freq_min500_v3d_freq_min750\run9,clvk,RaspberryPiComputeModule5,,,,,clfft-upols,,16,16,0,0,0,0,RaspberryPiComputeModule5,750,0,0,0,0,0,0,0,clfft_upols_vs_v3d_freq_16_banks,powersave,0,0,1500,0,0,0,0,0,0,0,0,0,0,0,0,0,0,0,0,500,0,0,7.156264,27962.33765,,,3.4616666666666664,4.096
bench_logs\upols_stream_tests\2026-05-15\clfft_upols_vs_v3d_freq_16_banks\arm_freq_min1500_core_freq_min500_v3d_freq_min800\run1,clvk,RaspberryPiComputeModule5,,,,,clfft-upols,,16,16,0,0,0,0,RaspberryPiComputeModule5,800,0,0,0,0,0,0,0,clfft_upols_vs_v3d_freq_16_banks,powersave,0,0,1500,0,0,0,0,0,0,0,0,0,0,0,0,0,0,0,0,500,0,0,6.919615,27037.244095,,,3.518333333333333,4.22
bench_logs\upols_stream_tests\2026-05-15\clfft_upols_vs_v3d_freq_16_banks\arm_freq_min1500_core_freq_min500_v3d_freq_min800\run2,clvk,RaspberryPiComputeModule5,,,,,clfft-upols,,16,16,0,0,0,0,RaspberryPiComputeModule5,800,0,0,0,0,0,0,0,clfft_upols_vs_v3d_freq_16_banks,powersave,0,0,1500,0,0,0,0,0,0,0,0,0,0,0,0,0,0,0,0,500,0,0,6.866422,26829.981206,,,3.5483333333333333,4.2
bench_logs\upols_stream_tests\2026-05-15\clfft_upols_vs_v3d_freq_16_banks\arm_freq_min1500_core_freq_min500_v3d_freq_min800\run3,clvk,RaspberryPiComputeModule5,,,,,clfft-upols,,16,16,0,0,0,0,RaspberryPiComputeModule5,800,0,0,0,0,0,0,0,clfft_upols_vs_v3d_freq_16_banks,powersave,0,0,1500,0,0,0,0,0,0,0,0,0,0,0,0,0,0,0,0,500,0,0,6.818319,26641.787188,,,3.5300000000000002,4.168
bench_logs\upols_stream_tests\2026-05-15\clfft_upols_vs_v3d_freq_16_banks\arm_freq_min1500_core_freq_min500_v3d_freq_min800\run4,clvk,RaspberryPiComputeModule5,,,,,clfft-upols,,16,16,0,0,0,0,RaspberryPiComputeModule5,800,0,0,0,0,0,0,0,clfft_upols_vs_v3d_freq_16_banks,powersave,0,0,1500,0,0,0,0,0,0,0,0,0,0,0,0,0,0,0,0,500,0,0,6.774235,26469.290984,,,3.51,4.263999999999999
bench_logs\upols_stream_tests\2026-05-15\clfft_upols_vs_v3d_freq_16_banks\arm_freq_min1500_core_freq_min500_v3d_freq_min800\run5,clvk,RaspberryPiComputeModule5,,,,,clfft-upols,,16,16,0,0,0,0,RaspberryPiComputeModule5,800,0,0,0,0,0,0,0,clfft_upols_vs_v3d_freq_16_banks,powersave,0,0,1500,0,0,0,0,0,0,0,0,0,0,0,0,0,0,0,0,500,0,0,6.778445,26485.896947,,,3.5,4.2
bench_logs\upols_stream_tests\2026-05-15\clfft_upols_vs_v3d_freq_16_banks\arm_freq_min1500_core_freq_min500_v3d_freq_min800\run6,clvk,RaspberryPiComputeModule5,,,,,clfft-upols,,16,16,0,0,0,0,RaspberryPiComputeModule5,800,0,0,0,0,0,0,0,clfft_upols_vs_v3d_freq_16_banks,powersave,0,0,1500,0,0,0,0,0,0,0,0,0,0,0,0,0,0,0,0,500,0,0,6.769453,26450.401799,,,3.52,4.224
bench_logs\upols_stream_tests\2026-05-15\clfft_upols_vs_v3d_freq_16_banks\arm_freq_min1500_core_freq_min500_v3d_freq_min800\run7,clvk,RaspberryPiComputeModule5,,,,,clfft-upols,,16,16,0,0,0,0,RaspberryPiComputeModule5,800,0,0,0,0,0,0,0,clfft_upols_vs_v3d_freq_16_banks,powersave,0,0,1500,0,0,0,0,0,0,0,0,0,0,0,0,0,0,0,0,500,0,0,6.772271,26461.770243,,,3.521666666666667,4.216
bench_logs\upols_stream_tests\2026-05-15\clfft_upols_vs_v3d_freq_16_banks\arm_freq_min1500_core_freq_min500_v3d_freq_min800\run8,clvk,RaspberryPiComputeModule5,,,,,clfft-upols,,16,16,0,0,0,0,RaspberryPiComputeModule5,800,0,0,0,0,0,0,0,clfft_upols_vs_v3d_freq_16_banks,powersave,0,0,1500,0,0,0,0,0,0,0,0,0,0,0,0,0,0,0,0,500,0,0,6.88103,26886.638299,,,3.54,4.192
bench_logs\upols_stream_tests\2026-05-15\clfft_upols_vs_v3d_freq_16_banks\arm_freq_min1500_core_freq_min500_v3d_freq_min800\run9,clvk,RaspberryPiComputeModule5,,,,,clfft-upols,,16,16,0,0,0,0,RaspberryPiComputeModule5,800,0,0,0,0,0,0,0,clfft_upols_vs_v3d_freq_16_banks,powersave,0,0,1500,0,0,0,0,0,0,0,0,0,0,0,0,0,0,0,0,500,0,0,6.781857,26499.029206,,,3.5316666666666667,4.2
bench_logs\upols_stream_tests\2026-05-15\clfft_upols_vs_v3d_freq_16_banks\arm_freq_min1500_core_freq_min500_v3d_freq_min850\run1,clvk,RaspberryPiComputeModule5,,,,,clfft-upols,,16,16,0,0,0,0,RaspberryPiComputeModule5,850,0,0,0,0,0,0,0,clfft_upols_vs_v3d_freq_16_banks,powersave,0,0,1500,0,0,0,0,0,0,0,0,0,0,0,0,0,0,0,0,500,0,0,6.76443,26431.504595,,,3.586666666666667,4.308
bench_logs\upols_stream_tests\2026-05-15\clfft_upols_vs_v3d_freq_16_banks\arm_freq_min1500_core_freq_min500_v3d_freq_min850\run2,clvk,RaspberryPiComputeModule5,,,,,clfft-upols,,16,16,0,0,0,0,RaspberryPiComputeModule5,850,0,0,0,0,0,0,0,clfft_upols_vs_v3d_freq_16_banks,powersave,0,0,1500,0,0,0,0,0,0,0,0,0,0,0,0,0,0,0,0,500,0,0,6.530962,25518.726559,,,3.5683333333333334,4.303999999999999
bench_logs\upols_stream_tests\2026-05-15\clfft_upols_vs_v3d_freq_16_banks\arm_freq_min1500_core_freq_min500_v3d_freq_min850\run3,clvk,RaspberryPiComputeModule5,,,,,clfft-upols,,16,16,0,0,0,0,RaspberryPiComputeModule5,850,0,0,0,0,0,0,0,clfft_upols_vs_v3d_freq_16_banks,powersave,0,0,1500,0,0,0,0,0,0,0,0,0,0,0,0,0,0,0,0,500,0,0,6.687234,26129.826689,,,3.5566666666666666,4.295999999999999
bench_logs\upols_stream_tests\2026-05-15\clfft_upols_vs_v3d_freq_16_banks\arm_freq_min1500_core_freq_min500_v3d_freq_min850\run4,clvk,RaspberryPiComputeModule5,,,,,clfft-upols,,16,16,0,0,0,0,RaspberryPiComputeModule5,850,0,0,0,0,0,0,0,clfft_upols_vs_v3d_freq_16_banks,powersave,0,0,1500,0,0,0,0,0,0,0,0,0,0,0,0,0,0,0,0,500,0,0,6.535577,25537.079837,,,3.565,4.268
bench_logs\upols_stream_tests\2026-05-15\clfft_upols_vs_v3d_freq_16_banks\arm_freq_min1500_core_freq_min500_v3d_freq_min850\run5,clvk,RaspberryPiComputeModule5,,,,,clfft-upols,,16,16,0,0,0,0,RaspberryPiComputeModule5,850,0,0,0,0,0,0,0,clfft_upols_vs_v3d_freq_16_banks,powersave,0,0,1500,0,0,0,0,0,0,0,0,0,0,0,0,0,0,0,0,500,0,0,6.687873,26132.163207,,,3.5233333333333334,4.3
bench_logs\upols_stream_tests\2026-05-15\clfft_upols_vs_v3d_freq_16_banks\arm_freq_min1500_core_freq_min500_v3d_freq_min850\run6,clvk,RaspberryPiComputeModule5,,,,,clfft-upols,,16,16,0,0,0,0,RaspberryPiComputeModule5,850,0,0,0,0,0,0,0,clfft_upols_vs_v3d_freq_16_banks,powersave,0,0,1500,0,0,0,0,0,0,0,0,0,0,0,0,0,0,0,0,500,0,0,6.522531,25485.68193,,,3.5516666666666667,4.276
bench_logs\upols_stream_tests\2026-05-15\clfft_upols_vs_v3d_freq_16_banks\arm_freq_min1500_core_freq_min500_v3d_freq_min850\run7,clvk,RaspberryPiComputeModule5,,,,,clfft-upols,,16,16,0,0,0,0,RaspberryPiComputeModule5,850,0,0,0,0,0,0,0,clfft_upols_vs_v3d_freq_16_banks,powersave,0,0,1500,0,0,0,0,0,0,0,0,0,0,0,0,0,0,0,0,500,0,0,6.556492,25618.799929,,,3.5566666666666666,4.268
bench_logs\upols_stream_tests\2026-05-15\clfft_upols_vs_v3d_freq_16_banks\arm_freq_min1500_core_freq_min500_v3d_freq_min850\run8,clvk,RaspberryPiComputeModule5,,,,,clfft-upols,,16,16,0,0,0,0,RaspberryPiComputeModule5,850,0,0,0,0,0,0,0,clfft_upols_vs_v3d_freq_16_banks,powersave,0,0,1500,0,0,0,0,0,0,0,0,0,0,0,0,0,0,0,0,500,0,0,6.541397,25559.930281,,,3.5516666666666667,4.276
bench_logs\upols_stream_tests\2026-05-15\clfft_upols_vs_v3d_freq_16_banks\arm_freq_min1500_core_freq_min500_v3d_freq_min850\run9,clvk,RaspberryPiComputeModule5,,,,,clfft-upols,,16,16,0,0,0,0,RaspberryPiComputeModule5,850,0,0,0,0,0,0,0,clfft_upols_vs_v3d_freq_16_banks,powersave,0,0,1500,0,0,0,0,0,0,0,0,0,0,0,0,0,0,0,0,500,0,0,6.517573,25466.436373,,,3.5516666666666667,4.284
bench_logs\upols_stream_tests\2026-05-15\clfft_upols_vs_v3d_freq_16_banks\arm_freq_min1500_core_freq_min500_v3d_freq_min900\run1,clvk,RaspberryPiComputeModule5,,,,,clfft-upols,,16,16,0,0,0,0,RaspberryPiComputeModule5,900,0,0,0,0,0,0,0,clfft_upols_vs_v3d_freq_16_banks,powersave,0,0,1500,0,0,0,0,0,0,0,0,0,0,0,0,0,0,0,0,500,0,0,6.509156,25434.113966,,,3.61,4.404
bench_logs\upols_stream_tests\2026-05-15\clfft_upols_vs_v3d_freq_16_banks\arm_freq_min1500_core_freq_min500_v3d_freq_min900\run2,clvk,RaspberryPiComputeModule5,,,,,clfft-upols,,16,16,0,0,0,0,RaspberryPiComputeModule5,900,0,0,0,0,0,0,0,clfft_upols_vs_v3d_freq_16_banks,powersave,0,0,1500,0,0,0,0,0,0,0,0,0,0,0,0,0,0,0,0,500,0,0,6.42852,25118.759745,,,3.621666666666667,4.408
bench_logs\upols_stream_tests\2026-05-15\clfft_upols_vs_v3d_freq_16_banks\arm_freq_min1500_core_freq_min500_v3d_freq_min900\run3,clvk,RaspberryPiComputeModule5,,,,,clfft-upols,,16,16,0,0,0,0,RaspberryPiComputeModule5,900,0,0,0,0,0,0,0,clfft_upols_vs_v3d_freq_16_banks,powersave,0,0,1500,0,0,0,0,0,0,0,0,0,0,0,0,0,0,0,0,500,0,0,6.283891,24553.744078,,,3.605,4.4
bench_logs\upols_stream_tests\2026-05-15\clfft_upols_vs_v3d_freq_16_banks\arm_freq_min1500_core_freq_min500_v3d_freq_min900\run4,clvk,RaspberryPiComputeModule5,,,,,clfft-upols,,16,16,0,0,0,0,RaspberryPiComputeModule5,900,0,0,0,0,0,0,0,clfft_upols_vs_v3d_freq_16_banks,powersave,0,0,1500,0,0,0,0,0,0,0,0,0,0,0,0,0,0,0,0,500,0,0,6.317855,24686.646467,,,3.5983333333333336,4.348
bench_logs\upols_stream_tests\2026-05-15\clfft_upols_vs_v3d_freq_16_banks\arm_freq_min1500_core_freq_min500_v3d_freq_min900\run5,clvk,RaspberryPiComputeModule5,,,,,clfft-upols,,16,16,0,0,0,0,RaspberryPiComputeModule5,900,0,0,0,0,0,0,0,clfft_upols_vs_v3d_freq_16_banks,powersave,0,0,1500,0,0,0,0,0,0,0,0,0,0,0,0,0,0,0,0,500,0,0,6.316528,24681.032912,,,3.6016666666666666,4.343999999999999
bench_logs\upols_stream_tests\2026-05-15\clfft_upols_vs_v3d_freq_16_banks\arm_freq_min1500_core_freq_min500_v3d_freq_min900\run6,clvk,RaspberryPiComputeModule5,,,,,clfft-upols,,16,16,0,0,0,0,RaspberryPiComputeModule5,900,0,0,0,0,0,0,0,clfft_upols_vs_v3d_freq_16_banks,powersave,0,0,1500,0,0,0,0,0,0,0,0,0,0,0,0,0,0,0,0,500,0,0,6.307281,24645.209892,,,3.6016666666666666,4.396
bench_logs\upols_stream_tests\2026-05-15\clfft_upols_vs_v3d_freq_16_banks\arm_freq_min1500_core_freq_min500_v3d_freq_min900\run7,clvk,RaspberryPiComputeModule5,,,,,clfft-upols,,16,16,0,0,0,0,RaspberryPiComputeModule5,900,0,0,0,0,0,0,0,clfft_upols_vs_v3d_freq_16_banks,powersave,0,0,1500,0,0,0,0,0,0,0,0,0,0,0,0,0,0,0,0,500,0,0,6.400801,25011.150133,,,3.5966666666666667,4.4
bench_logs\upols_stream_tests\2026-05-15\clfft_upols_vs_v3d_freq_16_banks\arm_freq_min1500_core_freq_min500_v3d_freq_min900\run8,clvk,RaspberryPiComputeModule5,,,,,clfft-upols,,16,16,0,0,0,0,RaspberryPiComputeModule5,900,0,0,0,0,0,0,0,clfft_upols_vs_v3d_freq_16_banks,powersave,0,0,1500,0,0,0,0,0,0,0,0,0,0,0,0,0,0,0,0,500,0,0,6.29773,24607.584523,,,3.595,4.42
bench_logs\upols_stream_tests\2026-05-15\clfft_upols_vs_v3d_freq_16_banks\arm_freq_min1500_core_freq_min500_v3d_freq_min900\run9,clvk,RaspberryPiComputeModule5,,,,,clfft-upols,,16,16,0,0,0,0,RaspberryPiComputeModule5,900,0,0,0,0,0,0,0,clfft_upols_vs_v3d_freq_16_banks,powersave,0,0,1500,0,0,0,0,0,0,0,0,0,0,0,0,0,0,0,0,500,0,0,6.32598,24718.475652,,,3.5983333333333336,4.372000000000001
bench_logs\upols_stream_tests\2026-05-15\clfft_upols_vs_v3d_freq_16_banks\arm_freq_min1500_core_freq_min500_v3d_freq_min960\run1,clvk,RaspberryPiComputeModule5,,,,,clfft-upols,,16,16,0,0,0,0,RaspberryPiComputeModule5,960,0,0,0,0,0,0,0,clfft_upols_vs_v3d_freq_16_banks,powersave,0,0,1500,0,0,0,0,0,0,0,0,0,0,0,0,0,0,0,0,500,0,0,6.295916,24600.597096,,,3.631666666666667,4.5
bench_logs\upols_stream_tests\2026-05-15\clfft_upols_vs_v3d_freq_16_banks\arm_freq_min1500_core_freq_min500_v3d_freq_min960\run2,clvk,RaspberryPiComputeModule5,,,,,clfft-upols,,16,16,0,0,0,0,RaspberryPiComputeModule5,960,0,0,0,0,0,0,0,clfft_upols_vs_v3d_freq_16_banks,powersave,0,0,1500,0,0,0,0,0,0,0,0,0,0,0,0,0,0,0,0,500,0,0,6.262039,24468.442004,,,3.668333333333334,4.5
bench_logs\upols_stream_tests\2026-05-15\clfft_upols_vs_v3d_freq_16_banks\arm_freq_min1500_core_freq_min500_v3d_freq_min960\run3,clvk,RaspberryPiComputeModule5,,,,,clfft-upols,,16,16,0,0,0,0,RaspberryPiComputeModule5,960,0,0,0,0,0,0,0,clfft_upols_vs_v3d_freq_16_banks,powersave,0,0,1500,0,0,0,0,0,0,0,0,0,0,0,0,0,0,0,0,500,0,0,6.159314,24067.251671,,,3.658333333333333,4.512
bench_logs\upols_stream_tests\2026-05-15\clfft_upols_vs_v3d_freq_16_banks\arm_freq_min1500_core_freq_min500_v3d_freq_min960\run4,clvk,RaspberryPiComputeModule5,,,,,clfft-upols,,16,16,0,0,0,0,RaspberryPiComputeModule5,960,0,0,0,0,0,0,0,clfft_upols_vs_v3d_freq_16_banks,powersave,0,0,1500,0,0,0,0,0,0,0,0,0,0,0,0,0,0,0,0,500,0,0,6.119888,23913.235356,,,3.665,4.510526315789474
bench_logs\upols_stream_tests\2026-05-15\clfft_upols_vs_v3d_freq_16_banks\arm_freq_min1500_core_freq_min500_v3d_freq_min960\run5,clvk,RaspberryPiComputeModule5,,,,,clfft-upols,,16,16,0,0,0,0,RaspberryPiComputeModule5,960,0,0,0,0,0,0,0,clfft_upols_vs_v3d_freq_16_banks,powersave,0,0,1500,0,0,0,0,0,0,0,0,0,0,0,0,0,0,0,0,500,0,0,6.25049,24423.194319,,,3.6566666666666667,4.504
bench_logs\upols_stream_tests\2026-05-15\clfft_upols_vs_v3d_freq_16_banks\arm_freq_min1500_core_freq_min500_v3d_freq_min960\run6,clvk,RaspberryPiComputeModule5,,,,,clfft-upols,,16,16,0,0,0,0,RaspberryPiComputeModule5,960,0,0,0,0,0,0,0,clfft_upols_vs_v3d_freq_16_banks,powersave,0,0,1500,0,0,0,0,0,0,0,0,0,0,0,0,0,0,0,0,500,0,0,6.137811,23983.243931,,,3.6733333333333333,4.496
bench_logs\upols_stream_tests\2026-05-15\clfft_upols_vs_v3d_freq_16_banks\arm_freq_min1500_core_freq_min500_v3d_freq_min960\run7,clvk,RaspberryPiComputeModule5,,,,,clfft-upols,,16,16,0,0,0,0,RaspberryPiComputeModule5,960,0,0,0,0,0,0,0,clfft_upols_vs_v3d_freq_16_banks,powersave,0,0,1500,0,0,0,0,0,0,0,0,0,0,0,0,0,0,0,0,500,0,0,6.116351,23899.108245,,,3.6783333333333337,4.515789473684211
bench_logs\upols_stream_tests\2026-05-15\clfft_upols_vs_v3d_freq_16_banks\arm_freq_min1500_core_freq_min500_v3d_freq_min960\run8,clvk,RaspberryPiComputeModule5,,,,,clfft-upols,,16,16,0,0,0,0,RaspberryPiComputeModule5,960,0,0,0,0,0,0,0,clfft_upols_vs_v3d_freq_16_banks,powersave,0,0,1500,0,0,0,0,0,0,0,0,0,0,0,0,0,0,0,0,500,0,0,6.111874,23881.591912,,,3.6783333333333337,4.526315789473684
bench_logs\upols_stream_tests\2026-05-15\clfft_upols_vs_v3d_freq_16_banks\arm_freq_min1500_core_freq_min500_v3d_freq_min960\run9,clvk,RaspberryPiComputeModule5,,,,,clfft-upols,,16,16,0,0,0,0,RaspberryPiComputeModule5,960,0,0,0,0,0,0,0,clfft_upols_vs_v3d_freq_16_banks,powersave,0,0,1500,0,0,0,0,0,0,0,0,0,0,0,0,0,0,0,0,500,0,0,6.158023,24062.144448,,,3.6383333333333336,4.488
bench_logs\upols_stream_tests\2026-05-15\ffrw_upols_vs_arm_freq_performance_16_banks\arm_freq1600\run1,,RaspberryPiComputeModule5,,,,,fftw-upols,,16,16,0,0,0,0,RaspberryPiComputeModule5,0,0,0,0,0,0,0,0,ffrw_upols_vs_arm_freq_performance_16_banks,performance,0,0,0,0,0,0,0,0,0,1600,0,0,0,0,0,0,0,0,0,0,0,0,9.816046,38359.258477,,,4.015,5.248648648648649
bench_logs\upols_stream_tests\2026-05-15\ffrw_upols_vs_arm_freq_performance_16_banks\arm_freq1600\run2,,RaspberryPiComputeModule5,,,,,fftw-upols,,16,16,0,0,0,0,RaspberryPiComputeModule5,0,0,0,0,0,0,0,0,ffrw_upols_vs_arm_freq_performance_16_banks,performance,0,0,0,0,0,0,0,0,0,1600,0,0,0,0,0,0,0,0,0,0,0,0,8.967835,35043.27159,,,4.0633333333333335,5.354838709677419
bench_logs\upols_stream_tests\2026-05-15\ffrw_upols_vs_arm_freq_performance_16_banks\arm_freq1600\run3,,RaspberryPiComputeModule5,,,,,fftw-upols,,16,16,0,0,0,0,RaspberryPiComputeModule5,0,0,0,0,0,0,0,0,ffrw_upols_vs_arm_freq_performance_16_banks,performance,0,0,0,0,0,0,0,0,0,1600,0,0,0,0,0,0,0,0,0,0,0,0,9.053303,35377.589534,,,4.041666666666667,5.241935483870968
bench_logs\upols_stream_tests\2026-05-15\ffrw_upols_vs_arm_freq_performance_16_banks\arm_freq1600\run4,,RaspberryPiComputeModule5,,,,,fftw-upols,,16,16,0,0,0,0,RaspberryPiComputeModule5,0,0,0,0,0,0,0,0,ffrw_upols_vs_arm_freq_performance_16_banks,performance,0,0,0,0,0,0,0,0,0,1600,0,0,0,0,0,0,0,0,0,0,0,0,8.852713,34592.222554,,,4.046666666666666,5.280645161290322
bench_logs\upols_stream_tests\2026-05-15\ffrw_upols_vs_arm_freq_performance_16_banks\arm_freq1600\run5,,RaspberryPiComputeModule5,,,,,fftw-upols,,16,16,0,0,0,0,RaspberryPiComputeModule5,0,0,0,0,0,0,0,0,ffrw_upols_vs_arm_freq_performance_16_banks,performance,0,0,0,0,0,0,0,0,0,1600,0,0,0,0,0,0,0,0,0,0,0,0,8.916944,34845.193238,,,4.058333333333334,5.283870967741935
bench_logs\upols_stream_tests\2026-05-15\ffrw_upols_vs_arm_freq_performance_16_banks\arm_freq1600\run6,,RaspberryPiComputeModule5,,,,,fftw-upols,,16,16,0,0,0,0,RaspberryPiComputeModule5,0,0,0,0,0,0,0,0,ffrw_upols_vs_arm_freq_performance_16_banks,performance,0,0,0,0,0,0,0,0,0,1600,0,0,0,0,0,0,0,0,0,0,0,0,8.868748,34656.624942,,,4.041666666666667,5.27741935483871
bench_logs\upols_stream_tests\2026-05-15\ffrw_upols_vs_arm_freq_performance_16_banks\arm_freq1600\run7,,RaspberryPiComputeModule5,,,,,fftw-upols,,16,16,0,0,0,0,RaspberryPiComputeModule5,0,0,0,0,0,0,0,0,ffrw_upols_vs_arm_freq_performance_16_banks,performance,0,0,0,0,0,0,0,0,0,1600,0,0,0,0,0,0,0,0,0,0,0,0,9.844626,38470.371458,,,4.071666666666666,5.283783783783784
bench_logs\upols_stream_tests\2026-05-15\ffrw_upols_vs_arm_freq_performance_16_banks\arm_freq1600\run8,,RaspberryPiComputeModule5,,,,,fftw-upols,,16,16,0,0,0,0,RaspberryPiComputeModule5,0,0,0,0,0,0,0,0,ffrw_upols_vs_arm_freq_performance_16_banks,performance,0,0,0,0,0,0,0,0,0,1600,0,0,0,0,0,0,0,0,0,0,0,0,8.848769,34578.620553,,,4.056666666666667,5.283870967741935
bench_logs\upols_stream_tests\2026-05-15\ffrw_upols_vs_arm_freq_performance_16_banks\arm_freq1600\run9,,RaspberryPiComputeModule5,,,,,fftw-upols,,16,16,0,0,0,0,RaspberryPiComputeModule5,0,0,0,0,0,0,0,0,ffrw_upols_vs_arm_freq_performance_16_banks,performance,0,0,0,0,0,0,0,0,0,1600,0,0,0,0,0,0,0,0,0,0,0,0,9.008048,35201.601924,,,4.121666666666666,5.280645161290322
bench_logs\upols_stream_tests\2026-05-15\ffrw_upols_vs_arm_freq_performance_16_banks\arm_freq1700\run1,,RaspberryPiComputeModule5,,,,,fftw-upols,,16,16,0,0,0,0,RaspberryPiComputeModule5,0,0,0,0,0,0,0,0,ffrw_upols_vs_arm_freq_performance_16_banks,performance,0,0,0,0,0,0,0,0,0,1700,0,0,0,0,0,0,0,0,0,0,0,0,9.701024,37910.81757,,,4.051666666666667,5.335135135135135
bench_logs\upols_stream_tests\2026-05-15\ffrw_upols_vs_arm_freq_performance_16_banks\arm_freq1700\run2,,RaspberryPiComputeModule5,,,,,fftw-upols,,16,16,0,0,0,0,RaspberryPiComputeModule5,0,0,0,0,0,0,0,0,ffrw_upols_vs_arm_freq_performance_16_banks,performance,0,0,0,0,0,0,0,0,0,1700,0,0,0,0,0,0,0,0,0,0,0,0,8.766331,34256.223331,,,4.091666666666667,5.329032258064516
bench_logs\upols_stream_tests\2026-05-15\ffrw_upols_vs_arm_freq_performance_16_banks\arm_freq1700\run3,,RaspberryPiComputeModule5,,,,,fftw-upols,,16,16,0,0,0,0,RaspberryPiComputeModule5,0,0,0,0,0,0,0,0,ffrw_upols_vs_arm_freq_performance_16_banks,performance,0,0,0,0,0,0,0,0,0,1700,0,0,0,0,0,0,0,0,0,0,0,0,8.761907,34238.716535,,,4.043333333333333,5.335483870967742
bench_logs\upols_stream_tests\2026-05-15\ffrw_upols_vs_arm_freq_performance_16_banks\arm_freq1700\run4,,RaspberryPiComputeModule5,,,,,fftw-upols,,16,16,0,0,0,0,RaspberryPiComputeModule5,0,0,0,0,0,0,0,0,ffrw_upols_vs_arm_freq_performance_16_banks,performance,0,0,0,0,0,0,0,0,0,1700,0,0,0,0,0,0,0,0,0,0,0,0,8.701304,34003.496462,,,4.08,5.338709677419355
bench_logs\upols_stream_tests\2026-05-15\ffrw_upols_vs_arm_freq_performance_16_banks\arm_freq1700\run5,,RaspberryPiComputeModule5,,,,,fftw-upols,,16,16,0,0,0,0,RaspberryPiComputeModule5,0,0,0,0,0,0,0,0,ffrw_upols_vs_arm_freq_performance_16_banks,performance,0,0,0,0,0,0,0,0,0,1700,0,0,0,0,0,0,0,0,0,0,0,0,8.607327,33633.788517,,,4.1033333333333335,5.364516129032259
bench_logs\upols_stream_tests\2026-05-15\ffrw_upols_vs_arm_freq_performance_16_banks\arm_freq1700\run6,,RaspberryPiComputeModule5,,,,,fftw-upols,,16,16,0,0,0,0,RaspberryPiComputeModule5,0,0,0,0,0,0,0,0,ffrw_upols_vs_arm_freq_performance_16_banks,performance,0,0,0,0,0,0,0,0,0,1700,0,0,0,0,0,0,0,0,0,0,0,0,8.658204,33834.915406,,,4.086666666666667,5.335483870967742
bench_logs\upols_stream_tests\2026-05-15\ffrw_upols_vs_arm_freq_performance_16_banks\arm_freq1700\run7,,RaspberryPiComputeModule5,,,,,fftw-upols,,16,16,0,0,0,0,RaspberryPiComputeModule5,0,0,0,0,0,0,0,0,ffrw_upols_vs_arm_freq_performance_16_banks,performance,0,0,0,0,0,0,0,0,0,1700,0,0,0,0,0,0,0,0,0,0,0,0,8.754118,34208.594535,,,4.114999999999999,5.335483870967742
bench_logs\upols_stream_tests\2026-05-15\ffrw_upols_vs_arm_freq_performance_16_banks\arm_freq1700\run8,,RaspberryPiComputeModule5,,,,,fftw-upols,,16,16,0,0,0,0,RaspberryPiComputeModule5,0,0,0,0,0,0,0,0,ffrw_upols_vs_arm_freq_performance_16_banks,performance,0,0,0,0,0,0,0,0,0,1700,0,0,0,0,0,0,0,0,0,0,0,0,8.945292,34955.171386,,,4.085,5.341935483870968
bench_logs\upols_stream_tests\2026-05-15\ffrw_upols_vs_arm_freq_performance_16_banks\arm_freq1700\run9,,RaspberryPiComputeModule5,,,,,fftw-upols,,16,16,0,0,0,0,RaspberryPiComputeModule5,0,0,0,0,0,0,0,0,ffrw_upols_vs_arm_freq_performance_16_banks,performance,0,0,0,0,0,0,0,0,0,1700,0,0,0,0,0,0,0,0,0,0,0,0,8.650466,33803.309795,,,4.1066666666666665,5.351612903225806
bench_logs\upols_stream_tests\2026-05-15\ffrw_upols_vs_arm_freq_performance_16_banks\arm_freq1800\run1,,RaspberryPiComputeModule5,,,,,fftw-upols,,16,16,0,0,0,0,RaspberryPiComputeModule5,0,0,0,0,0,0,0,0,ffrw_upols_vs_arm_freq_performance_16_banks,performance,0,0,0,0,0,0,0,0,0,1800,0,0,0,0,0,0,0,0,0,0,0,0,8.470274,33101.036776,,,4.015,5.393548387096775
bench_logs\upols_stream_tests\2026-05-15\ffrw_upols_vs_arm_freq_performance_16_banks\arm_freq1800\run2,,RaspberryPiComputeModule5,,,,,fftw-upols,,16,16,0,0,0,0,RaspberryPiComputeModule5,0,0,0,0,0,0,0,0,ffrw_upols_vs_arm_freq_performance_16_banks,performance,0,0,0,0,0,0,0,0,0,1800,0,0,0,0,0,0,0,0,0,0,0,0,9.374748,36633.408126,,,4.026666666666666,5.31891891891892
bench_logs\upols_stream_tests\2026-05-15\ffrw_upols_vs_arm_freq_performance_16_banks\arm_freq1800\run3,,RaspberryPiComputeModule5,,,,,fftw-upols,,16,16,0,0,0,0,RaspberryPiComputeModule5,0,0,0,0,0,0,0,0,ffrw_upols_vs_arm_freq_performance_16_banks,performance,0,0,0,0,0,0,0,0,0,1800,0,0,0,0,0,0,0,0,0,0,0,0,8.643328,33775.144758,,,4.069999999999999,5.364516129032259
bench_logs\upols_stream_tests\2026-05-15\ffrw_upols_vs_arm_freq_performance_16_banks\arm_freq1800\run4,,RaspberryPiComputeModule5,,,,,fftw-upols,,16,16,0,0,0,0,RaspberryPiComputeModule5,0,0,0,0,0,0,0,0,ffrw_upols_vs_arm_freq_performance_16_banks,performance,0,0,0,0,0,0,0,0,0,1800,0,0,0,0,0,0,0,0,0,0,0,0,8.648561,33795.782702,,,4.046666666666666,5.370967741935484
bench_logs\upols_stream_tests\2026-05-15\ffrw_upols_vs_arm_freq_performance_16_banks\arm_freq1800\run5,,RaspberryPiComputeModule5,,,,,fftw-upols,,16,16,0,0,0,0,RaspberryPiComputeModule5,0,0,0,0,0,0,0,0,ffrw_upols_vs_arm_freq_performance_16_banks,performance,0,0,0,0,0,0,0,0,0,1800,0,0,0,0,0,0,0,0,0,0,0,0,8.509309,33252.039183,,,4.069999999999999,5.367741935483871
bench_logs\upols_stream_tests\2026-05-15\ffrw_upols_vs_arm_freq_performance_16_banks\arm_freq1800\run6,,RaspberryPiComputeModule5,,,,,fftw-upols,,16,16,0,0,0,0,RaspberryPiComputeModule5,0,0,0,0,0,0,0,0,ffrw_upols_vs_arm_freq_performance_16_banks,performance,0,0,0,0,0,0,0,0,0,1800,0,0,0,0,0,0,0,0,0,0,0,0,8.566026,33473.044258,,,4.04,5.364516129032259
bench_logs\upols_stream_tests\2026-05-15\ffrw_upols_vs_arm_freq_performance_16_banks\arm_freq1800\run7,,RaspberryPiComputeModule5,,,,,fftw-upols,,16,16,0,0,0,0,RaspberryPiComputeModule5,0,0,0,0,0,0,0,0,ffrw_upols_vs_arm_freq_performance_16_banks,performance,0,0,0,0,0,0,0,0,0,1800,0,0,0,0,0,0,0,0,0,0,0,0,8.804056,34402.425498,,,4.035,5.335483870967742
bench_logs\upols_stream_tests\2026-05-15\ffrw_upols_vs_arm_freq_performance_16_banks\arm_freq1800\run8,,RaspberryPiComputeModule5,,,,,fftw-upols,,16,16,0,0,0,0,RaspberryPiComputeModule5,0,0,0,0,0,0,0,0,ffrw_upols_vs_arm_freq_performance_16_banks,performance,0,0,0,0,0,0,0,0,0,1800,0,0,0,0,0,0,0,0,0,0,0,0,9.686725,37854.453348,,,4.043333333333333,5.305405405405405
bench_logs\upols_stream_tests\2026-05-15\ffrw_upols_vs_arm_freq_performance_16_banks\arm_freq1800\run9,,RaspberryPiComputeModule5,,,,,fftw-upols,,16,16,0,0,0,0,RaspberryPiComputeModule5,0,0,0,0,0,0,0,0,ffrw_upols_vs_arm_freq_performance_16_banks,performance,0,0,0,0,0,0,0,0,0,1800,0,0,0,0,0,0,0,0,0,0,0,0,9.156347,35781.209312,,,4.076666666666666,5.354838709677419
bench_logs\upols_stream_tests\2026-05-15\ffrw_upols_vs_arm_freq_performance_16_banks\arm_freq1900\run1,,RaspberryPiComputeModule5,,,,,fftw-upols,,16,16,0,0,0,0,RaspberryPiComputeModule5,0,0,0,0,0,0,0,0,ffrw_upols_vs_arm_freq_performance_16_banks,performance,0,0,0,0,0,0,0,0,0,1900,0,0,0,0,0,0,0,0,0,0,0,0,8.096962,31641.554499,,,4.041666666666667,5.451612903225806
bench_logs\upols_stream_tests\2026-05-15\ffrw_upols_vs_arm_freq_performance_16_banks\arm_freq1900\run2,,RaspberryPiComputeModule5,,,,,fftw-upols,,16,16,0,0,0,0,RaspberryPiComputeModule5,0,0,0,0,0,0,0,0,ffrw_upols_vs_arm_freq_performance_16_banks,performance,0,0,0,0,0,0,0,0,0,1900,0,0,0,0,0,0,0,0,0,0,0,0,9.542128,37288.601237,,,4.073333333333333,5.383783783783784
bench_logs\upols_stream_tests\2026-05-15\ffrw_upols_vs_arm_freq_performance_16_banks\arm_freq1900\run3,,RaspberryPiComputeModule5,,,,,fftw-upols,,16,16,0,0,0,0,RaspberryPiComputeModule5,0,0,0,0,0,0,0,0,ffrw_upols_vs_arm_freq_performance_16_banks,performance,0,0,0,0,0,0,0,0,0,1900,0,0,0,0,0,0,0,0,0,0,0,0,8.391079,32790.496517,,,4.035,5.403225806451613
bench_logs\upols_stream_tests\2026-05-15\ffrw_upols_vs_arm_freq_performance_16_banks\arm_freq1900\run4,,RaspberryPiComputeModule5,,,,,fftw-upols,,16,16,0,0,0,0,RaspberryPiComputeModule5,0,0,0,0,0,0,0,0,ffrw_upols_vs_arm_freq_performance_16_banks,performance,0,0,0,0,0,0,0,0,0,1900,0,0,0,0,0,0,0,0,0,0,0,0,8.52459,33310.830629,,,4.058333333333334,5.393548387096775
bench_logs\upols_stream_tests\2026-05-15\ffrw_upols_vs_arm_freq_performance_16_banks\arm_freq1900\run5,,RaspberryPiComputeModule5,,,,,fftw-upols,,16,16,0,0,0,0,RaspberryPiComputeModule5,0,0,0,0,0,0,0,0,ffrw_upols_vs_arm_freq_performance_16_banks,performance,0,0,0,0,0,0,0,0,0,1900,0,0,0,0,0,0,0,0,0,0,0,0,9.509222,37160.350108,,,4.09,5.370270270270271
bench_logs\upols_stream_tests\2026-05-15\ffrw_upols_vs_arm_freq_performance_16_banks\arm_freq1900\run6,,RaspberryPiComputeModule5,,,,,fftw-upols,,16,16,0,0,0,0,RaspberryPiComputeModule5,0,0,0,0,0,0,0,0,ffrw_upols_vs_arm_freq_performance_16_banks,performance,0,0,0,0,0,0,0,0,0,1900,0,0,0,0,0,0,0,0,0,0,0,0,8.480359,33138.629776,,,4.076666666666666,5.409677419354839
bench_logs\upols_stream_tests\2026-05-15\ffrw_upols_vs_arm_freq_performance_16_banks\arm_freq1900\run7,,RaspberryPiComputeModule5,,,,,fftw-upols,,16,16,0,0,0,0,RaspberryPiComputeModule5,0,0,0,0,0,0,0,0,ffrw_upols_vs_arm_freq_performance_16_banks,performance,0,0,0,0,0,0,0,0,0,1900,0,0,0,0,0,0,0,0,0,0,0,0,8.343128,32602.035369,,,4.05,5.432258064516129
bench_logs\upols_stream_tests\2026-05-15\ffrw_upols_vs_arm_freq_performance_16_banks\arm_freq1900\run8,,RaspberryPiComputeModule5,,,,,fftw-upols,,16,16,0,0,0,0,RaspberryPiComputeModule5,0,0,0,0,0,0,0,0,ffrw_upols_vs_arm_freq_performance_16_banks,performance,0,0,0,0,0,0,0,0,0,1900,0,0,0,0,0,0,0,0,0,0,0,0,8.520529,33295.124962,,,4.076666666666666,5.4
bench_logs\upols_stream_tests\2026-05-15\ffrw_upols_vs_arm_freq_performance_16_banks\arm_freq1900\run9,,RaspberryPiComputeModule5,,,,,fftw-upols,,16,16,0,0,0,0,RaspberryPiComputeModule5,0,0,0,0,0,0,0,0,ffrw_upols_vs_arm_freq_performance_16_banks,performance,0,0,0,0,0,0,0,0,0,1900,0,0,0,0,0,0,0,0,0,0,0,0,8.557386,33440.506665,,,4.073333333333333,5.412903225806452
bench_logs\upols_stream_tests\2026-05-15\ffrw_upols_vs_arm_freq_performance_16_banks\arm_freq2100\run1,,RaspberryPiComputeModule5,,,,,fftw-upols,,16,16,0,0,0,0,RaspberryPiComputeModule5,0,0,0,0,0,0,0,0,ffrw_upols_vs_arm_freq_performance_16_banks,performance,0,0,0,0,0,0,0,0,0,2100,0,0,0,0,0,0,0,0,0,0,0,0,8.18629,31990.116592,,,4.0633333333333335,5.5
bench_logs\upols_stream_tests\2026-05-15\ffrw_upols_vs_arm_freq_performance_16_banks\arm_freq2100\run2,,RaspberryPiComputeModule5,,,,,fftw-upols,,16,16,0,0,0,0,RaspberryPiComputeModule5,0,0,0,0,0,0,0,0,ffrw_upols_vs_arm_freq_performance_16_banks,performance,0,0,0,0,0,0,0,0,0,2100,0,0,0,0,0,0,0,0,0,0,0,0,8.521998,33301.724313,,,4.131666666666666,5.487096774193549
bench_logs\upols_stream_tests\2026-05-15\ffrw_upols_vs_arm_freq_performance_16_banks\arm_freq2100\run3,,RaspberryPiComputeModule5,,,,,fftw-upols,,16,16,0,0,0,0,RaspberryPiComputeModule5,0,0,0,0,0,0,0,0,ffrw_upols_vs_arm_freq_performance_16_banks,performance,0,0,0,0,0,0,0,0,0,2100,0,0,0,0,0,0,0,0,0,0,0,0,8.426558,32928.226499,,,4.074999999999999,5.467741935483871
bench_logs\upols_stream_tests\2026-05-15\ffrw_upols_vs_arm_freq_performance_16_banks\arm_freq2100\run4,,RaspberryPiComputeModule5,,,,,fftw-upols,,16,16,0,0,0,0,RaspberryPiComputeModule5,0,0,0,0,0,0,0,0,ffrw_upols_vs_arm_freq_performance_16_banks,performance,0,0,0,0,0,0,0,0,0,2100,0,0,0,0,0,0,0,0,0,0,0,0,8.503915,33231.783665,,,4.076666666666666,5.458064516129033
bench_logs\upols_stream_tests\2026-05-15\ffrw_upols_vs_arm_freq_performance_16_banks\arm_freq2100\run5,,RaspberryPiComputeModule5,,,,,fftw-upols,,16,16,0,0,0,0,RaspberryPiComputeModule5,0,0,0,0,0,0,0,0,ffrw_upols_vs_arm_freq_performance_16_banks,performance,0,0,0,0,0,0,0,0,0,2100,0,0,0,0,0,0,0,0,0,0,0,0,8.555478,33433.784628,,,4.08,5.441935483870968
bench_logs\upols_stream_tests\2026-05-15\ffrw_upols_vs_arm_freq_performance_16_banks\arm_freq2100\run6,,RaspberryPiComputeModule5,,,,,fftw-upols,,16,16,0,0,0,0,RaspberryPiComputeModule5,0,0,0,0,0,0,0,0,ffrw_upols_vs_arm_freq_performance_16_banks,performance,0,0,0,0,0,0,0,0,0,2100,0,0,0,0,0,0,0,0,0,0,0,0,8.542799,33383.494203,,,4.09,5.461290322580646
bench_logs\upols_stream_tests\2026-05-15\ffrw_upols_vs_arm_freq_performance_16_banks\arm_freq2100\run7,,RaspberryPiComputeModule5,,,,,fftw-upols,,16,16,0,0,0,0,RaspberryPiComputeModule5,0,0,0,0,0,0,0,0,ffrw_upols_vs_arm_freq_performance_16_banks,performance,0,0,0,0,0,0,0,0,0,2100,0,0,0,0,0,0,0,0,0,0,0,0,8.591474,33573.235258,,,4.086666666666667,5.474193548387096
bench_logs\upols_stream_tests\2026-05-15\ffrw_upols_vs_arm_freq_performance_16_banks\arm_freq2100\run8,,RaspberryPiComputeModule5,,,,,fftw-upols,,16,16,0,0,0,0,RaspberryPiComputeModule5,0,0,0,0,0,0,0,0,ffrw_upols_vs_arm_freq_performance_16_banks,performance,0,0,0,0,0,0,0,0,0,2100,0,0,0,0,0,0,0,0,0,0,0,0,8.271175,32321.826925,,,4.0616666666666665,5.5
bench_logs\upols_stream_tests\2026-05-15\ffrw_upols_vs_arm_freq_performance_16_banks\arm_freq2100\run9,,RaspberryPiComputeModule5,,,,,fftw-upols,,16,16,0,0,0,0,RaspberryPiComputeModule5,0,0,0,0,0,0,0,0,ffrw_upols_vs_arm_freq_performance_16_banks,performance,0,0,0,0,0,0,0,0,0,2100,0,0,0,0,0,0,0,0,0,0,0,0,8.371484,32713.851573,,,4.153333333333333,5.461290322580646
bench_logs\upols_stream_tests\2026-05-15\ffrw_upols_vs_arm_freq_performance_16_banks\arm_freq2200\run1,,RaspberryPiComputeModule5,,,,,fftw-upols,,16,16,0,0,0,0,RaspberryPiComputeModule5,0,0,0,0,0,0,0,0,ffrw_upols_vs_arm_freq_performance_16_banks,performance,0,0,0,0,0,0,0,0,0,2200,0,0,0,0,0,0,0,0,0,0,0,0,8.182059,31973.694462,,,4.1033333333333335,5.512903225806451
bench_logs\upols_stream_tests\2026-05-15\ffrw_upols_vs_arm_freq_performance_16_banks\arm_freq2200\run2,,RaspberryPiComputeModule5,,,,,fftw-upols,,16,16,0,0,0,0,RaspberryPiComputeModule5,0,0,0,0,0,0,0,0,ffrw_upols_vs_arm_freq_performance_16_banks,performance,0,0,0,0,0,0,0,0,0,2200,0,0,0,0,0,0,0,0,0,0,0,0,8.564714,33468.97022,,,4.1033333333333335,5.483870967741935
bench_logs\upols_stream_tests\2026-05-15\ffrw_upols_vs_arm_freq_performance_16_banks\arm_freq2200\run3,,RaspberryPiComputeModule5,,,,,fftw-upols,,16,16,0,0,0,0,RaspberryPiComputeModule5,0,0,0,0,0,0,0,0,ffrw_upols_vs_arm_freq_performance_16_banks,performance,0,0,0,0,0,0,0,0,0,2200,0,0,0,0,0,0,0,0,0,0,0,0,8.045387,31440.294722,,,4.081666666666666,5.47741935483871
bench_logs\upols_stream_tests\2026-05-15\ffrw_upols_vs_arm_freq_performance_16_banks\arm_freq2200\run4,,RaspberryPiComputeModule5,,,,,fftw-upols,,16,16,0,0,0,0,RaspberryPiComputeModule5,0,0,0,0,0,0,0,0,ffrw_upols_vs_arm_freq_performance_16_banks,performance,0,0,0,0,0,0,0,0,0,2200,0,0,0,0,0,0,0,0,0,0,0,0,9.523681,37215.437663,,,4.0633333333333335,5.440540540540541
bench_logs\upols_stream_tests\2026-05-15\ffrw_upols_vs_arm_freq_performance_16_banks\arm_freq2200\run5,,RaspberryPiComputeModule5,,,,,fftw-upols,,16,16,0,0,0,0,RaspberryPiComputeModule5,0,0,0,0,0,0,0,0,ffrw_upols_vs_arm_freq_performance_16_banks,performance,0,0,0,0,0,0,0,0,0,2200,0,0,0,0,0,0,0,0,0,0,0,0,8.297942,32426.139907,,,4.1083333333333325,5.493548387096775
bench_logs\upols_stream_tests\2026-05-15\ffrw_upols_vs_arm_freq_performance_16_banks\arm_freq2200\run6,,RaspberryPiComputeModule5,,,,,fftw-upols,,16,16,0,0,0,0,RaspberryPiComputeModule5,0,0,0,0,0,0,0,0,ffrw_upols_vs_arm_freq_performance_16_banks,performance,0,0,0,0,0,0,0,0,0,2200,0,0,0,0,0,0,0,0,0,0,0,0,8.391106,32790.516906,,,4.0616666666666665,5.487096774193549
bench_logs\upols_stream_tests\2026-05-15\ffrw_upols_vs_arm_freq_performance_16_banks\arm_freq2200\run7,,RaspberryPiComputeModule5,,,,,fftw-upols,,16,16,0,0,0,0,RaspberryPiComputeModule5,0,0,0,0,0,0,0,0,ffrw_upols_vs_arm_freq_performance_16_banks,performance,0,0,0,0,0,0,0,0,0,2200,0,0,0,0,0,0,0,0,0,0,0,0,8.385989,32769.601185,,,4.08,5.487096774193549
bench_logs\upols_stream_tests\2026-05-15\ffrw_upols_vs_arm_freq_performance_16_banks\arm_freq2200\run8,,RaspberryPiComputeModule5,,,,,fftw-upols,,16,16,0,0,0,0,RaspberryPiComputeModule5,0,0,0,0,0,0,0,0,ffrw_upols_vs_arm_freq_performance_16_banks,performance,0,0,0,0,0,0,0,0,0,2200,0,0,0,0,0,0,0,0,0,0,0,0,8.379424,32745.309443,,,4.1033333333333335,5.467741935483871
bench_logs\upols_stream_tests\2026-05-15\ffrw_upols_vs_arm_freq_performance_16_banks\arm_freq2200\run9,,RaspberryPiComputeModule5,,,,,fftw-upols,,16,16,0,0,0,0,RaspberryPiComputeModule5,0,0,0,0,0,0,0,0,ffrw_upols_vs_arm_freq_performance_16_banks,performance,0,0,0,0,0,0,0,0,0,2200,0,0,0,0,0,0,0,0,0,0,0,0,9.533142,37253.906311,,,4.1049999999999995,5.45945945945946
bench_logs\upols_stream_tests\2026-05-15\ffrw_upols_vs_arm_freq_performance_16_banks\arm_freq2300\run1,,RaspberryPiComputeModule5,,,,,fftw-upols,,16,16,0,0,0,0,RaspberryPiComputeModule5,0,0,0,0,0,0,0,0,ffrw_upols_vs_arm_freq_performance_16_banks,performance,0,0,0,0,0,0,0,0,0,2300,0,0,0,0,0,0,0,0,0,0,0,0,8.08649,31600.65037,,,4.073333333333333,5.596774193548387
bench_logs\upols_stream_tests\2026-05-15\ffrw_upols_vs_arm_freq_performance_16_banks\arm_freq2300\run2,,RaspberryPiComputeModule5,,,,,fftw-upols,,16,16,0,0,0,0,RaspberryPiComputeModule5,0,0,0,0,0,0,0,0,ffrw_upols_vs_arm_freq_performance_16_banks,performance,0,0,0,0,0,0,0,0,0,2300,0,0,0,0,0,0,0,0,0,0,0,0,8.466136,33082.415073,,,4.113333333333333,5.529032258064516
bench_logs\upols_stream_tests\2026-05-15\ffrw_upols_vs_arm_freq_performance_16_banks\arm_freq2300\run3,,RaspberryPiComputeModule5,,,,,fftw-upols,,16,16,0,0,0,0,RaspberryPiComputeModule5,0,0,0,0,0,0,0,0,ffrw_upols_vs_arm_freq_performance_16_banks,performance,0,0,0,0,0,0,0,0,0,2300,0,0,0,0,0,0,0,0,0,0,0,0,8.342349,32598.690184,,,4.108333333333333,5.541935483870967
bench_logs\upols_stream_tests\2026-05-15\ffrw_upols_vs_arm_freq_performance_16_banks\arm_freq2300\run4,,RaspberryPiComputeModule5,,,,,fftw-upols,,16,16,0,0,0,0,RaspberryPiComputeModule5,0,0,0,0,0,0,0,0,ffrw_upols_vs_arm_freq_performance_16_banks,performance,0,0,0,0,0,0,0,0,0,2300,0,0,0,0,0,0,0,0,0,0,0,0,8.958296,35007.537868,,,4.086666666666667,5.570967741935483
bench_logs\upols_stream_tests\2026-05-15\ffrw_upols_vs_arm_freq_performance_16_banks\arm_freq2300\run5,,RaspberryPiComputeModule5,,,,,fftw-upols,,16,16,0,0,0,0,RaspberryPiComputeModule5,0,0,0,0,0,0,0,0,ffrw_upols_vs_arm_freq_performance_16_banks,performance,0,0,0,0,0,0,0,0,0,2300,0,0,0,0,0,0,0,0,0,0,0,0,8.45868,33053.497536,,,4.111666666666666,5.535483870967742
bench_logs\upols_stream_tests\2026-05-15\ffrw_upols_vs_arm_freq_performance_16_banks\arm_freq2300\run6,,RaspberryPiComputeModule5,,,,,fftw-upols,,16,16,0,0,0,0,RaspberryPiComputeModule5,0,0,0,0,0,0,0,0,ffrw_upols_vs_arm_freq_performance_16_banks,performance,0,0,0,0,0,0,0,0,0,2300,0,0,0,0,0,0,0,0,0,0,0,0,8.449212,33016.966814,,,4.114999999999999,5.541935483870967
bench_logs\upols_stream_tests\2026-05-15\ffrw_upols_vs_arm_freq_performance_16_banks\arm_freq2300\run7,,RaspberryPiComputeModule5,,,,,fftw-upols,,16,16,0,0,0,0,RaspberryPiComputeModule5,0,0,0,0,0,0,0,0,ffrw_upols_vs_arm_freq_performance_16_banks,performance,0,0,0,0,0,0,0,0,0,2300,0,0,0,0,0,0,0,0,0,0,0,0,8.47737,33127.485147,,,4.1,5.5
bench_logs\upols_stream_tests\2026-05-15\ffrw_upols_vs_arm_freq_performance_16_banks\arm_freq2300\run8,,RaspberryPiComputeModule5,,,,,fftw-upols,,16,16,0,0,0,0,RaspberryPiComputeModule5,0,0,0,0,0,0,0,0,ffrw_upols_vs_arm_freq_performance_16_banks,performance,0,0,0,0,0,0,0,0,0,2300,0,0,0,0,0,0,0,0,0,0,0,0,8.331435,32557.33787,,,4.126666666666667,5.535483870967742
bench_logs\upols_stream_tests\2026-05-15\ffrw_upols_vs_arm_freq_performance_16_banks\arm_freq2300\run9,,RaspberryPiComputeModule5,,,,,fftw-upols,,16,16,0,0,0,0,RaspberryPiComputeModule5,0,0,0,0,0,0,0,0,ffrw_upols_vs_arm_freq_performance_16_banks,performance,0,0,0,0,0,0,0,0,0,2300,0,0,0,0,0,0,0,0,0,0,0,0,8.565053,33468.852405,,,4.128333333333333,5.506451612903225
bench_logs\upols_stream_tests\2026-05-15\ffrw_upols_vs_arm_freq_performance_16_banks\arm_freq2400\run1,,RaspberryPiComputeModule5,,,,,fftw-upols,,16,16,0,0,0,0,RaspberryPiComputeModule5,0,0,0,0,0,0,0,0,ffrw_upols_vs_arm_freq_performance_16_banks,performance,0,0,0,0,0,0,0,0,0,2400,0,0,0,0,0,0,0,0,0,0,0,0,8.123873,31746.153481,,,4.0649999999999995,5.609677419354839
bench_logs\upols_stream_tests\2026-05-15\ffrw_upols_vs_arm_freq_performance_16_banks\arm_freq2400\run2,,RaspberryPiComputeModule5,,,,,fftw-upols,,16,16,0,0,0,0,RaspberryPiComputeModule5,0,0,0,0,0,0,0,0,ffrw_upols_vs_arm_freq_performance_16_banks,performance,0,0,0,0,0,0,0,0,0,2400,0,0,0,0,0,0,0,0,0,0,0,0,8.209906,32082.555573,,,4.085,5.580645161290323
bench_logs\upols_stream_tests\2026-05-15\ffrw_upols_vs_arm_freq_performance_16_banks\arm_freq2400\run3,,RaspberryPiComputeModule5,,,,,fftw-upols,,16,16,0,0,0,0,RaspberryPiComputeModule5,0,0,0,0,0,0,0,0,ffrw_upols_vs_arm_freq_performance_16_banks,performance,0,0,0,0,0,0,0,0,0,2400,0,0,0,0,0,0,0,0,0,0,0,0,8.285273,32376.521666,,,4.114999999999999,5.567741935483871
bench_logs\upols_stream_tests\2026-05-15\ffrw_upols_vs_arm_freq_performance_16_banks\arm_freq2400\run4,,RaspberryPiComputeModule5,,,,,fftw-upols,,16,16,0,0,0,0,RaspberryPiComputeModule5,0,0,0,0,0,0,0,0,ffrw_upols_vs_arm_freq_performance_16_banks,performance,0,0,0,0,0,0,0,0,0,2400,0,0,0,0,0,0,0,0,0,0,0,0,8.224646,32141.647092,,,4.086666666666667,5.587096774193548
bench_logs\upols_stream_tests\2026-05-15\ffrw_upols_vs_arm_freq_performance_16_banks\arm_freq2400\run5,,RaspberryPiComputeModule5,,,,,fftw-upols,,16,16,0,0,0,0,RaspberryPiComputeModule5,0,0,0,0,0,0,0,0,ffrw_upols_vs_arm_freq_performance_16_banks,performance,0,0,0,0,0,0,0,0,0,2400,0,0,0,0,0,0,0,0,0,0,0,0,8.166046,31911.1505,,,4.125,5.6
bench_logs\upols_stream_tests\2026-05-15\ffrw_upols_vs_arm_freq_performance_16_banks\arm_freq2400\run6,,RaspberryPiComputeModule5,,,,,fftw-upols,,16,16,0,0,0,0,RaspberryPiComputeModule5,0,0,0,0,0,0,0,0,ffrw_upols_vs_arm_freq_performance_16_banks,performance,0,0,0,0,0,0,0,0,0,2400,0,0,0,0,0,0,0,0,0,0,0,0,8.607394,33634.408647,,,4.116666666666666,5.538709677419354
bench_logs\upols_stream_tests\2026-05-15\ffrw_upols_vs_arm_freq_performance_16_banks\arm_freq2400\run7,,RaspberryPiComputeModule5,,,,,fftw-upols,,16,16,0,0,0,0,RaspberryPiComputeModule5,0,0,0,0,0,0,0,0,ffrw_upols_vs_arm_freq_performance_16_banks,performance,0,0,0,0,0,0,0,0,0,2400,0,0,0,0,0,0,0,0,0,0,0,0,8.324592,32530.43624,,,4.1,5.570967741935483
bench_logs\upols_stream_tests\2026-05-15\ffrw_upols_vs_arm_freq_performance_16_banks\arm_freq2400\run8,,RaspberryPiComputeModule5,,,,,fftw-upols,,16,16,0,0,0,0,RaspberryPiComputeModule5,0,0,0,0,0,0,0,0,ffrw_upols_vs_arm_freq_performance_16_banks,performance,0,0,0,0,0,0,0,0,0,2400,0,0,0,0,0,0,0,0,0,0,0,0,8.338221,32583.013925,,,4.148333333333333,5.574193548387096
bench_logs\upols_stream_tests\2026-05-15\ffrw_upols_vs_arm_freq_performance_16_banks\arm_freq2400\run9,,RaspberryPiComputeModule5,,,,,fftw-upols,,16,16,0,0,0,0,RaspberryPiComputeModule5,0,0,0,0,0,0,0,0,ffrw_upols_vs_arm_freq_performance_16_banks,performance,0,0,0,0,0,0,0,0,0,2400,0,0,0,0,0,0,0,0,0,0,0,0,8.469545,33097.872906,,,4.156666666666667,5.561290322580645
bench_logs\upols_stream_tests\2026-06-15\nano_clfft_ola_vs_GPU_freq_performance_16_banks_clvk\ID10\run1,,JetsonOrinNanoSuper,,,,,clfft-ola,,16,16,0,0,0,0,JetsonOrinNanoSuper,0,0,0,0,0,0,0,0,nano_clfft_ola_vs_GPU_freq_performance_16_banks_clvk,performance,918000000,6,0,0,0,1497600,0,0,1497600,0,0,10,0,0,0,0,0,918MHz_GPU,0,0,2133000000,918000000,29.96299,5843.250901,,,8.446666666666667,10.223076923076924
bench_logs\upols_stream_tests\2026-06-15\nano_clfft_ola_vs_GPU_freq_performance_16_banks_clvk\ID10\run2,,JetsonOrinNanoSuper,,,,,clfft-ola,,16,16,0,0,0,0,JetsonOrinNanoSuper,0,0,0,0,0,0,0,0,nano_clfft_ola_vs_GPU_freq_performance_16_banks_clvk,performance,918000000,6,0,0,0,1497600,0,0,1497600,0,0,10,0,0,0,0,0,918MHz_GPU,0,0,2133000000,918000000,29.986509,5847.819531,,,8.446666666666667,10.238461538461538
bench_logs\upols_stream_tests\2026-06-15\nano_clfft_ola_vs_GPU_freq_performance_16_banks_clvk\ID10\run3,,JetsonOrinNanoSuper,,,,,clfft-ola,,16,16,0,0,0,0,JetsonOrinNanoSuper,0,0,0,0,0,0,0,0,nano_clfft_ola_vs_GPU_freq_performance_16_banks_clvk,performance,918000000,6,0,0,0,1497600,0,0,1497600,0,0,10,0,0,0,0,0,918MHz_GPU,0,0,2133000000,918000000,29.835604,5818.394965,,,8.453333333333333,10.253846153846155
bench_logs\upols_stream_tests\2026-06-15\nano_clfft_ola_vs_GPU_freq_performance_16_banks_clvk\ID10\run4,,JetsonOrinNanoSuper,,,,,clfft-ola,,16,16,0,0,0,0,JetsonOrinNanoSuper,0,0,0,0,0,0,0,0,nano_clfft_ola_vs_GPU_freq_performance_16_banks_clvk,performance,918000000,6,0,0,0,1497600,0,0,1497600,0,0,10,0,0,0,0,0,918MHz_GPU,0,0,2133000000,918000000,30.020053,5854.367723,,,8.566666666666666,10.207692307692307
bench_logs\upols_stream_tests\2026-06-15\nano_clfft_ola_vs_GPU_freq_performance_16_banks_clvk\ID10\run5,,JetsonOrinNanoSuper,,,,,clfft-ola,,16,16,0,0,0,0,JetsonOrinNanoSuper,0,0,0,0,0,0,0,0,nano_clfft_ola_vs_GPU_freq_performance_16_banks_clvk,performance,918000000,6,0,0,0,1497600,0,0,1497600,0,0,10,0,0,0,0,0,918MHz_GPU,0,0,2133000000,918000000,30.039838,5858.218453,,,8.440000000000001,10.253846153846155
bench_logs\upols_stream_tests\2026-06-15\nano_clfft_ola_vs_GPU_freq_performance_16_banks_clvk\ID10\run6,,JetsonOrinNanoSuper,,,,,clfft-ola,,16,16,0,0,0,0,JetsonOrinNanoSuper,0,0,0,0,0,0,0,0,nano_clfft_ola_vs_GPU_freq_performance_16_banks_clvk,performance,918000000,6,0,0,0,1497600,0,0,1497600,0,0,10,0,0,0,0,0,918MHz_GPU,0,0,2133000000,918000000,29.931015,5836.992843,,,8.433333333333334,10.246153846153845
bench_logs\upols_stream_tests\2026-06-15\nano_clfft_ola_vs_GPU_freq_performance_16_banks_clvk\ID11\run1,,JetsonOrinNanoSuper,,,,,clfft-ola,,16,16,0,0,0,0,JetsonOrinNanoSuper,0,0,0,0,0,0,0,0,nano_clfft_ola_vs_GPU_freq_performance_16_banks_clvk,performance,1020000000,6,0,0,0,1497600,0,0,1497600,0,0,11,0,0,0,0,0,1020MHz_GPU,0,0,2133000000,1020000000,29.722366,5796.346421,,,8.733333333333333,10.599999999999998
bench_logs\upols_stream_tests\2026-06-15\nano_clfft_ola_vs_GPU_freq_performance_16_banks_clvk\ID11\run2,,JetsonOrinNanoSuper,,,,,clfft-ola,,16,16,0,0,0,0,JetsonOrinNanoSuper,0,0,0,0,0,0,0,0,nano_clfft_ola_vs_GPU_freq_performance_16_banks_clvk,performance,1020000000,6,0,0,0,1497600,0,0,1497600,0,0,11,0,0,0,0,0,1020MHz_GPU,0,0,2133000000,1020000000,29.640617,5780.397803,,,8.713333333333333,10.592307692307692
bench_logs\upols_stream_tests\2026-06-15\nano_clfft_ola_vs_GPU_freq_performance_16_banks_clvk\ID11\run3,,JetsonOrinNanoSuper,,,,,clfft-ola,,16,16,0,0,0,0,JetsonOrinNanoSuper,0,0,0,0,0,0,0,0,nano_clfft_ola_vs_GPU_freq_performance_16_banks_clvk,performance,1020000000,6,0,0,0,1497600,0,0,1497600,0,0,11,0,0,0,0,0,1020MHz_GPU,0,0,2133000000,1020000000,29.719595,5795.784949,,,8.719999999999999,10.599999999999998
bench_logs\upols_stream_tests\2026-06-15\nano_clfft_ola_vs_GPU_freq_performance_16_banks_clvk\ID11\run4,,JetsonOrinNanoSuper,,,,,clfft-ola,,16,16,0,0,0,0,JetsonOrinNanoSuper,0,0,0,0,0,0,0,0,nano_clfft_ola_vs_GPU_freq_performance_16_banks_clvk,performance,1020000000,6,0,0,0,1497600,0,0,1497600,0,0,11,0,0,0,0,0,1020MHz_GPU,0,0,2133000000,1020000000,29.784497,5808.427403,,,8.719999999999999,10.623076923076923
bench_logs\upols_stream_tests\2026-06-15\nano_clfft_ola_vs_GPU_freq_performance_16_banks_clvk\ID11\run5,,JetsonOrinNanoSuper,,,,,clfft-ola,,16,16,0,0,0,0,JetsonOrinNanoSuper,0,0,0,0,0,0,0,0,nano_clfft_ola_vs_GPU_freq_performance_16_banks_clvk,performance,1020000000,6,0,0,0,1497600,0,0,1497600,0,0,11,0,0,0,0,0,1020MHz_GPU,0,0,2133000000,1020000000,29.680333,5788.128171,,,8.726666666666667,10.599999999999998
bench_logs\upols_stream_tests\2026-06-15\nano_clfft_ola_vs_GPU_freq_performance_16_banks_clvk\ID11\run6,,JetsonOrinNanoSuper,,,,,clfft-ola,,16,16,0,0,0,0,JetsonOrinNanoSuper,0,0,0,0,0,0,0,0,nano_clfft_ola_vs_GPU_freq_performance_16_banks_clvk,performance,1020000000,6,0,0,0,1497600,0,0,1497600,0,0,11,0,0,0,0,0,1020MHz_GPU,0,0,2133000000,1020000000,29.774387,5806.492107,,,8.713333333333333,10.63076923076923
bench_logs\upols_stream_tests\2026-06-15\nano_clfft_ola_vs_GPU_freq_performance_16_banks_clvk\ID4\run1,,JetsonOrinNanoSuper,,,,,clfft-ola,,16,16,0,0,0,0,JetsonOrinNanoSuper,0,0,0,0,0,0,0,0,nano_clfft_ola_vs_GPU_freq_performance_16_banks_clvk,performance,306000000,6,0,0,0,1497600,0,0,1497600,0,0,4,0,0,0,0,0,306MHz_GPU,0,0,2133000000,306000000,34.24471,6678.198251,,,7.680000000000001,9.352631578947369
bench_logs\upols_stream_tests\2026-06-15\nano_clfft_ola_vs_GPU_freq_performance_16_banks_clvk\ID4\run2,,JetsonOrinNanoSuper,,,,,clfft-ola,,16,16,0,0,0,0,JetsonOrinNanoSuper,0,0,0,0,0,0,0,0,nano_clfft_ola_vs_GPU_freq_performance_16_banks_clvk,performance,306000000,6,0,0,0,1497600,0,0,1497600,0,0,4,0,0,0,0,0,306MHz_GPU,0,0,2133000000,306000000,34.322067,6693.285632,,,7.673333333333333,9.347368421052632
bench_logs\upols_stream_tests\2026-06-15\nano_clfft_ola_vs_GPU_freq_performance_16_banks_clvk\ID4\run3,,JetsonOrinNanoSuper,,,,,clfft-ola,,16,16,0,0,0,0,JetsonOrinNanoSuper,0,0,0,0,0,0,0,0,nano_clfft_ola_vs_GPU_freq_performance_16_banks_clvk,performance,306000000,6,0,0,0,1497600,0,0,1497600,0,0,4,0,0,0,0,0,306MHz_GPU,0,0,2133000000,306000000,34.259725,6681.132768,,,7.786666666666666,9.352631578947369
bench_logs\upols_stream_tests\2026-06-15\nano_clfft_ola_vs_GPU_freq_performance_16_banks_clvk\ID4\run4,,JetsonOrinNanoSuper,,,,,clfft-ola,,16,16,0,0,0,0,JetsonOrinNanoSuper,0,0,0,0,0,0,0,0,nano_clfft_ola_vs_GPU_freq_performance_16_banks_clvk,performance,306000000,6,0,0,0,1497600,0,0,1497600,0,0,4,0,0,0,0,0,306MHz_GPU,0,0,2133000000,306000000,34.203552,6670.133664,,,7.62,9.368421052631579
bench_logs\upols_stream_tests\2026-06-15\nano_clfft_ola_vs_GPU_freq_performance_16_banks_clvk\ID4\run5,,JetsonOrinNanoSuper,,,,,clfft-ola,,16,16,0,0,0,0,JetsonOrinNanoSuper,0,0,0,0,0,0,0,0,nano_clfft_ola_vs_GPU_freq_performance_16_banks_clvk,performance,306000000,6,0,0,0,1497600,0,0,1497600,0,0,4,0,0,0,0,0,306MHz_GPU,0,0,2133000000,306000000,34.265229,6682.169675,,,7.653333333333333,9.357894736842105
bench_logs\upols_stream_tests\2026-06-15\nano_clfft_ola_vs_GPU_freq_performance_16_banks_clvk\ID4\run6,,JetsonOrinNanoSuper,,,,,clfft-ola,,16,16,0,0,0,0,JetsonOrinNanoSuper,0,0,0,0,0,0,0,0,nano_clfft_ola_vs_GPU_freq_performance_16_banks_clvk,performance,306000000,6,0,0,0,1497600,0,0,1497600,0,0,4,0,0,0,0,0,306MHz_GPU,0,0,2133000000,306000000,34.260893,6681.330891,,,7.706666666666667,9.336842105263159
bench_logs\upols_stream_tests\2026-06-15\nano_clfft_ola_vs_GPU_freq_performance_16_banks_clvk\ID5\run1,,JetsonOrinNanoSuper,,,,,clfft-ola,,16,16,0,0,0,0,JetsonOrinNanoSuper,0,0,0,0,0,0,0,0,nano_clfft_ola_vs_GPU_freq_performance_16_banks_clvk,performance,408000000,6,0,0,0,1497600,0,0,1497600,0,0,5,0,0,0,0,0,408MHz_GPU,0,0,2133000000,408000000,32.596583,6356.801696,,,7.8133333333333335,9.5
bench_logs\upols_stream_tests\2026-06-15\nano_clfft_ola_vs_GPU_freq_performance_16_banks_clvk\ID5\run2,,JetsonOrinNanoSuper,,,,,clfft-ola,,16,16,0,0,0,0,JetsonOrinNanoSuper,0,0,0,0,0,0,0,0,nano_clfft_ola_vs_GPU_freq_performance_16_banks_clvk,performance,408000000,6,0,0,0,1497600,0,0,1497600,0,0,5,0,0,0,0,0,408MHz_GPU,0,0,2133000000,408000000,32.491321,6336.260981,,,7.846666666666667,9.489473684210527
bench_logs\upols_stream_tests\2026-06-15\nano_clfft_ola_vs_GPU_freq_performance_16_banks_clvk\ID5\run3,,JetsonOrinNanoSuper,,,,,clfft-ola,,16,16,0,0,0,0,JetsonOrinNanoSuper,0,0,0,0,0,0,0,0,nano_clfft_ola_vs_GPU_freq_performance_16_banks_clvk,performance,408000000,6,0,0,0,1497600,0,0,1497600,0,0,5,0,0,0,0,0,408MHz_GPU,0,0,2133000000,408000000,32.530494,6343.892064,,,7.8,9.531578947368422
bench_logs\upols_stream_tests\2026-06-15\nano_clfft_ola_vs_GPU_freq_performance_16_banks_clvk\ID5\run4,,JetsonOrinNanoSuper,,,,,clfft-ola,,16,16,0,0,0,0,JetsonOrinNanoSuper,0,0,0,0,0,0,0,0,nano_clfft_ola_vs_GPU_freq_performance_16_banks_clvk,performance,408000000,6,0,0,0,1497600,0,0,1497600,0,0,5,0,0,0,0,0,408MHz_GPU,0,0,2133000000,408000000,32.584758,6354.47616,,,7.8,9.488888888888889
bench_logs\upols_stream_tests\2026-06-15\nano_clfft_ola_vs_GPU_freq_performance_16_banks_clvk\ID5\run5,,JetsonOrinNanoSuper,,,,,clfft-ola,,16,16,0,0,0,0,JetsonOrinNanoSuper,0,0,0,0,0,0,0,0,nano_clfft_ola_vs_GPU_freq_performance_16_banks_clvk,performance,408000000,6,0,0,0,1497600,0,0,1497600,0,0,5,0,0,0,0,0,408MHz_GPU,0,0,2133000000,408000000,32.56978,6351.540843,,,7.8,9.5
bench_logs\upols_stream_tests\2026-06-15\nano_clfft_ola_vs_GPU_freq_performance_16_banks_clvk\ID5\run6,,JetsonOrinNanoSuper,,,,,clfft-ola,,16,16,0,0,0,0,JetsonOrinNanoSuper,0,0,0,0,0,0,0,0,nano_clfft_ola_vs_GPU_freq_performance_16_banks_clvk,performance,408000000,6,0,0,0,1497600,0,0,1497600,0,0,5,0,0,0,0,0,408MHz_GPU,0,0,2133000000,408000000,32.592498,6355.990208,,,7.806666666666667,9.5
bench_logs\upols_stream_tests\2026-06-15\nano_clfft_ola_vs_GPU_freq_performance_16_banks_clvk\ID6\run1,,JetsonOrinNanoSuper,,,,,clfft-ola,,16,16,0,0,0,0,JetsonOrinNanoSuper,0,0,0,0,0,0,0,0,nano_clfft_ola_vs_GPU_freq_performance_16_banks_clvk,performance,510000000,6,0,0,0,1497600,0,0,1497600,0,0,6,0,0,0,0,0,510MHz_GPU,0,0,2133000000,510000000,31.519254,6146.710955,,,7.953333333333333,9.631578947368421
bench_logs\upols_stream_tests\2026-06-15\nano_clfft_ola_vs_GPU_freq_performance_16_banks_clvk\ID6\run2,,JetsonOrinNanoSuper,,,,,clfft-ola,,16,16,0,0,0,0,JetsonOrinNanoSuper,0,0,0,0,0,0,0,0,nano_clfft_ola_vs_GPU_freq_performance_16_banks_clvk,performance,510000000,6,0,0,0,1497600,0,0,1497600,0,0,6,0,0,0,0,0,510MHz_GPU,0,0,2133000000,510000000,31.602062,6162.833707,,,7.920000000000001,9.626315789473683
bench_logs\upols_stream_tests\2026-06-15\nano_clfft_ola_vs_GPU_freq_performance_16_banks_clvk\ID6\run3,,JetsonOrinNanoSuper,,,,,clfft-ola,,16,16,0,0,0,0,JetsonOrinNanoSuper,0,0,0,0,0,0,0,0,nano_clfft_ola_vs_GPU_freq_performance_16_banks_clvk,performance,510000000,6,0,0,0,1497600,0,0,1497600,0,0,6,0,0,0,0,0,510MHz_GPU,0,0,2133000000,510000000,31.563075,6155.253045,,,7.926666666666667,9.642105263157895
bench_logs\upols_stream_tests\2026-06-15\nano_clfft_ola_vs_GPU_freq_performance_16_banks_clvk\ID6\run4,,JetsonOrinNanoSuper,,,,,clfft-ola,,16,16,0,0,0,0,JetsonOrinNanoSuper,0,0,0,0,0,0,0,0,nano_clfft_ola_vs_GPU_freq_performance_16_banks_clvk,performance,510000000,6,0,0,0,1497600,0,0,1497600,0,0,6,0,0,0,0,0,510MHz_GPU,0,0,2133000000,510000000,31.580445,6158.649739,,,7.94,9.61578947368421
bench_logs\upols_stream_tests\2026-06-15\nano_clfft_ola_vs_GPU_freq_performance_16_banks_clvk\ID6\run5,,JetsonOrinNanoSuper,,,,,clfft-ola,,16,16,0,0,0,0,JetsonOrinNanoSuper,0,0,0,0,0,0,0,0,nano_clfft_ola_vs_GPU_freq_performance_16_banks_clvk,performance,510000000,6,0,0,0,1497600,0,0,1497600,0,0,6,0,0,0,0,0,510MHz_GPU,0,0,2133000000,510000000,31.662882,6174.746581,,,7.926666666666667,9.61578947368421
bench_logs\upols_stream_tests\2026-06-15\nano_clfft_ola_vs_GPU_freq_performance_16_banks_clvk\ID6\run6,,JetsonOrinNanoSuper,,,,,clfft-ola,,16,16,0,0,0,0,JetsonOrinNanoSuper,0,0,0,0,0,0,0,0,nano_clfft_ola_vs_GPU_freq_performance_16_banks_clvk,performance,510000000,6,0,0,0,1497600,0,0,1497600,0,0,6,0,0,0,0,0,510MHz_GPU,0,0,2133000000,510000000,31.547755,6152.263712,,,7.926666666666667,9.647368421052631
bench_logs\upols_stream_tests\2026-06-15\nano_clfft_ola_vs_GPU_freq_performance_16_banks_clvk\ID7\run1,,JetsonOrinNanoSuper,,,,,clfft-ola,,16,16,0,0,0,0,JetsonOrinNanoSuper,0,0,0,0,0,0,0,0,nano_clfft_ola_vs_GPU_freq_performance_16_banks_clvk,performance,612000000,6,0,0,0,1497600,0,0,1497600,0,0,7,0,0,0,0,0,612MHz_GPU,0,0,2133000000,612000000,30.917701,6029.395712,,,8.033333333333333,9.715789473684211
bench_logs\upols_stream_tests\2026-06-15\nano_clfft_ola_vs_GPU_freq_performance_16_banks_clvk\ID7\run2,,JetsonOrinNanoSuper,,,,,clfft-ola,,16,16,0,0,0,0,JetsonOrinNanoSuper,0,0,0,0,0,0,0,0,nano_clfft_ola_vs_GPU_freq_performance_16_banks_clvk,performance,612000000,6,0,0,0,1497600,0,0,1497600,0,0,7,0,0,0,0,0,612MHz_GPU,0,0,2133000000,612000000,30.954393,6036.577781,,,8.02,9.710526315789474
bench_logs\upols_stream_tests\2026-06-15\nano_clfft_ola_vs_GPU_freq_performance_16_banks_clvk\ID7\run3,,JetsonOrinNanoSuper,,,,,clfft-ola,,16,16,0,0,0,0,JetsonOrinNanoSuper,0,0,0,0,0,0,0,0,nano_clfft_ola_vs_GPU_freq_performance_16_banks_clvk,performance,612000000,6,0,0,0,1497600,0,0,1497600,0,0,7,0,0,0,0,0,612MHz_GPU,0,0,2133000000,612000000,30.905867,6027.108139,,,8.026666666666667,9.7
bench_logs\upols_stream_tests\2026-06-15\nano_clfft_ola_vs_GPU_freq_performance_16_banks_clvk\ID7\run4,,JetsonOrinNanoSuper,,,,,clfft-ola,,16,16,0,0,0,0,JetsonOrinNanoSuper,0,0,0,0,0,0,0,0,nano_clfft_ola_vs_GPU_freq_performance_16_banks_clvk,performance,612000000,6,0,0,0,1497600,0,0,1497600,0,0,7,0,0,0,0,0,612MHz_GPU,0,0,2133000000,612000000,31.002197,6045.906293,,,8.059999999999999,9.705263157894736
bench_logs\upols_stream_tests\2026-06-15\nano_clfft_ola_vs_GPU_freq_performance_16_banks_clvk\ID7\run5,,JetsonOrinNanoSuper,,,,,clfft-ola,,16,16,0,0,0,0,JetsonOrinNanoSuper,0,0,0,0,0,0,0,0,nano_clfft_ola_vs_GPU_freq_performance_16_banks_clvk,performance,612000000,6,0,0,0,1497600,0,0,1497600,0,0,7,0,0,0,0,0,612MHz_GPU,0,0,2133000000,612000000,31.020085,6049.404853,,,8.026666666666667,9.705263157894736
bench_logs\upols_stream_tests\2026-06-15\nano_clfft_ola_vs_GPU_freq_performance_16_banks_clvk\ID7\run6,,JetsonOrinNanoSuper,,,,,clfft-ola,,16,16,0,0,0,0,JetsonOrinNanoSuper,0,0,0,0,0,0,0,0,nano_clfft_ola_vs_GPU_freq_performance_16_banks_clvk,performance,612000000,6,0,0,0,1497600,0,0,1497600,0,0,7,0,0,0,0,0,612MHz_GPU,0,0,2133000000,612000000,31.01231,6047.879712,,,8.026666666666667,9.705263157894736
bench_logs\upols_stream_tests\2026-06-15\nano_clfft_ola_vs_GPU_freq_performance_16_banks_clvk\ID8\run1,,JetsonOrinNanoSuper,,,,,clfft-ola,,16,16,0,0,0,0,JetsonOrinNanoSuper,0,0,0,0,0,0,0,0,nano_clfft_ola_vs_GPU_freq_performance_16_banks_clvk,performance,714000000,6,0,0,0,1497600,0,0,1497600,0,0,8,0,0,0,0,0,714MHz_GPU,0,0,2133000000,714000000,30.48435,5944.916416,,,8.139999999999999,9.842105263157896
bench_logs\upols_stream_tests\2026-06-15\nano_clfft_ola_vs_GPU_freq_performance_16_banks_clvk\ID8\run2,,JetsonOrinNanoSuper,,,,,clfft-ola,,16,16,0,0,0,0,JetsonOrinNanoSuper,0,0,0,0,0,0,0,0,nano_clfft_ola_vs_GPU_freq_performance_16_banks_clvk,performance,714000000,6,0,0,0,1497600,0,0,1497600,0,0,8,0,0,0,0,0,714MHz_GPU,0,0,2133000000,714000000,30.5248,5952.798379,,,8.12,9.863157894736842
bench_logs\upols_stream_tests\2026-06-15\nano_clfft_ola_vs_GPU_freq_performance_16_banks_clvk\ID8\run3,,JetsonOrinNanoSuper,,,,,clfft-ola,,16,16,0,0,0,0,JetsonOrinNanoSuper,0,0,0,0,0,0,0,0,nano_clfft_ola_vs_GPU_freq_performance_16_banks_clvk,performance,714000000,6,0,0,0,1497600,0,0,1497600,0,0,8,0,0,0,0,0,714MHz_GPU,0,0,2133000000,714000000,30.515415,5950.947904,,,8.113333333333333,9.842105263157896
bench_logs\upols_stream_tests\2026-06-15\nano_clfft_ola_vs_GPU_freq_performance_16_banks_clvk\ID8\run4,,JetsonOrinNanoSuper,,,,,clfft-ola,,16,16,0,0,0,0,JetsonOrinNanoSuper,0,0,0,0,0,0,0,0,nano_clfft_ola_vs_GPU_freq_performance_16_banks_clvk,performance,714000000,6,0,0,0,1497600,0,0,1497600,0,0,8,0,0,0,0,0,714MHz_GPU,0,0,2133000000,714000000,30.540194,5955.812427,,,8.113333333333333,9.852631578947369
bench_logs\upols_stream_tests\2026-06-15\nano_clfft_ola_vs_GPU_freq_performance_16_banks_clvk\ID8\run5,,JetsonOrinNanoSuper,,,,,clfft-ola,,16,16,0,0,0,0,JetsonOrinNanoSuper,0,0,0,0,0,0,0,0,nano_clfft_ola_vs_GPU_freq_performance_16_banks_clvk,performance,714000000,6,0,0,0,1497600,0,0,1497600,0,0,8,0,0,0,0,0,714MHz_GPU,0,0,2133000000,714000000,30.492438,5946.467787,,,8.126666666666667,9.842105263157896
bench_logs\upols_stream_tests\2026-06-15\nano_clfft_ola_vs_GPU_freq_performance_16_banks_clvk\ID8\run6,,JetsonOrinNanoSuper,,,,,clfft-ola,,16,16,0,0,0,0,JetsonOrinNanoSuper,0,0,0,0,0,0,0,0,nano_clfft_ola_vs_GPU_freq_performance_16_banks_clvk,performance,714000000,6,0,0,0,1497600,0,0,1497600,0,0,8,0,0,0,0,0,714MHz_GPU,0,0,2133000000,714000000,30.490166,5946.036288,,,8.233333333333333,9.831578947368422
bench_logs\upols_stream_tests\2026-06-15\nano_clfft_ola_vs_GPU_freq_performance_16_banks_clvk\ID9\run1,,JetsonOrinNanoSuper,,,,,clfft-ola,,16,16,0,0,0,0,JetsonOrinNanoSuper,0,0,0,0,0,0,0,0,nano_clfft_ola_vs_GPU_freq_performance_16_banks_clvk,performance,816000000,6,0,0,0,1497600,0,0,1497600,0,0,9,0,0,0,0,0,816MHz_GPU,0,0,2133000000,816000000,30.336537,5916.105643,,,8.253333333333334,9.905263157894737
bench_logs\upols_stream_tests\2026-06-15\nano_clfft_ola_vs_GPU_freq_performance_16_banks_clvk\ID9\run2,,JetsonOrinNanoSuper,,,,,clfft-ola,,16,16,0,0,0,0,JetsonOrinNanoSuper,0,0,0,0,0,0,0,0,nano_clfft_ola_vs_GPU_freq_performance_16_banks_clvk,performance,816000000,6,0,0,0,1497600,0,0,1497600,0,0,9,0,0,0,0,0,816MHz_GPU,0,0,2133000000,816000000,30.349056,5918.534645,,,8.2,9.905263157894737
bench_logs\upols_stream_tests\2026-06-15\nano_clfft_ola_vs_GPU_freq_performance_16_banks_clvk\ID9\run3,,JetsonOrinNanoSuper,,,,,clfft-ola,,16,16,0,0,0,0,JetsonOrinNanoSuper,0,0,0,0,0,0,0,0,nano_clfft_ola_vs_GPU_freq_performance_16_banks_clvk,performance,816000000,6,0,0,0,1497600,0,0,1497600,0,0,9,0,0,0,0,0,816MHz_GPU,0,0,2133000000,816000000,30.253651,5899.922549,,,8.213333333333333,9.936842105263159
bench_logs\upols_stream_tests\2026-06-15\nano_clfft_ola_vs_GPU_freq_performance_16_banks_clvk\ID9\run4,,JetsonOrinNanoSuper,,,,,clfft-ola,,16,16,0,0,0,0,JetsonOrinNanoSuper,0,0,0,0,0,0,0,0,nano_clfft_ola_vs_GPU_freq_performance_16_banks_clvk,performance,816000000,6,0,0,0,1497600,0,0,1497600,0,0,9,0,0,0,0,0,816MHz_GPU,0,0,2133000000,816000000,30.256929,5900.571147,,,8.206666666666667,9.926315789473684
bench_logs\upols_stream_tests\2026-06-15\nano_clfft_ola_vs_GPU_freq_performance_16_banks_clvk\ID9\run5,,JetsonOrinNanoSuper,,,,,clfft-ola,,16,16,0,0,0,0,JetsonOrinNanoSuper,0,0,0,0,0,0,0,0,nano_clfft_ola_vs_GPU_freq_performance_16_banks_clvk,performance,816000000,6,0,0,0,1497600,0,0,1497600,0,0,9,0,0,0,0,0,816MHz_GPU,0,0,2133000000,816000000,30.233367,5895.996085,,,8.226666666666667,9.91578947368421
bench_logs\upols_stream_tests\2026-06-15\nano_clfft_ola_vs_GPU_freq_performance_16_banks_clvk\ID9\run6,,JetsonOrinNanoSuper,,,,,clfft-ola,,16,16,0,0,0,0,JetsonOrinNanoSuper,0,0,0,0,0,0,0,0,nano_clfft_ola_vs_GPU_freq_performance_16_banks_clvk,performance,816000000,6,0,0,0,1497600,0,0,1497600,0,0,9,0,0,0,0,0,816MHz_GPU,0,0,2133000000,816000000,30.212171,5891.83616,,,8.206666666666667,9.942105263157895
bench_logs\upols_stream_tests\2026-06-15\nano_clfft_upols_vs_GPU_freq_performance_16_banks_clvk\ID10\run1,,JetsonOrinNanoSuper,,,,,clfft-upols,,16,16,0,0,0,0,JetsonOrinNanoSuper,0,0,0,0,0,0,0,0,nano_clfft_upols_vs_GPU_freq_performance_16_banks_clvk,performance,918000000,6,0,0,0,1497600,0,0,1497600,0,0,10,0,0,0,0,0,918MHz_GPU,0,0,2133000000,918000000,1.399436,5470.673003,,,8.440000000000001,10.476923076923075
bench_logs\upols_stream_tests\2026-06-15\nano_clfft_upols_vs_GPU_freq_performance_16_banks_clvk\ID10\run2,,JetsonOrinNanoSuper,,,,,clfft-upols,,16,16,0,0,0,0,JetsonOrinNanoSuper,0,0,0,0,0,0,0,0,nano_clfft_upols_vs_GPU_freq_performance_16_banks_clvk,performance,918000000,6,0,0,0,1497600,0,0,1497600,0,0,10,0,0,0,0,0,918MHz_GPU,0,0,2133000000,918000000,1.406208,5497.242741,,,8.453333333333333,10.5
bench_logs\upols_stream_tests\2026-06-15\nano_clfft_upols_vs_GPU_freq_performance_16_banks_clvk\ID10\run3,,JetsonOrinNanoSuper,,,,,clfft-upols,,16,16,0,0,0,0,JetsonOrinNanoSuper,0,0,0,0,0,0,0,0,nano_clfft_upols_vs_GPU_freq_performance_16_banks_clvk,performance,918000000,6,0,0,0,1497600,0,0,1497600,0,0,10,0,0,0,0,0,918MHz_GPU,0,0,2133000000,918000000,1.415638,5534.168821,,,8.493333333333334,10.484615384615385
bench_logs\upols_stream_tests\2026-06-15\nano_clfft_upols_vs_GPU_freq_performance_16_banks_clvk\ID10\run4,,JetsonOrinNanoSuper,,,,,clfft-upols,,16,16,0,0,0,0,JetsonOrinNanoSuper,0,0,0,0,0,0,0,0,nano_clfft_upols_vs_GPU_freq_performance_16_banks_clvk,performance,918000000,6,0,0,0,1497600,0,0,1497600,0,0,10,0,0,0,0,0,918MHz_GPU,0,0,2133000000,918000000,1.421321,5556.146752,,,8.446666666666667,10.461538461538462
bench_logs\upols_stream_tests\2026-06-15\nano_clfft_upols_vs_GPU_freq_performance_16_banks_clvk\ID10\run5,,JetsonOrinNanoSuper,,,,,clfft-upols,,16,16,0,0,0,0,JetsonOrinNanoSuper,0,0,0,0,0,0,0,0,nano_clfft_upols_vs_GPU_freq_performance_16_banks_clvk,performance,918000000,6,0,0,0,1497600,0,0,1497600,0,0,10,0,0,0,0,0,918MHz_GPU,0,0,2133000000,918000000,1.391163,5438.246592,,,8.440000000000001,10.492307692307692
bench_logs\upols_stream_tests\2026-06-15\nano_clfft_upols_vs_GPU_freq_performance_16_banks_clvk\ID10\run6,,JetsonOrinNanoSuper,,,,,clfft-upols,,16,16,0,0,0,0,JetsonOrinNanoSuper,0,0,0,0,0,0,0,0,nano_clfft_upols_vs_GPU_freq_performance_16_banks_clvk,performance,918000000,6,0,0,0,1497600,0,0,1497600,0,0,10,0,0,0,0,0,918MHz_GPU,0,0,2133000000,918000000,1.420047,5551.052107,,,8.473333333333333,10.484615384615385
bench_logs\upols_stream_tests\2026-06-15\nano_clfft_upols_vs_GPU_freq_performance_16_banks_clvk\ID11\run1,,JetsonOrinNanoSuper,,,,,clfft-upols,,16,16,0,0,0,0,JetsonOrinNanoSuper,0,0,0,0,0,0,0,0,nano_clfft_upols_vs_GPU_freq_performance_16_banks_clvk,performance,1020000000,6,0,0,0,1497600,0,0,1497600,0,0,11,0,0,0,0,0,1020MHz_GPU,0,0,2133000000,1020000000,1.380404,5396.335445,,,8.713333333333333,10.930769230769231
bench_logs\upols_stream_tests\2026-06-15\nano_clfft_upols_vs_GPU_freq_performance_16_banks_clvk\ID11\run2,,JetsonOrinNanoSuper,,,,,clfft-upols,,16,16,0,0,0,0,JetsonOrinNanoSuper,0,0,0,0,0,0,0,0,nano_clfft_upols_vs_GPU_freq_performance_16_banks_clvk,performance,1020000000,6,0,0,0,1497600,0,0,1497600,0,0,11,0,0,0,0,0,1020MHz_GPU,0,0,2133000000,1020000000,1.37817,5387.677419,,,8.713333333333333,10.961538461538462
bench_logs\upols_stream_tests\2026-06-15\nano_clfft_upols_vs_GPU_freq_performance_16_banks_clvk\ID11\run3,,JetsonOrinNanoSuper,,,,,clfft-upols,,16,16,0,0,0,0,JetsonOrinNanoSuper,0,0,0,0,0,0,0,0,nano_clfft_upols_vs_GPU_freq_performance_16_banks_clvk,performance,1020000000,6,0,0,0,1497600,0,0,1497600,0,0,11,0,0,0,0,0,1020MHz_GPU,0,0,2133000000,1020000000,1.373214,5367.906059,,,8.7,10.953846153846154
bench_logs\upols_stream_tests\2026-06-15\nano_clfft_upols_vs_GPU_freq_performance_16_banks_clvk\ID11\run4,,JetsonOrinNanoSuper,,,,,clfft-upols,,16,16,0,0,0,0,JetsonOrinNanoSuper,0,0,0,0,0,0,0,0,nano_clfft_upols_vs_GPU_freq_performance_16_banks_clvk,performance,1020000000,6,0,0,0,1497600,0,0,1497600,0,0,11,0,0,0,0,0,1020MHz_GPU,0,0,2133000000,1020000000,1.388822,5429.158005,,,8.773333333333333,10.900000000000002
bench_logs\upols_stream_tests\2026-06-15\nano_clfft_upols_vs_GPU_freq_performance_16_banks_clvk\ID11\run5,,JetsonOrinNanoSuper,,,,,clfft-upols,,16,16,0,0,0,0,JetsonOrinNanoSuper,0,0,0,0,0,0,0,0,nano_clfft_upols_vs_GPU_freq_performance_16_banks_clvk,performance,1020000000,6,0,0,0,1497600,0,0,1497600,0,0,11,0,0,0,0,0,1020MHz_GPU,0,0,2133000000,1020000000,1.38463,5412.703381,,,8.706666666666667,10.907692307692308
bench_logs\upols_stream_tests\2026-06-15\nano_clfft_upols_vs_GPU_freq_performance_16_banks_clvk\ID11\run6,,JetsonOrinNanoSuper,,,,,clfft-upols,,16,16,0,0,0,0,JetsonOrinNanoSuper,0,0,0,0,0,0,0,0,nano_clfft_upols_vs_GPU_freq_performance_16_banks_clvk,performance,1020000000,6,0,0,0,1497600,0,0,1497600,0,0,11,0,0,0,0,0,1020MHz_GPU,0,0,2133000000,1020000000,1.374112,5371.668555,,,8.706666666666667,10.923076923076923
bench_logs\upols_stream_tests\2026-06-15\nano_clfft_upols_vs_GPU_freq_performance_16_banks_clvk\ID4\run1,,JetsonOrinNanoSuper,,,,,clfft-upols,,16,16,0,0,0,0,JetsonOrinNanoSuper,0,0,0,0,0,0,0,0,nano_clfft_upols_vs_GPU_freq_performance_16_banks_clvk,performance,306000000,6,0,0,0,1497600,0,0,1497600,0,0,4,0,0,0,0,0,306MHz_GPU,0,0,2133000000,306000000,1.812197,7083.250773,,,7.733333333333333,8.944827586206896
bench_logs\upols_stream_tests\2026-06-15\nano_clfft_upols_vs_GPU_freq_performance_16_banks_clvk\ID4\run2,,JetsonOrinNanoSuper,,,,,clfft-upols,,16,16,0,0,0,0,JetsonOrinNanoSuper,0,0,0,0,0,0,0,0,nano_clfft_upols_vs_GPU_freq_performance_16_banks_clvk,performance,306000000,6,0,0,0,1497600,0,0,1497600,0,0,4,0,0,0,0,0,306MHz_GPU,0,0,2133000000,306000000,1.80484,7054.836363,,,7.666666666666667,9.3
bench_logs\upols_stream_tests\2026-06-15\nano_clfft_upols_vs_GPU_freq_performance_16_banks_clvk\ID4\run3,,JetsonOrinNanoSuper,,,,,clfft-upols,,16,16,0,0,0,0,JetsonOrinNanoSuper,0,0,0,0,0,0,0,0,nano_clfft_upols_vs_GPU_freq_performance_16_banks_clvk,performance,306000000,6,0,0,0,1497600,0,0,1497600,0,0,4,0,0,0,0,0,306MHz_GPU,0,0,2133000000,306000000,1.805972,7058.936224,,,7.706666666666667,9.289473684210526
bench_logs\upols_stream_tests\2026-06-15\nano_clfft_upols_vs_GPU_freq_performance_16_banks_clvk\ID4\run4,,JetsonOrinNanoSuper,,,,,clfft-upols,,16,16,0,0,0,0,JetsonOrinNanoSuper,0,0,0,0,0,0,0,0,nano_clfft_upols_vs_GPU_freq_performance_16_banks_clvk,performance,306000000,6,0,0,0,1497600,0,0,1497600,0,0,4,0,0,0,0,0,306MHz_GPU,0,0,2133000000,306000000,1.817633,7104.609035,,,7.680000000000001,9.305263157894737
bench_logs\upols_stream_tests\2026-06-15\nano_clfft_upols_vs_GPU_freq_performance_16_banks_clvk\ID4\run5,,JetsonOrinNanoSuper,,,,,clfft-upols,,16,16,0,0,0,0,JetsonOrinNanoSuper,0,0,0,0,0,0,0,0,nano_clfft_upols_vs_GPU_freq_performance_16_banks_clvk,performance,306000000,6,0,0,0,1497600,0,0,1497600,0,0,4,0,0,0,0,0,306MHz_GPU,0,0,2133000000,306000000,1.794208,7012.81792,,,7.72,9.326315789473686
bench_logs\upols_stream_tests\2026-06-15\nano_clfft_upols_vs_GPU_freq_performance_16_banks_clvk\ID4\run6,,JetsonOrinNanoSuper,,,,,clfft-upols,,16,16,0,0,0,0,JetsonOrinNanoSuper,0,0,0,0,0,0,0,0,nano_clfft_upols_vs_GPU_freq_performance_16_banks_clvk,performance,306000000,6,0,0,0,1497600,0,0,1497600,0,0,4,0,0,0,0,0,306MHz_GPU,0,0,2133000000,306000000,1.804397,7052.718784,,,7.680000000000001,9.305263157894737
bench_logs\upols_stream_tests\2026-06-15\nano_clfft_upols_vs_GPU_freq_performance_16_banks_clvk\ID5\run1,,JetsonOrinNanoSuper,,,,,clfft-upols,,16,16,0,0,0,0,JetsonOrinNanoSuper,0,0,0,0,0,0,0,0,nano_clfft_upols_vs_GPU_freq_performance_16_banks_clvk,performance,408000000,6,0,0,0,1497600,0,0,1497600,0,0,5,0,0,0,0,0,408MHz_GPU,0,0,2133000000,408000000,1.648351,6443.347221,,,7.8,9.489473684210527
bench_logs\upols_stream_tests\2026-06-15\nano_clfft_upols_vs_GPU_freq_performance_16_banks_clvk\ID5\run2,,JetsonOrinNanoSuper,,,,,clfft-upols,,16,16,0,0,0,0,JetsonOrinNanoSuper,0,0,0,0,0,0,0,0,nano_clfft_upols_vs_GPU_freq_performance_16_banks_clvk,performance,408000000,6,0,0,0,1497600,0,0,1497600,0,0,5,0,0,0,0,0,408MHz_GPU,0,0,2133000000,408000000,1.636208,6395.672832,,,7.806666666666667,9.5
bench_logs\upols_stream_tests\2026-06-15\nano_clfft_upols_vs_GPU_freq_performance_16_banks_clvk\ID5\run3,,JetsonOrinNanoSuper,,,,,clfft-upols,,16,16,0,0,0,0,JetsonOrinNanoSuper,0,0,0,0,0,0,0,0,nano_clfft_upols_vs_GPU_freq_performance_16_banks_clvk,performance,408000000,6,0,0,0,1497600,0,0,1497600,0,0,5,0,0,0,0,0,408MHz_GPU,0,0,2133000000,408000000,1.654228,6466.125664,,,7.8133333333333335,9.5
bench_logs\upols_stream_tests\2026-06-15\nano_clfft_upols_vs_GPU_freq_performance_16_banks_clvk\ID5\run4,,JetsonOrinNanoSuper,,,,,clfft-upols,,16,16,0,0,0,0,JetsonOrinNanoSuper,0,0,0,0,0,0,0,0,nano_clfft_upols_vs_GPU_freq_performance_16_banks_clvk,performance,408000000,6,0,0,0,1497600,0,0,1497600,0,0,5,0,0,0,0,0,408MHz_GPU,0,0,2133000000,408000000,1.656317,6474.374229,,,7.84,9.505263157894737
bench_logs\upols_stream_tests\2026-06-15\nano_clfft_upols_vs_GPU_freq_performance_16_banks_clvk\ID5\run5,,JetsonOrinNanoSuper,,,,,clfft-upols,,16,16,0,0,0,0,JetsonOrinNanoSuper,0,0,0,0,0,0,0,0,nano_clfft_upols_vs_GPU_freq_performance_16_banks_clvk,performance,408000000,6,0,0,0,1497600,0,0,1497600,0,0,5,0,0,0,0,0,408MHz_GPU,0,0,2133000000,408000000,1.663455,6502.192501,,,7.806666666666667,9.531578947368422
bench_logs\upols_stream_tests\2026-06-15\nano_clfft_upols_vs_GPU_freq_performance_16_banks_clvk\ID5\run6,,JetsonOrinNanoSuper,,,,,clfft-upols,,16,16,0,0,0,0,JetsonOrinNanoSuper,0,0,0,0,0,0,0,0,nano_clfft_upols_vs_GPU_freq_performance_16_banks_clvk,performance,408000000,6,0,0,0,1497600,0,0,1497600,0,0,5,0,0,0,0,0,408MHz_GPU,0,0,2133000000,408000000,1.664229,6505.397077,,,7.84,9.5
bench_logs\upols_stream_tests\2026-06-15\nano_clfft_upols_vs_GPU_freq_performance_16_banks_clvk\ID6\run1,,JetsonOrinNanoSuper,,,,,clfft-upols,,16,16,0,0,0,0,JetsonOrinNanoSuper,0,0,0,0,0,0,0,0,nano_clfft_upols_vs_GPU_freq_performance_16_banks_clvk,performance,510000000,6,0,0,0,1497600,0,0,1497600,0,0,6,0,0,0,0,0,510MHz_GPU,0,0,2133000000,510000000,1.572256,6145.986027,,,7.920000000000001,9.673684210526314
bench_logs\upols_stream_tests\2026-06-15\nano_clfft_upols_vs_GPU_freq_performance_16_banks_clvk\ID6\run2,,JetsonOrinNanoSuper,,,,,clfft-upols,,16,16,0,0,0,0,JetsonOrinNanoSuper,0,0,0,0,0,0,0,0,nano_clfft_upols_vs_GPU_freq_performance_16_banks_clvk,performance,510000000,6,0,0,0,1497600,0,0,1497600,0,0,6,0,0,0,0,0,510MHz_GPU,0,0,2133000000,510000000,1.548493,6053.180469,,,7.920000000000001,9.68421052631579
bench_logs\upols_stream_tests\2026-06-15\nano_clfft_upols_vs_GPU_freq_performance_16_banks_clvk\ID6\run3,,JetsonOrinNanoSuper,,,,,clfft-upols,,16,16,0,0,0,0,JetsonOrinNanoSuper,0,0,0,0,0,0,0,0,nano_clfft_upols_vs_GPU_freq_performance_16_banks_clvk,performance,510000000,6,0,0,0,1497600,0,0,1497600,0,0,6,0,0,0,0,0,510MHz_GPU,0,0,2133000000,510000000,1.564043,6113.996213,,,7.94,9.7
bench_logs\upols_stream_tests\2026-06-15\nano_clfft_upols_vs_GPU_freq_performance_16_banks_clvk\ID6\run4,,JetsonOrinNanoSuper,,,,,clfft-upols,,16,16,0,0,0,0,JetsonOrinNanoSuper,0,0,0,0,0,0,0,0,nano_clfft_upols_vs_GPU_freq_performance_16_banks_clvk,performance,510000000,6,0,0,0,1497600,0,0,1497600,0,0,6,0,0,0,0,0,510MHz_GPU,0,0,2133000000,510000000,1.587541,6205.588875,,,7.920000000000001,9.652631578947368
bench_logs\upols_stream_tests\2026-06-15\nano_clfft_upols_vs_GPU_freq_performance_16_banks_clvk\ID6\run5,,JetsonOrinNanoSuper,,,,,clfft-upols,,16,16,0,0,0,0,JetsonOrinNanoSuper,0,0,0,0,0,0,0,0,nano_clfft_upols_vs_GPU_freq_performance_16_banks_clvk,performance,510000000,6,0,0,0,1497600,0,0,1497600,0,0,6,0,0,0,0,0,510MHz_GPU,0,0,2133000000,510000000,1.548009,6050.866656,,,7.913333333333333,9.678947368421051
bench_logs\upols_stream_tests\2026-06-15\nano_clfft_upols_vs_GPU_freq_performance_16_banks_clvk\ID6\run6,,JetsonOrinNanoSuper,,,,,clfft-upols,,16,16,0,0,0,0,JetsonOrinNanoSuper,0,0,0,0,0,0,0,0,nano_clfft_upols_vs_GPU_freq_performance_16_banks_clvk,performance,510000000,6,0,0,0,1497600,0,0,1497600,0,0,6,0,0,0,0,0,510MHz_GPU,0,0,2133000000,510000000,1.579203,6173.059168,,,7.913333333333333,9.657894736842104
bench_logs\upols_stream_tests\2026-06-15\nano_clfft_upols_vs_GPU_freq_performance_16_banks_clvk\ID7\run1,,JetsonOrinNanoSuper,,,,,clfft-upols,,16,16,0,0,0,0,JetsonOrinNanoSuper,0,0,0,0,0,0,0,0,nano_clfft_upols_vs_GPU_freq_performance_16_banks_clvk,performance,612000000,6,0,0,0,1497600,0,0,1497600,0,0,7,0,0,0,0,0,612MHz_GPU,0,0,2133000000,612000000,1.501161,5868.041781,,,8.026666666666667,9.838461538461539
bench_logs\upols_stream_tests\2026-06-15\nano_clfft_upols_vs_GPU_freq_performance_16_banks_clvk\ID7\run2,,JetsonOrinNanoSuper,,,,,clfft-upols,,16,16,0,0,0,0,JetsonOrinNanoSuper,0,0,0,0,0,0,0,0,nano_clfft_upols_vs_GPU_freq_performance_16_banks_clvk,performance,612000000,6,0,0,0,1497600,0,0,1497600,0,0,7,0,0,0,0,0,612MHz_GPU,0,0,2133000000,612000000,1.496126,5848.340693,,,8.04,9.815384615384616
bench_logs\upols_stream_tests\2026-06-15\nano_clfft_upols_vs_GPU_freq_performance_16_banks_clvk\ID7\run3,,JetsonOrinNanoSuper,,,,,clfft-upols,,16,16,0,0,0,0,JetsonOrinNanoSuper,0,0,0,0,0,0,0,0,nano_clfft_upols_vs_GPU_freq_performance_16_banks_clvk,performance,612000000,6,0,0,0,1497600,0,0,1497600,0,0,7,0,0,0,0,0,612MHz_GPU,0,0,2133000000,612000000,1.499694,5862.383541,,,8.033333333333333,9.8
bench_logs\upols_stream_tests\2026-06-15\nano_clfft_upols_vs_GPU_freq_performance_16_banks_clvk\ID7\run4,,JetsonOrinNanoSuper,,,,,clfft-upols,,16,16,0,0,0,0,JetsonOrinNanoSuper,0,0,0,0,0,0,0,0,nano_clfft_upols_vs_GPU_freq_performance_16_banks_clvk,performance,612000000,6,0,0,0,1497600,0,0,1497600,0,0,7,0,0,0,0,0,612MHz_GPU,0,0,2133000000,612000000,1.500705,5866.274379,,,8.106666666666666,9.8
bench_logs\upols_stream_tests\2026-06-15\nano_clfft_upols_vs_GPU_freq_performance_16_banks_clvk\ID7\run5,,JetsonOrinNanoSuper,,,,,clfft-upols,,16,16,0,0,0,0,JetsonOrinNanoSuper,0,0,0,0,0,0,0,0,nano_clfft_upols_vs_GPU_freq_performance_16_banks_clvk,performance,612000000,6,0,0,0,1497600,0,0,1497600,0,0,7,0,0,0,0,0,612MHz_GPU,0,0,2133000000,612000000,1.496917,5851.613099,,,8.053333333333333,9.876923076923077
bench_logs\upols_stream_tests\2026-06-15\nano_clfft_upols_vs_GPU_freq_performance_16_banks_clvk\ID7\run6,,JetsonOrinNanoSuper,,,,,clfft-upols,,16,16,0,0,0,0,JetsonOrinNanoSuper,0,0,0,0,0,0,0,0,nano_clfft_upols_vs_GPU_freq_performance_16_banks_clvk,performance,612000000,6,0,0,0,1497600,0,0,1497600,0,0,7,0,0,0,0,0,612MHz_GPU,0,0,2133000000,612000000,1.507938,5894.772715,,,8.046666666666667,9.846153846153847
bench_logs\upols_stream_tests\2026-06-15\nano_clfft_upols_vs_GPU_freq_performance_16_banks_clvk\ID8\run1,,JetsonOrinNanoSuper,,,,,clfft-upols,,16,16,0,0,0,0,JetsonOrinNanoSuper,0,0,0,0,0,0,0,0,nano_clfft_upols_vs_GPU_freq_performance_16_banks_clvk,performance,714000000,6,0,0,0,1497600,0,0,1497600,0,0,8,0,0,0,0,0,714MHz_GPU,0,0,2133000000,714000000,1.460154,5708.087701,,,8.12,9.930769230769231
bench_logs\upols_stream_tests\2026-06-15\nano_clfft_upols_vs_GPU_freq_performance_16_banks_clvk\ID8\run2,,JetsonOrinNanoSuper,,,,,clfft-upols,,16,16,0,0,0,0,JetsonOrinNanoSuper,0,0,0,0,0,0,0,0,nano_clfft_upols_vs_GPU_freq_performance_16_banks_clvk,performance,714000000,6,0,0,0,1497600,0,0,1497600,0,0,8,0,0,0,0,0,714MHz_GPU,0,0,2133000000,714000000,1.45931,5704.561173,,,8.12,9.953846153846154
bench_logs\upols_stream_tests\2026-06-15\nano_clfft_upols_vs_GPU_freq_performance_16_banks_clvk\ID8\run3,,JetsonOrinNanoSuper,,,,,clfft-upols,,16,16,0,0,0,0,JetsonOrinNanoSuper,0,0,0,0,0,0,0,0,nano_clfft_upols_vs_GPU_freq_performance_16_banks_clvk,performance,714000000,6,0,0,0,1497600,0,0,1497600,0,0,8,0,0,0,0,0,714MHz_GPU,0,0,2133000000,714000000,1.472181,5754.873024,,,8.16,9.961538461538462
bench_logs\upols_stream_tests\2026-06-15\nano_clfft_upols_vs_GPU_freq_performance_16_banks_clvk\ID8\run4,,JetsonOrinNanoSuper,,,,,clfft-upols,,16,16,0,0,0,0,JetsonOrinNanoSuper,0,0,0,0,0,0,0,0,nano_clfft_upols_vs_GPU_freq_performance_16_banks_clvk,performance,714000000,6,0,0,0,1497600,0,0,1497600,0,0,8,0,0,0,0,0,714MHz_GPU,0,0,2133000000,714000000,1.470901,5749.940597,,,8.113333333333333,9.930769230769231
bench_logs\upols_stream_tests\2026-06-15\nano_clfft_upols_vs_GPU_freq_performance_16_banks_clvk\ID8\run5,,JetsonOrinNanoSuper,,,,,clfft-upols,,16,16,0,0,0,0,JetsonOrinNanoSuper,0,0,0,0,0,0,0,0,nano_clfft_upols_vs_GPU_freq_performance_16_banks_clvk,performance,714000000,6,0,0,0,1497600,0,0,1497600,0,0,8,0,0,0,0,0,714MHz_GPU,0,0,2133000000,714000000,1.476103,5770.30624,,,8.113333333333333,9.923076923076923
bench_logs\upols_stream_tests\2026-06-15\nano_clfft_upols_vs_GPU_freq_performance_16_banks_clvk\ID8\run6,,JetsonOrinNanoSuper,,,,,clfft-upols,,16,16,0,0,0,0,JetsonOrinNanoSuper,0,0,0,0,0,0,0,0,nano_clfft_upols_vs_GPU_freq_performance_16_banks_clvk,performance,714000000,6,0,0,0,1497600,0,0,1497600,0,0,8,0,0,0,0,0,714MHz_GPU,0,0,2133000000,714000000,1.469927,5746.161931,,,8.113333333333333,9.946153846153846
bench_logs\upols_stream_tests\2026-06-15\nano_clfft_upols_vs_GPU_freq_performance_16_banks_clvk\ID9\run1,,JetsonOrinNanoSuper,,,,,clfft-upols,,16,16,0,0,0,0,JetsonOrinNanoSuper,0,0,0,0,0,0,0,0,nano_clfft_upols_vs_GPU_freq_performance_16_banks_clvk,performance,816000000,6,0,0,0,1497600,0,0,1497600,0,0,9,0,0,0,0,0,816MHz_GPU,0,0,2133000000,816000000,1.428256,5583.21168,,,8.213333333333333,10.099999999999998
bench_logs\upols_stream_tests\2026-06-15\nano_clfft_upols_vs_GPU_freq_performance_16_banks_clvk\ID9\run2,,JetsonOrinNanoSuper,,,,,clfft-upols,,16,16,0,0,0,0,JetsonOrinNanoSuper,0,0,0,0,0,0,0,0,nano_clfft_upols_vs_GPU_freq_performance_16_banks_clvk,performance,816000000,6,0,0,0,1497600,0,0,1497600,0,0,9,0,0,0,0,0,816MHz_GPU,0,0,2133000000,816000000,1.426583,5576.676651,,,8.213333333333333,10.061538461538463
bench_logs\upols_stream_tests\2026-06-15\nano_clfft_upols_vs_GPU_freq_performance_16_banks_clvk\ID9\run3,,JetsonOrinNanoSuper,,,,,clfft-upols,,16,16,0,0,0,0,JetsonOrinNanoSuper,0,0,0,0,0,0,0,0,nano_clfft_upols_vs_GPU_freq_performance_16_banks_clvk,performance,816000000,6,0,0,0,1497600,0,0,1497600,0,0,9,0,0,0,0,0,816MHz_GPU,0,0,2133000000,816000000,1.455608,5690.29184,,,8.213333333333333,10.069230769230769
bench_logs\upols_stream_tests\2026-06-15\nano_clfft_upols_vs_GPU_freq_performance_16_banks_clvk\ID9\run4,,JetsonOrinNanoSuper,,,,,clfft-upols,,16,16,0,0,0,0,JetsonOrinNanoSuper,0,0,0,0,0,0,0,0,nano_clfft_upols_vs_GPU_freq_performance_16_banks_clvk,performance,816000000,6,0,0,0,1497600,0,0,1497600,0,0,9,0,0,0,0,0,816MHz_GPU,0,0,2133000000,816000000,1.418654,5545.763627,,,8.346666666666668,10.084615384615384
bench_logs\upols_stream_tests\2026-06-15\nano_clfft_upols_vs_GPU_freq_performance_16_banks_clvk\ID9\run5,,JetsonOrinNanoSuper,,,,,clfft-upols,,16,16,0,0,0,0,JetsonOrinNanoSuper,0,0,0,0,0,0,0,0,nano_clfft_upols_vs_GPU_freq_performance_16_banks_clvk,performance,816000000,6,0,0,0,1497600,0,0,1497600,0,0,9,0,0,0,0,0,816MHz_GPU,0,0,2133000000,816000000,1.438256,5622.740352,,,8.2,10.141666666666666
bench_logs\upols_stream_tests\2026-06-15\nano_clfft_upols_vs_GPU_freq_performance_16_banks_clvk\ID9\run6,,JetsonOrinNanoSuper,,,,,clfft-upols,,16,16,0,0,0,0,JetsonOrinNanoSuper,0,0,0,0,0,0,0,0,nano_clfft_upols_vs_GPU_freq_performance_16_banks_clvk,performance,816000000,6,0,0,0,1497600,0,0,1497600,0,0,9,0,0,0,0,0,816MHz_GPU,0,0,2133000000,816000000,1.426502,5576.406187,,,8.233333333333333,10.099999999999998
