run_dir,Platform,Device,Algorithm,Threads,Signal_Length,Filter_Length,Backend,N_FFT,Banks,Channels,TestName,Governor,arm_freq,arm_freq_min,core_freq,core_freq_min,v3d_freq,v3d_freq_min,gpu_freq,gpu_freq_min,over_voltage,over_voltage_min,Config_Name,Config_ID,cores_online,cpu_freq_max,cpu_freq_min,gpu_freq_max,emc_max_freq,cpu_governor,cpu_freq,governor,policy0_freq,policy0_freq_min,policy0_freq_max,policy4_freq,policy4_freq_min,policy4_freq_max,policy6_freq,policy6_freq_min,policy6_freq_max,gpu_governor,dmc_governor,dmc_freq,dmc_freq_min,dmc_freq_max,total_exec_ms,conv_avg_ms,invocations,deadlines_missed,missed_periods,average_execution_ms,maximum_execution_ms,maximum_start_lateness_ms,idle_power_w,run_power_w
bench_logs/2026-07-23/ESPRIT1_60fps_RP5_CPU/arm_freq1500/run1,,Raspberry Pi Compute Module 5,ESPRIT 1,1,,,,,,,0,performance,1500,0,910,910,500,500,0,0,0,0,0,0,0,0,0,0,0,0,0,0,0,0,0,0,0,0,0,0,0,0,0,0,0,0,,,1498,1498,1498,18.0183,27.9941,0.022221,2.7333333333333334,3.3181818181818183
bench_logs/2026-07-23/ESPRIT1_60fps_RP5_CPU/arm_freq1500/run2,,Raspberry Pi Compute Module 5,ESPRIT 1,1,,,,,,,0,performance,1500,0,910,910,500,500,0,0,0,0,0,0,0,0,0,0,0,0,0,0,0,0,0,0,0,0,0,0,0,0,0,0,0,0,,,1507,1507,1507,17.9936,18.8556,0.019589,2.72,3.2590909090909093
bench_logs/2026-07-23/ESPRIT1_60fps_RP5_CPU/arm_freq1500/run3,,Raspberry Pi Compute Module 5,ESPRIT 1,1,,,,,,,0,performance,1500,0,910,910,500,500,0,0,0,0,0,0,0,0,0,0,0,0,0,0,0,0,0,0,0,0,0,0,0,0,0,0,0,0,,,1584,1584,1584,18.0151,18.6705,0.019122,2.7,3.3285714285714283
bench_logs/2026-07-23/ESPRIT1_60fps_RP5_CPU/arm_freq1600/run1,,Raspberry Pi Compute Module 5,ESPRIT 1,1,,,,,,,0,performance,1600,0,910,910,500,500,0,0,0,0,0,0,0,0,0,0,0,0,0,0,0,0,0,0,0,0,0,0,0,0,0,0,0,0,,,1600,1600,1600,16.8958,26.0459,0.023578,3.193333333333334,3.7045454545454546
bench_logs/2026-07-23/ESPRIT1_60fps_RP5_CPU/arm_freq1600/run2,,Raspberry Pi Compute Module 5,ESPRIT 1,1,,,,,,,0,performance,1600,0,910,910,500,500,0,0,0,0,0,0,0,0,0,0,0,0,0,0,0,0,0,0,0,0,0,0,0,0,0,0,0,0,,,1529,1529,1529,16.9233,17.6951,0.028589,3.146666666666667,3.663636363636364
bench_logs/2026-07-23/ESPRIT1_60fps_RP5_CPU/arm_freq1600/run3,,Raspberry Pi Compute Module 5,ESPRIT 1,1,,,,,,,0,performance,1600,0,910,910,500,500,0,0,0,0,0,0,0,0,0,0,0,0,0,0,0,0,0,0,0,0,0,0,0,0,0,0,0,0,,,1560,1560,1560,16.881,17.5043,0.018411,3.1,3.663636363636364
bench_logs/2026-07-23/ESPRIT1_60fps_RP5_CPU/arm_freq1700/run1,,Raspberry Pi Compute Module 5,ESPRIT 1,1,,,,,,,0,performance,1700,0,910,910,500,500,0,0,0,0,0,0,0,0,0,0,0,0,0,0,0,0,0,0,0,0,0,0,0,0,0,0,0,0,,,3537,1,1,15.8704,25.6829,0.02415,3.1666666666666665,4.304545454545455
bench_logs/2026-07-23/ESPRIT1_60fps_RP5_CPU/arm_freq1700/run2,,Raspberry Pi Compute Module 5,ESPRIT 1,1,,,,,,,0,performance,1700,0,910,910,500,500,0,0,0,0,0,0,0,0,0,0,0,0,0,0,0,0,0,0,0,0,0,0,0,0,0,0,0,0,,,3430,0,0,15.8904,16.5409,0.036266,3.12,4.290909090909091
bench_logs/2026-07-23/ESPRIT1_60fps_RP5_CPU/arm_freq1700/run3,,Raspberry Pi Compute Module 5,ESPRIT 1,1,,,,,,,0,performance,1700,0,910,910,500,500,0,0,0,0,0,0,0,0,0,0,0,0,0,0,0,0,0,0,0,0,0,0,0,0,0,0,0,0,,,3639,0,0,15.8792,16.4702,0.021668,3.2,4.336363636363637
bench_logs/2026-07-23/ESPRIT1_60fps_RP5_CPU/arm_freq1800/run1,,Raspberry Pi Compute Module 5,ESPRIT 1,1,,,,,,,0,performance,1800,0,910,910,500,500,0,0,0,0,0,0,0,0,0,0,0,0,0,0,0,0,0,0,0,0,0,0,0,0,0,0,0,0,,,3379,1,1,15.0403,24.1908,0.020122,3.1133333333333337,4.282608695652174
bench_logs/2026-07-23/ESPRIT1_60fps_RP5_CPU/arm_freq1800/run2,,Raspberry Pi Compute Module 5,ESPRIT 1,1,,,,,,,0,performance,1800,0,910,910,500,500,0,0,0,0,0,0,0,0,0,0,0,0,0,0,0,0,0,0,0,0,0,0,0,0,0,0,0,0,,,3484,0,0,15.0507,15.8449,0.033639,3.1,4.2681818181818185
bench_logs/2026-07-23/ESPRIT1_60fps_RP5_CPU/arm_freq1800/run3,,Raspberry Pi Compute Module 5,ESPRIT 1,1,,,,,,,0,performance,1800,0,910,910,500,500,0,0,0,0,0,0,0,0,0,0,0,0,0,0,0,0,0,0,0,0,0,0,0,0,0,0,0,0,,,3614,0,0,15.0465,16.1364,0.029532,3.14,4.2749999999999995
bench_logs/2026-07-23/ESPRIT1_60fps_RP5_CPU/arm_freq1900/run1,,Raspberry Pi Compute Module 5,ESPRIT 1,1,,,,,,,0,performance,1900,0,910,910,500,500,0,0,0,0,0,0,0,0,0,0,0,0,0,0,0,0,0,0,0,0,0,0,0,0,0,0,0,0,,,3558,1,1,14.2296,23.2319,0.019046,3.106666666666667,4.2727272727272725
bench_logs/2026-07-23/ESPRIT1_60fps_RP5_CPU/arm_freq1900/run2,,Raspberry Pi Compute Module 5,ESPRIT 1,1,,,,,,,0,performance,1900,0,910,910,500,500,0,0,0,0,0,0,0,0,0,0,0,0,0,0,0,0,0,0,0,0,0,0,0,0,0,0,0,0,,,3368,0,0,14.2342,14.95,0.021664,3.146666666666667,4.25
bench_logs/2026-07-23/ESPRIT1_60fps_RP5_CPU/arm_freq1900/run3,,Raspberry Pi Compute Module 5,ESPRIT 1,1,,,,,,,0,performance,1900,0,910,910,500,500,0,0,0,0,0,0,0,0,0,0,0,0,0,0,0,0,0,0,0,0,0,0,0,0,0,0,0,0,,,3635,0,0,14.18,14.7949,0.027026,3.1133333333333337,4.280952380952381
bench_logs/2026-07-23/ESPRIT1_60fps_RP5_CPU/arm_freq2000/run1,,Raspberry Pi Compute Module 5,ESPRIT 1,1,,,,,,,0,performance,2000,0,910,910,500,500,0,0,0,0,0,0,0,0,0,0,0,0,0,0,0,0,0,0,0,0,0,0,0,0,0,0,0,0,,,3609,1,1,13.5611,22.5938,0.026209,3.1600000000000006,4.318181818181818
bench_logs/2026-07-23/ESPRIT1_60fps_RP5_CPU/arm_freq2000/run2,,Raspberry Pi Compute Module 5,ESPRIT 1,1,,,,,,,0,performance,2000,0,910,910,500,500,0,0,0,0,0,0,0,0,0,0,0,0,0,0,0,0,0,0,0,0,0,0,0,0,0,0,0,0,,,3613,0,0,13.5481,14.2322,0.030377,3.106666666666667,4.3
bench_logs/2026-07-23/ESPRIT1_60fps_RP5_CPU/arm_freq2000/run3,,Raspberry Pi Compute Module 5,ESPRIT 1,1,,,,,,,0,performance,2000,0,910,910,500,500,0,0,0,0,0,0,0,0,0,0,0,0,0,0,0,0,0,0,0,0,0,0,0,0,0,0,0,0,,,3370,0,0,13.5461,14.235,0.019988,3.14,4.242857142857143
bench_logs/2026-07-23/ESPRIT1_60fps_RP5_CPU/arm_freq2100/run1,,Raspberry Pi Compute Module 5,ESPRIT 1,1,,,,,,,0,performance,2100,0,910,910,500,500,0,0,0,0,0,0,0,0,0,0,0,0,0,0,0,0,0,0,0,0,0,0,0,0,0,0,0,0,,,3365,1,1,13.2688,22.1435,0.039832,3.1333333333333333,4.29090909090909
bench_logs/2026-07-23/ESPRIT1_60fps_RP5_CPU/arm_freq2100/run2,,Raspberry Pi Compute Module 5,ESPRIT 1,1,,,,,,,0,performance,2100,0,910,910,500,500,0,0,0,0,0,0,0,0,0,0,0,0,0,0,0,0,0,0,0,0,0,0,0,0,0,0,0,0,,,3583,0,0,12.8749,13.433,0.020681,3.1533333333333338,4.286363636363636
bench_logs/2026-07-23/ESPRIT1_60fps_RP5_CPU/arm_freq2100/run3,,Raspberry Pi Compute Module 5,ESPRIT 1,1,,,,,,,0,performance,2100,0,910,910,500,500,0,0,0,0,0,0,0,0,0,0,0,0,0,0,0,0,0,0,0,0,0,0,0,0,0,0,0,0,,,3416,0,0,12.8778,13.6522,0.021319,3.14,4.28695652173913
bench_logs/2026-07-23/ESPRIT1_60fps_RP5_CPU/arm_freq2200/run1,,Raspberry Pi Compute Module 5,ESPRIT 1,1,,,,,,,0,performance,2200,0,910,910,500,500,0,0,0,0,0,0,0,0,0,0,0,0,0,0,0,0,0,0,0,0,0,0,0,0,0,0,0,0,,,3421,1,1,12.3032,21.3786,0.021054,3.14,4.263636363636364
bench_logs/2026-07-23/ESPRIT1_60fps_RP5_CPU/arm_freq2200/run2,,Raspberry Pi Compute Module 5,ESPRIT 1,1,,,,,,,0,performance,2200,0,910,910,500,500,0,0,0,0,0,0,0,0,0,0,0,0,0,0,0,0,0,0,0,0,0,0,0,0,0,0,0,0,,,3655,0,0,12.3209,13.0354,0.023085,3.146666666666667,4.276190476190476
bench_logs/2026-07-23/ESPRIT1_60fps_RP5_CPU/arm_freq2200/run3,,Raspberry Pi Compute Module 5,ESPRIT 1,1,,,,,,,0,performance,2200,0,910,910,500,500,0,0,0,0,0,0,0,0,0,0,0,0,0,0,0,0,0,0,0,0,0,0,0,0,0,0,0,0,,,3487,0,0,12.6538,13.3768,0.02308,3.1533333333333338,4.2875
bench_logs/2026-07-23/ESPRIT1_60fps_RP5_CPU/arm_freq2300/run1,,Raspberry Pi Compute Module 5,ESPRIT 1,1,,,,,,,0,performance,2300,0,910,910,500,500,0,0,0,0,0,0,0,0,0,0,0,0,0,0,0,0,0,0,0,0,0,0,0,0,0,0,0,0,,,3534,1,1,11.7988,20.7012,0.018936,3.2133333333333334,4.333333333333333
bench_logs/2026-07-23/ESPRIT1_60fps_RP5_CPU/arm_freq2300/run2,,Raspberry Pi Compute Module 5,ESPRIT 1,1,,,,,,,0,performance,2300,0,910,910,500,500,0,0,0,0,0,0,0,0,0,0,0,0,0,0,0,0,0,0,0,0,0,0,0,0,0,0,0,0,,,3427,0,0,11.7993,12.4692,0.025936,3.2,4.322727272727272
bench_logs/2026-07-23/ESPRIT1_60fps_RP5_CPU/arm_freq2300/run3,,Raspberry Pi Compute Module 5,ESPRIT 1,1,,,,,,,0,performance,2300,0,910,910,500,500,0,0,0,0,0,0,0,0,0,0,0,0,0,0,0,0,0,0,0,0,0,0,0,0,0,0,0,0,,,3594,0,0,11.8079,12.5166,0.016889,3.2,4.3374999999999995
bench_logs/2026-07-23/ESPRIT1_60fps_RP5_CPU/arm_freq2400/run1,,Raspberry Pi Compute Module 5,ESPRIT 1,1,,,,,,,0,performance,2400,0,910,910,500,500,0,0,0,0,0,0,0,0,0,0,0,0,0,0,0,0,0,0,0,0,0,0,0,0,0,0,0,0,,,3596,1,1,11.2773,20.0416,0.027004,3.1533333333333338,4.3136363636363635
bench_logs/2026-07-23/ESPRIT1_60fps_RP5_CPU/arm_freq2400/run2,,Raspberry Pi Compute Module 5,ESPRIT 1,1,,,,,,,0,performance,2400,0,910,910,500,500,0,0,0,0,0,0,0,0,0,0,0,0,0,0,0,0,0,0,0,0,0,0,0,0,0,0,0,0,,,3584,0,0,11.3291,11.9923,0.016822,3.1133333333333337,4.333333333333333
bench_logs/2026-07-23/ESPRIT1_60fps_RP5_CPU/arm_freq2400/run3,,Raspberry Pi Compute Module 5,ESPRIT 1,1,,,,,,,0,performance,2400,0,910,910,500,500,0,0,0,0,0,0,0,0,0,0,0,0,0,0,0,0,0,0,0,0,0,0,0,0,0,0,0,0,,,3565,0,0,11.3196,12.12,0.203645,3.2,4.345454545454545
bench_logs/2026-07-23/ESPRIT1_60fps_RP5_CPU_t4/arm_freq1500/run1,,Raspberry Pi Compute Module 5,ESPRIT 1,4,,,,,,,0,performance,1500,0,910,910,500,500,0,0,0,0,0,0,0,0,0,0,0,0,0,0,0,0,0,0,0,0,0,0,0,0,0,0,0,0,,,4039,106,106,15.2881,27.3433,2.69992,2.7866666666666666,5.722727272727273
bench_logs/2026-07-23/ESPRIT1_60fps_RP5_CPU_t4/arm_freq1500/run2,,Raspberry Pi Compute Module 5,ESPRIT 1,4,,,,,,,0,performance,1500,0,910,910,500,500,0,0,0,0,0,0,0,0,0,0,0,0,0,0,0,0,0,0,0,0,0,0,0,0,0,0,0,0,,,3616,99,99,14.7613,20.7455,1.93319,2.686666666666667,5.6761904761904765
bench_logs/2026-07-23/ESPRIT1_60fps_RP5_CPU_t4/arm_freq1500/run3,,Raspberry Pi Compute Module 5,ESPRIT 1,4,,,,,,,0,performance,1500,0,910,910,500,500,0,0,0,0,0,0,0,0,0,0,0,0,0,0,0,0,0,0,0,0,0,0,0,0,0,0,0,0,,,4093,106,106,14.7892,21.9514,1.69281,2.74,5.690909090909091
bench_logs/2026-07-23/ESPRIT1_60fps_RP5_CPU_t4/arm_freq1600/run1,,Raspberry Pi Compute Module 5,ESPRIT 1,4,,,,,,,0,performance,1600,0,910,910,500,500,0,0,0,0,0,0,0,0,0,0,0,0,0,0,0,0,0,0,0,0,0,0,0,0,0,0,0,0,,,4047,86,86,13.8864,27.3672,2.30029,3.186666666666667,5.868181818181818
bench_logs/2026-07-23/ESPRIT1_60fps_RP5_CPU_t4/arm_freq1600/run2,,Raspberry Pi Compute Module 5,ESPRIT 1,4,,,,,,,0,performance,1600,0,910,910,500,500,0,0,0,0,0,0,0,0,0,0,0,0,0,0,0,0,0,0,0,0,0,0,0,0,0,0,0,0,,,4003,80,80,13.86,21.0442,1.55591,3.186666666666667,5.831818181818182
bench_logs/2026-07-23/ESPRIT1_60fps_RP5_CPU_t4/arm_freq1600/run3,,Raspberry Pi Compute Module 5,ESPRIT 1,4,,,,,,,0,performance,1600,0,910,910,500,500,0,0,0,0,0,0,0,0,0,0,0,0,0,0,0,0,0,0,0,0,0,0,0,0,0,0,0,0,,,4118,84,84,13.8482,21.7622,2.13032,3.106666666666667,5.909090909090909
bench_logs/2026-07-23/ESPRIT1_60fps_RP5_CPU_t4/arm_freq1700/run1,,Raspberry Pi Compute Module 5,ESPRIT 1,4,,,,,,,0,performance,1700,0,910,910,500,500,0,0,0,0,0,0,0,0,0,0,0,0,0,0,0,0,0,0,0,0,0,0,0,0,0,0,0,0,,,4207,44,44,13.0558,22.8238,1.15758,3.18,6.057142857142857
bench_logs/2026-07-23/ESPRIT1_60fps_RP5_CPU_t4/arm_freq1700/run2,,Raspberry Pi Compute Module 5,ESPRIT 1,4,,,,,,,0,performance,1700,0,910,910,500,500,0,0,0,0,0,0,0,0,0,0,0,0,0,0,0,0,0,0,0,0,0,0,0,0,0,0,0,0,,,4306,63,63,13.5104,21.0973,1.95463,3.1600000000000006,6.076190476190476
bench_logs/2026-07-23/ESPRIT1_60fps_RP5_CPU_t4/arm_freq1700/run3,,Raspberry Pi Compute Module 5,ESPRIT 1,4,,,,,,,0,performance,1700,0,910,910,500,500,0,0,0,0,0,0,0,0,0,0,0,0,0,0,0,0,0,0,0,0,0,0,0,0,0,0,0,0,,,3868,29,29,13.0522,20.3571,1.18024,3.2,6.027272727272727
bench_logs/2026-07-23/ESPRIT1_60fps_RP5_CPU_t4/arm_freq1800/run1,,Raspberry Pi Compute Module 5,ESPRIT 1,4,,,,,,,0,performance,1800,0,910,910,500,500,0,0,0,0,0,0,0,0,0,0,0,0,0,0,0,0,0,0,0,0,0,0,0,0,0,0,0,0,,,3962,3,3,12.3365,21.9438,1.77988,3.1133333333333337,6.222727272727273
bench_logs/2026-07-23/ESPRIT1_60fps_RP5_CPU_t4/arm_freq1800/run2,,Raspberry Pi Compute Module 5,ESPRIT 1,4,,,,,,,0,performance,1800,0,910,910,500,500,0,0,0,0,0,0,0,0,0,0,0,0,0,0,0,0,0,0,0,0,0,0,0,0,0,0,0,0,,,4645,4,4,12.3136,18.7974,1.3588,3.2266666666666666,6.21304347826087
bench_logs/2026-07-23/ESPRIT1_60fps_RP5_CPU_t4/arm_freq1800/run3,,Raspberry Pi Compute Module 5,ESPRIT 1,4,,,,,,,0,performance,1800,0,910,910,500,500,0,0,0,0,0,0,0,0,0,0,0,0,0,0,0,0,0,0,0,0,0,0,0,0,0,0,0,0,,,4007,3,3,12.3451,18.9878,1.74117,3.193333333333334,6.176190476190476
bench_logs/2026-07-23/ESPRIT1_60fps_RP5_CPU_t4/arm_freq1900/run1,,Raspberry Pi Compute Module 5,ESPRIT 1,4,,,,,,,0,performance,1900,0,910,910,500,500,0,0,0,0,0,0,0,0,0,0,0,0,0,0,0,0,0,0,0,0,0,0,0,0,0,0,0,0,,,3909,2,2,11.7125,21.3797,2.06553,3.1333333333333333,6.3136363636363635
bench_logs/2026-07-23/ESPRIT1_60fps_RP5_CPU_t4/arm_freq1900/run2,,Raspberry Pi Compute Module 5,ESPRIT 1,4,,,,,,,0,performance,1900,0,910,910,500,500,0,0,0,0,0,0,0,0,0,0,0,0,0,0,0,0,0,0,0,0,0,0,0,0,0,0,0,0,,,3900,2,2,11.7218,17.7509,1.7785,3.1533333333333338,6.304545454545454
bench_logs/2026-07-23/ESPRIT1_60fps_RP5_CPU_t4/arm_freq1900/run3,,Raspberry Pi Compute Module 5,ESPRIT 1,4,,,,,,,0,performance,1900,0,910,910,500,500,0,0,0,0,0,0,0,0,0,0,0,0,0,0,0,0,0,0,0,0,0,0,0,0,0,0,0,0,,,4309,0,0,12.0957,16.1646,1.90114,3.1933333333333334,6.371428571428572
bench_logs/2026-07-23/ESPRIT1_60fps_RP5_CPU_t4/arm_freq2000/run1,,Raspberry Pi Compute Module 5,ESPRIT 1,4,,,,,,,0,performance,2000,0,910,910,500,500,0,0,0,0,0,0,0,0,0,0,0,0,0,0,0,0,0,0,0,0,0,0,0,0,0,0,0,0,,,3898,1,1,11.3007,21.151,1.95937,3.2266666666666666,6.459090909090909
bench_logs/2026-07-23/ESPRIT1_60fps_RP5_CPU_t4/arm_freq2000/run2,,Raspberry Pi Compute Module 5,ESPRIT 1,4,,,,,,,0,performance,2000,0,910,910,500,500,0,0,0,0,0,0,0,0,0,0,0,0,0,0,0,0,0,0,0,0,0,0,0,0,0,0,0,0,,,4077,1,1,11.2483,17.0912,1.27785,3.2,6.431818181818182
bench_logs/2026-07-23/ESPRIT1_60fps_RP5_CPU_t4/arm_freq2000/run3,,Raspberry Pi Compute Module 5,ESPRIT 1,4,,,,,,,0,performance,2000,0,910,910,500,500,0,0,0,0,0,0,0,0,0,0,0,0,0,0,0,0,0,0,0,0,0,0,0,0,0,0,0,0,,,4120,4,4,11.6197,17.5221,1.64769,3.2,6.423809523809524
bench_logs/2026-07-23/ESPRIT1_60fps_RP5_CPU_t4/arm_freq2100/run1,,Raspberry Pi Compute Module 5,ESPRIT 1,4,,,,,,,0,performance,2100,0,910,910,500,500,0,0,0,0,0,0,0,0,0,0,0,0,0,0,0,0,0,0,0,0,0,0,0,0,0,0,0,0,,,4080,1,1,10.712,20.5804,1.52568,3.2266666666666666,6.55
bench_logs/2026-07-23/ESPRIT1_60fps_RP5_CPU_t4/arm_freq2100/run2,,Raspberry Pi Compute Module 5,ESPRIT 1,4,,,,,,,0,performance,2100,0,910,910,500,500,0,0,0,0,0,0,0,0,0,0,0,0,0,0,0,0,0,0,0,0,0,0,0,0,0,0,0,0,,,3945,0,0,10.7366,16.2868,1.36576,3.2,6.561904761904761
bench_logs/2026-07-23/ESPRIT1_60fps_RP5_CPU_t4/arm_freq2100/run3,,Raspberry Pi Compute Module 5,ESPRIT 1,4,,,,,,,0,performance,2100,0,910,910,500,500,0,0,0,0,0,0,0,0,0,0,0,0,0,0,0,0,0,0,0,0,0,0,0,0,0,0,0,0,,,3905,1,1,10.6925,16.6681,1.42892,3.2066666666666666,6.545454545454546
bench_logs/2026-07-23/ESPRIT1_60fps_RP5_CPU_t4/arm_freq2200/run1,,Raspberry Pi Compute Module 5,ESPRIT 1,4,,,,,,,0,performance,2200,0,910,910,500,500,0,0,0,0,0,0,0,0,0,0,0,0,0,0,0,0,0,0,0,0,0,0,0,0,0,0,0,0,,,4063,1,1,10.1855,22.4595,1.82089,3.18,6.6
bench_logs/2026-07-23/ESPRIT1_60fps_RP5_CPU_t4/arm_freq2200/run2,,Raspberry Pi Compute Module 5,ESPRIT 1,4,,,,,,,0,performance,2200,0,910,910,500,500,0,0,0,0,0,0,0,0,0,0,0,0,0,0,0,0,0,0,0,0,0,0,0,0,0,0,0,0,,,3974,0,0,10.2305,14.2051,2.03507,3.1733333333333333,6.609090909090909
bench_logs/2026-07-23/ESPRIT1_60fps_RP5_CPU_t4/arm_freq2200/run3,,Raspberry Pi Compute Module 5,ESPRIT 1,4,,,,,,,0,performance,2200,0,910,910,500,500,0,0,0,0,0,0,0,0,0,0,0,0,0,0,0,0,0,0,0,0,0,0,0,0,0,0,0,0,,,4138,0,0,10.1813,16.4226,2.5297,3.1733333333333333,6.645454545454545
bench_logs/2026-07-23/ESPRIT1_60fps_RP5_CPU_t4/arm_freq2300/run1,,Raspberry Pi Compute Module 5,ESPRIT 1,4,,,,,,,0,performance,2300,0,910,910,500,500,0,0,0,0,0,0,0,0,0,0,0,0,0,0,0,0,0,0,0,0,0,0,0,0,0,0,0,0,,,4058,1,1,9.75315,19.2883,2.67843,3.1933333333333334,6.85
bench_logs/2026-07-23/ESPRIT1_60fps_RP5_CPU_t4/arm_freq2300/run2,,Raspberry Pi Compute Module 5,ESPRIT 1,4,,,,,,,0,performance,2300,0,910,910,500,500,0,0,0,0,0,0,0,0,0,0,0,0,0,0,0,0,0,0,0,0,0,0,0,0,0,0,0,0,,,3952,0,0,9.79714,13.7522,2.0189,3.2266666666666666,6.880952380952381
bench_logs/2026-07-23/ESPRIT1_60fps_RP5_CPU_t4/arm_freq2300/run3,,Raspberry Pi Compute Module 5,ESPRIT 1,4,,,,,,,0,performance,2300,0,910,910,500,500,0,0,0,0,0,0,0,0,0,0,0,0,0,0,0,0,0,0,0,0,0,0,0,0,0,0,0,0,,,1446,0,0,9.90495,13.522,1.1235,3.2733333333333334,6.230769230769231
bench_logs/2026-07-23/ESPRIT1_60fps_RP5_CPU_t4/arm_freq2400/run1,,Raspberry Pi Compute Module 5,ESPRIT 1,4,,,,,,,0,performance,2400,0,910,910,500,500,0,0,0,0,0,0,0,0,0,0,0,0,0,0,0,0,0,0,0,0,0,0,0,0,0,0,0,0,,,4155,1,1,9.3519,19.0116,1.26391,3.1600000000000006,6.813043478260869
bench_logs/2026-07-23/ESPRIT1_60fps_RP5_CPU_t4/arm_freq2400/run2,,Raspberry Pi Compute Module 5,ESPRIT 1,4,,,,,,,0,performance,2400,0,910,910,500,500,0,0,0,0,0,0,0,0,0,0,0,0,0,0,0,0,0,0,0,0,0,0,0,0,0,0,0,0,,,4006,0,0,9.40771,13.0213,2.51962,3.18,6.871428571428572
bench_logs/2026-07-23/ESPRIT1_60fps_RP5_CPU_t4/arm_freq2400/run3,,Raspberry Pi Compute Module 5,ESPRIT 1,4,,,,,,,0,performance,2400,0,910,910,500,500,0,0,0,0,0,0,0,0,0,0,0,0,0,0,0,0,0,0,0,0,0,0,0,0,0,0,0,0,,,3882,0,0,9.39954,15.1776,1.33333,3.2,6.852380952380953
bench_logs/2026-07-23/ESPRIT2_60fps_RP5_CPU/arm_freq1500/run1,,Raspberry Pi Compute Module 5,ESPRIT 2,1,,,,,,,0,performance,1500,0,910,910,500,500,0,0,0,0,0,0,0,0,0,0,0,0,0,0,0,0,0,0,0,0,0,0,0,0,0,0,0,0,,,3359,1,1,13.9741,24.4945,0.034841,2.7333333333333334,3.5608695652173914
bench_logs/2026-07-23/ESPRIT2_60fps_RP5_CPU/arm_freq1500/run2,,Raspberry Pi Compute Module 5,ESPRIT 2,1,,,,,,,0,performance,1500,0,910,910,500,500,0,0,0,0,0,0,0,0,0,0,0,0,0,0,0,0,0,0,0,0,0,0,0,0,0,0,0,0,,,3309,0,0,13.98,14.712,0.028569,2.7,3.527272727272727
bench_logs/2026-07-23/ESPRIT2_60fps_RP5_CPU/arm_freq1500/run3,,Raspberry Pi Compute Module 5,ESPRIT 2,1,,,,,,,0,performance,1500,0,910,910,500,500,0,0,0,0,0,0,0,0,0,0,0,0,0,0,0,0,0,0,0,0,0,0,0,0,0,0,0,0,,,3228,0,0,13.9858,14.6192,0.031469,2.7133333333333334,3.542857142857143
bench_logs/2026-07-23/ESPRIT2_60fps_RP5_CPU/arm_freq1600/run1,,Raspberry Pi Compute Module 5,ESPRIT 2,1,,,,,,,0,performance,1600,0,910,910,500,500,0,0,0,0,0,0,0,0,0,0,0,0,0,0,0,0,0,0,0,0,0,0,0,0,0,0,0,0,,,3109,1,1,13.1017,23.9095,0.031046,3.106666666666667,3.880952380952381
bench_logs/2026-07-23/ESPRIT2_60fps_RP5_CPU/arm_freq1600/run2,,Raspberry Pi Compute Module 5,ESPRIT 2,1,,,,,,,0,performance,1600,0,910,910,500,500,0,0,0,0,0,0,0,0,0,0,0,0,0,0,0,0,0,0,0,0,0,0,0,0,0,0,0,0,,,3607,0,0,13.0988,13.823,0.017659,3.0733333333333333,3.8545454545454545
bench_logs/2026-07-23/ESPRIT2_60fps_RP5_CPU/arm_freq1600/run3,,Raspberry Pi Compute Module 5,ESPRIT 2,1,,,,,,,0,performance,1600,0,910,910,500,500,0,0,0,0,0,0,0,0,0,0,0,0,0,0,0,0,0,0,0,0,0,0,0,0,0,0,0,0,,,3174,0,0,13.1021,13.8025,0.034344,3.106666666666667,3.8666666666666667
bench_logs/2026-07-23/ESPRIT2_60fps_RP5_CPU/arm_freq1700/run1,,Raspberry Pi Compute Module 5,ESPRIT 2,1,,,,,,,0,performance,1700,0,910,910,500,500,0,0,0,0,0,0,0,0,0,0,0,0,0,0,0,0,0,0,0,0,0,0,0,0,0,0,0,0,,,3485,1,1,12.3637,22.6675,0.024552,3.1733333333333333,3.9227272727272724
bench_logs/2026-07-23/ESPRIT2_60fps_RP5_CPU/arm_freq1700/run2,,Raspberry Pi Compute Module 5,ESPRIT 2,1,,,,,,,0,performance,1700,0,910,910,500,500,0,0,0,0,0,0,0,0,0,0,0,0,0,0,0,0,0,0,0,0,0,0,0,0,0,0,0,0,,,3363,0,0,12.3331,13.0402,0.02093,3.14,3.9272727272727277
bench_logs/2026-07-23/ESPRIT2_60fps_RP5_CPU/arm_freq1700/run3,,Raspberry Pi Compute Module 5,ESPRIT 2,1,,,,,,,0,performance,1700,0,910,910,500,500,0,0,0,0,0,0,0,0,0,0,0,0,0,0,0,0,0,0,0,0,0,0,0,0,0,0,0,0,,,3179,0,0,12.3263,13.0289,0.018129,3.146666666666667,3.8954545454545455
bench_logs/2026-07-23/ESPRIT2_60fps_RP5_CPU/arm_freq1800/run1,,Raspberry Pi Compute Module 5,ESPRIT 2,1,,,,,,,0,performance,1800,0,910,910,500,500,0,0,0,0,0,0,0,0,0,0,0,0,0,0,0,0,0,0,0,0,0,0,0,0,0,0,0,0,,,3110,1,1,11.6786,22.1491,0.022646,3.1533333333333338,3.880952380952381
bench_logs/2026-07-23/ESPRIT2_60fps_RP5_CPU/arm_freq1800/run2,,Raspberry Pi Compute Module 5,ESPRIT 2,1,,,,,,,0,performance,1800,0,910,910,500,500,0,0,0,0,0,0,0,0,0,0,0,0,0,0,0,0,0,0,0,0,0,0,0,0,0,0,0,0,,,3176,0,0,11.6436,12.2697,0.022229,3.1533333333333338,3.8999999999999995
bench_logs/2026-07-23/ESPRIT2_60fps_RP5_CPU/arm_freq1800/run3,,Raspberry Pi Compute Module 5,ESPRIT 2,1,,,,,,,0,performance,1800,0,910,910,500,500,0,0,0,0,0,0,0,0,0,0,0,0,0,0,0,0,0,0,0,0,0,0,0,0,0,0,0,0,,,3174,0,0,11.6691,12.3474,0.01822,3.1133333333333337,3.872727272727273
bench_logs/2026-07-23/ESPRIT2_60fps_RP5_CPU/arm_freq1900/run1,,Raspberry Pi Compute Module 5,ESPRIT 2,1,,,,,,,0,performance,1900,0,910,910,500,500,0,0,0,0,0,0,0,0,0,0,0,0,0,0,0,0,0,0,0,0,0,0,0,0,0,0,0,0,,,3368,1,1,11.0839,21.1964,0.01791,3.186666666666667,3.909090909090909
bench_logs/2026-07-23/ESPRIT2_60fps_RP5_CPU/arm_freq1900/run2,,Raspberry Pi Compute Module 5,ESPRIT 2,1,,,,,,,0,performance,1900,0,910,910,500,500,0,0,0,0,0,0,0,0,0,0,0,0,0,0,0,0,0,0,0,0,0,0,0,0,0,0,0,0,,,3202,0,0,11.0306,11.6993,0.021878,3.186666666666667,3.9
bench_logs/2026-07-23/ESPRIT2_60fps_RP5_CPU/arm_freq1900/run3,,Raspberry Pi Compute Module 5,ESPRIT 2,1,,,,,,,0,performance,1900,0,910,910,500,500,0,0,0,0,0,0,0,0,0,0,0,0,0,0,0,0,0,0,0,0,0,0,0,0,0,0,0,0,,,3289,0,0,11.0302,11.7005,0.013505,3.1733333333333333,3.9318181818181817
bench_logs/2026-07-23/ESPRIT2_60fps_RP5_CPU/arm_freq2000/run1,,Raspberry Pi Compute Module 5,ESPRIT 2,1,,,,,,,0,performance,2000,0,910,910,500,500,0,0,0,0,0,0,0,0,0,0,0,0,0,0,0,0,0,0,0,0,0,0,0,0,0,0,0,0,,,3176,1,1,10.5114,20.9535,0.02095,3.1600000000000006,3.8954545454545455
bench_logs/2026-07-23/ESPRIT2_60fps_RP5_CPU/arm_freq2000/run2,,Raspberry Pi Compute Module 5,ESPRIT 2,1,,,,,,,0,performance,2000,0,910,910,500,500,0,0,0,0,0,0,0,0,0,0,0,0,0,0,0,0,0,0,0,0,0,0,0,0,0,0,0,0,,,3477,0,0,10.5231,11.2395,0.023933,3.186666666666667,3.909090909090909
bench_logs/2026-07-23/ESPRIT2_60fps_RP5_CPU/arm_freq2000/run3,,Raspberry Pi Compute Module 5,ESPRIT 2,1,,,,,,,0,performance,2000,0,910,910,500,500,0,0,0,0,0,0,0,0,0,0,0,0,0,0,0,0,0,0,0,0,0,0,0,0,0,0,0,0,,,3023,0,0,10.4997,11.292,0.024466,3.06,3.8636363636363638
bench_logs/2026-07-23/ESPRIT2_60fps_RP5_CPU/arm_freq2100/run1,,Raspberry Pi Compute Module 5,ESPRIT 2,1,,,,,,,0,performance,2100,0,910,910,500,500,0,0,0,0,0,0,0,0,0,0,0,0,0,0,0,0,0,0,0,0,0,0,0,0,0,0,0,0,,,3171,1,1,10.0358,19.9773,0.019078,3.1533333333333338,3.919047619047619
bench_logs/2026-07-23/ESPRIT2_60fps_RP5_CPU/arm_freq2100/run2,,Raspberry Pi Compute Module 5,ESPRIT 2,1,,,,,,,0,performance,2100,0,910,910,500,500,0,0,0,0,0,0,0,0,0,0,0,0,0,0,0,0,0,0,0,0,0,0,0,0,0,0,0,0,,,3232,0,0,9.99146,10.573,0.025056,3.1133333333333337,3.8904761904761904
bench_logs/2026-07-23/ESPRIT2_60fps_RP5_CPU/arm_freq2100/run3,,Raspberry Pi Compute Module 5,ESPRIT 2,1,,,,,,,0,performance,2100,0,910,910,500,500,0,0,0,0,0,0,0,0,0,0,0,0,0,0,0,0,0,0,0,0,0,0,0,0,0,0,0,0,,,3057,0,0,10.022,10.579,0.025126,3.066666666666667,3.8363636363636364
bench_logs/2026-07-23/ESPRIT2_60fps_RP5_CPU/arm_freq2200/run1,,Raspberry Pi Compute Module 5,ESPRIT 2,1,,,,,,,0,performance,2200,0,910,910,500,500,0,0,0,0,0,0,0,0,0,0,0,0,0,0,0,0,0,0,0,0,0,0,0,0,0,0,0,0,,,3490,1,1,9.5631,19.5365,0.016741,3.1733333333333333,3.9181818181818184
bench_logs/2026-07-23/ESPRIT2_60fps_RP5_CPU/arm_freq2200/run2,,Raspberry Pi Compute Module 5,ESPRIT 2,1,,,,,,,0,performance,2200,0,910,910,500,500,0,0,0,0,0,0,0,0,0,0,0,0,0,0,0,0,0,0,0,0,0,0,0,0,0,0,0,0,,,3292,0,0,9.55779,10.1054,0.016747,3.1666666666666665,3.9428571428571426
bench_logs/2026-07-23/ESPRIT2_60fps_RP5_CPU/arm_freq2200/run3,,Raspberry Pi Compute Module 5,ESPRIT 2,1,,,,,,,0,performance,2200,0,910,910,500,500,0,0,0,0,0,0,0,0,0,0,0,0,0,0,0,0,0,0,0,0,0,0,0,0,0,0,0,0,,,3284,0,0,9.57878,10.1648,0.034877,3.1733333333333333,3.9454545454545453
bench_logs/2026-07-23/ESPRIT2_60fps_RP5_CPU/arm_freq2300/run1,,Raspberry Pi Compute Module 5,ESPRIT 2,1,,,,,,,0,performance,2300,0,910,910,500,500,0,0,0,0,0,0,0,0,0,0,0,0,0,0,0,0,0,0,0,0,0,0,0,0,0,0,0,0,,,3282,1,1,9.17205,18.8921,0.019692,3.1666666666666665,3.919047619047619
bench_logs/2026-07-23/ESPRIT2_60fps_RP5_CPU/arm_freq2300/run2,,Raspberry Pi Compute Module 5,ESPRIT 2,1,,,,,,,0,performance,2300,0,910,910,500,500,0,0,0,0,0,0,0,0,0,0,0,0,0,0,0,0,0,0,0,0,0,0,0,0,0,0,0,0,,,3172,0,0,9.13917,9.65553,0.023006,3.12,3.8666666666666667
bench_logs/2026-07-23/ESPRIT2_60fps_RP5_CPU/arm_freq2300/run3,,Raspberry Pi Compute Module 5,ESPRIT 2,1,,,,,,,0,performance,2300,0,910,910,500,500,0,0,0,0,0,0,0,0,0,0,0,0,0,0,0,0,0,0,0,0,0,0,0,0,0,0,0,0,,,3183,0,0,9.12406,9.68094,0.038431,3.193333333333334,3.9181818181818184
bench_logs/2026-07-23/ESPRIT2_60fps_RP5_CPU/arm_freq2400/run1,,Raspberry Pi Compute Module 5,ESPRIT 2,1,,,,,,,0,performance,2400,0,910,910,500,500,0,0,0,0,0,0,0,0,0,0,0,0,0,0,0,0,0,0,0,0,0,0,0,0,0,0,0,0,,,3227,1,1,8.75634,18.8484,0.020263,3.1333333333333333,3.8857142857142852
bench_logs/2026-07-23/ESPRIT2_60fps_RP5_CPU/arm_freq2400/run2,,Raspberry Pi Compute Module 5,ESPRIT 2,1,,,,,,,0,performance,2400,0,910,910,500,500,0,0,0,0,0,0,0,0,0,0,0,0,0,0,0,0,0,0,0,0,0,0,0,0,0,0,0,0,,,3253,0,0,8.77523,9.41751,0.03567,3.12,3.877272727272727
bench_logs/2026-07-23/ESPRIT2_60fps_RP5_CPU/arm_freq2400/run3,,Raspberry Pi Compute Module 5,ESPRIT 2,1,,,,,,,0,performance,2400,0,910,910,500,500,0,0,0,0,0,0,0,0,0,0,0,0,0,0,0,0,0,0,0,0,0,0,0,0,0,0,0,0,,,3293,0,0,8.77074,9.31237,0.02454,3.1733333333333333,3.895238095238095
bench_logs/2026-07-23/ESPRIT2_60fps_RP5_CPU_t4/arm_freq1500/run1,,Raspberry Pi Compute Module 5,ESPRIT 2,4,,,,,,,0,performance,1500,0,910,910,500,500,0,0,0,0,0,0,0,0,0,0,0,0,0,0,0,0,0,0,0,0,0,0,0,0,0,0,0,0,,,4102,1,1,11.692,22.8561,2.74895,2.72,5.426086956521739
bench_logs/2026-07-23/ESPRIT2_60fps_RP5_CPU_t4/arm_freq1500/run2,,Raspberry Pi Compute Module 5,ESPRIT 2,4,,,,,,,0,performance,1500,0,910,910,500,500,0,0,0,0,0,0,0,0,0,0,0,0,0,0,0,0,0,0,0,0,0,0,0,0,0,0,0,0,,,3726,2,2,11.6644,18.6183,1.916,2.686666666666667,5.386363636363637
bench_logs/2026-07-23/ESPRIT2_60fps_RP5_CPU_t4/arm_freq1500/run3,,Raspberry Pi Compute Module 5,ESPRIT 2,4,,,,,,,0,performance,1500,0,910,910,500,500,0,0,0,0,0,0,0,0,0,0,0,0,0,0,0,0,0,0,0,0,0,0,0,0,0,0,0,0,,,4207,1,1,11.6498,20.3928,2.66941,2.7333333333333334,5.422727272727273
bench_logs/2026-07-23/ESPRIT2_60fps_RP5_CPU_t4/arm_freq1600/run1,,Raspberry Pi Compute Module 5,ESPRIT 2,4,,,,,,,0,performance,1600,0,910,910,500,500,0,0,0,0,0,0,0,0,0,0,0,0,0,0,0,0,0,0,0,0,0,0,0,0,0,0,0,0,,,3841,2,2,10.965,21.7808,2.67647,3.1533333333333338,5.504545454545454
bench_logs/2026-07-23/ESPRIT2_60fps_RP5_CPU_t4/arm_freq1600/run2,,Raspberry Pi Compute Module 5,ESPRIT 2,4,,,,,,,0,performance,1600,0,910,910,500,500,0,0,0,0,0,0,0,0,0,0,0,0,0,0,0,0,0,0,0,0,0,0,0,0,0,0,0,0,,,3837,0,0,10.9462,15.0504,2.34397,3.0533333333333332,5.5227272727272725
bench_logs/2026-07-23/ESPRIT2_60fps_RP5_CPU_t4/arm_freq1600/run3,,Raspberry Pi Compute Module 5,ESPRIT 2,4,,,,,,,0,performance,1600,0,910,910,500,500,0,0,0,0,0,0,0,0,0,0,0,0,0,0,0,0,0,0,0,0,0,0,0,0,0,0,0,0,,,3723,1,1,10.9308,19.6553,2.387,3.14,5.468181818181818
bench_logs/2026-07-23/ESPRIT2_60fps_RP5_CPU_t4/arm_freq1700/run1,,Raspberry Pi Compute Module 5,ESPRIT 2,4,,,,,,,0,performance,1700,0,910,910,500,500,0,0,0,0,0,0,0,0,0,0,0,0,0,0,0,0,0,0,0,0,0,0,0,0,0,0,0,0,,,4374,1,1,10.3431,21.2304,1.77275,3.14,5.619047619047619
bench_logs/2026-07-23/ESPRIT2_60fps_RP5_CPU_t4/arm_freq1700/run2,,Raspberry Pi Compute Module 5,ESPRIT 2,4,,,,,,,0,performance,1700,0,910,910,500,500,0,0,0,0,0,0,0,0,0,0,0,0,0,0,0,0,0,0,0,0,0,0,0,0,0,0,0,0,,,3891,0,0,10.2971,14.6369,2.33677,3.1333333333333333,5.638095238095238
bench_logs/2026-07-23/ESPRIT2_60fps_RP5_CPU_t4/arm_freq1700/run3,,Raspberry Pi Compute Module 5,ESPRIT 2,4,,,,,,,0,performance,1700,0,910,910,500,500,0,0,0,0,0,0,0,0,0,0,0,0,0,0,0,0,0,0,0,0,0,0,0,0,0,0,0,0,,,4206,0,0,10.3147,15.0071,2.2704,3.04,5.622727272727273
bench_logs/2026-07-23/ESPRIT2_60fps_RP5_CPU_t4/arm_freq1800/run1,,Raspberry Pi Compute Module 5,ESPRIT 2,4,,,,,,,0,performance,1800,0,910,910,500,500,0,0,0,0,0,0,0,0,0,0,0,0,0,0,0,0,0,0,0,0,0,0,0,0,0,0,0,0,,,3761,1,1,9.73575,20.4737,1.30235,3.1533333333333338,5.842857142857143
bench_logs/2026-07-23/ESPRIT2_60fps_RP5_CPU_t4/arm_freq1800/run2,,Raspberry Pi Compute Module 5,ESPRIT 2,4,,,,,,,0,performance,1800,0,910,910,500,500,0,0,0,0,0,0,0,0,0,0,0,0,0,0,0,0,0,0,0,0,0,0,0,0,0,0,0,0,,,4015,0,0,9.72515,13.7883,1.31356,3.0933333333333333,5.8
bench_logs/2026-07-23/ESPRIT2_60fps_RP5_CPU_t4/arm_freq1800/run3,,Raspberry Pi Compute Module 5,ESPRIT 2,4,,,,,,,0,performance,1800,0,910,910,500,500,0,0,0,0,0,0,0,0,0,0,0,0,0,0,0,0,0,0,0,0,0,0,0,0,0,0,0,0,,,3841,0,0,9.74625,14.5969,1.72283,3.066666666666667,5.840909090909091
bench_logs/2026-07-23/ESPRIT2_60fps_RP5_CPU_t4/arm_freq1900/run1,,Raspberry Pi Compute Module 5,ESPRIT 2,4,,,,,,,0,performance,1900,0,910,910,500,500,0,0,0,0,0,0,0,0,0,0,0,0,0,0,0,0,0,0,0,0,0,0,0,0,0,0,0,0,,,4004,1,1,9.182,19.8849,1.66709,3.1666666666666665,5.847619047619047
bench_logs/2026-07-23/ESPRIT2_60fps_RP5_CPU_t4/arm_freq1900/run2,,Raspberry Pi Compute Module 5,ESPRIT 2,4,,,,,,,0,performance,1900,0,910,910,500,500,0,0,0,0,0,0,0,0,0,0,0,0,0,0,0,0,0,0,0,0,0,0,0,0,0,0,0,0,,,4026,0,0,9.20835,12.9887,1.88687,3.14,5.918181818181819
bench_logs/2026-07-23/ESPRIT2_60fps_RP5_CPU_t4/arm_freq1900/run3,,Raspberry Pi Compute Module 5,ESPRIT 2,4,,,,,,,0,performance,1900,0,910,910,500,500,0,0,0,0,0,0,0,0,0,0,0,0,0,0,0,0,0,0,0,0,0,0,0,0,0,0,0,0,,,3784,0,0,9.22216,14.1388,1.84039,3.1600000000000006,5.822727272727272
bench_logs/2026-07-23/ESPRIT2_60fps_RP5_CPU_t4/arm_freq2000/run1,,Raspberry Pi Compute Module 5,ESPRIT 2,4,,,,,,,0,performance,2000,0,910,910,500,500,0,0,0,0,0,0,0,0,0,0,0,0,0,0,0,0,0,0,0,0,0,0,0,0,0,0,0,0,,,3718,1,1,8.80796,19.6001,1.1171,3.18,5.954545454545454
bench_logs/2026-07-23/ESPRIT2_60fps_RP5_CPU_t4/arm_freq2000/run2,,Raspberry Pi Compute Module 5,ESPRIT 2,4,,,,,,,0,performance,2000,0,910,910,500,500,0,0,0,0,0,0,0,0,0,0,0,0,0,0,0,0,0,0,0,0,0,0,0,0,0,0,0,0,,,5212,0,0,8.77306,12.6027,2.7462,3.06,6.0
bench_logs/2026-07-23/ESPRIT2_60fps_RP5_CPU_t4/arm_freq2000/run3,,Raspberry Pi Compute Module 5,ESPRIT 2,4,,,,,,,0,performance,2000,0,910,910,500,500,0,0,0,0,0,0,0,0,0,0,0,0,0,0,0,0,0,0,0,0,0,0,0,0,0,0,0,0,,,4076,0,0,8.79086,12.7722,1.79804,3.193333333333334,5.9
bench_logs/2026-07-23/ESPRIT2_60fps_RP5_CPU_t4/arm_freq2100/run1,,Raspberry Pi Compute Module 5,ESPRIT 2,4,,,,,,,0,performance,2100,0,910,910,500,500,0,0,0,0,0,0,0,0,0,0,0,0,0,0,0,0,0,0,0,0,0,0,0,0,0,0,0,0,,,4203,1,1,8.36852,19.1367,3.02516,3.24,6.131818181818182
bench_logs/2026-07-23/ESPRIT2_60fps_RP5_CPU_t4/arm_freq2100/run2,,Raspberry Pi Compute Module 5,ESPRIT 2,4,,,,,,,0,performance,2100,0,910,910,500,500,0,0,0,0,0,0,0,0,0,0,0,0,0,0,0,0,0,0,0,0,0,0,0,0,0,0,0,0,,,4017,0,0,8.37224,12.0182,1.59294,3.1133333333333337,6.090909090909091
bench_logs/2026-07-23/ESPRIT2_60fps_RP5_CPU_t4/arm_freq2100/run3,,Raspberry Pi Compute Module 5,ESPRIT 2,4,,,,,,,0,performance,2100,0,910,910,500,500,0,0,0,0,0,0,0,0,0,0,0,0,0,0,0,0,0,0,0,0,0,0,0,0,0,0,0,0,,,3778,0,0,8.39779,12.958,2.00456,3.1600000000000006,6.140909090909091
bench_logs/2026-07-23/ESPRIT2_60fps_RP5_CPU_t4/arm_freq2200/run1,,Raspberry Pi Compute Module 5,ESPRIT 2,4,,,,,,,0,performance,2200,0,910,910,500,500,0,0,0,0,0,0,0,0,0,0,0,0,0,0,0,0,0,0,0,0,0,0,0,0,0,0,0,0,,,4145,1,1,8.02756,18.5107,2.26553,3.2266666666666666,6.25
bench_logs/2026-07-23/ESPRIT2_60fps_RP5_CPU_t4/arm_freq2200/run2,,Raspberry Pi Compute Module 5,ESPRIT 2,4,,,,,,,0,performance,2200,0,910,910,500,500,0,0,0,0,0,0,0,0,0,0,0,0,0,0,0,0,0,0,0,0,0,0,0,0,0,0,0,0,,,3718,0,0,7.98896,11.3828,2.71337,3.2066666666666666,6.242857142857143
bench_logs/2026-07-23/ESPRIT2_60fps_RP5_CPU_t4/arm_freq2200/run3,,Raspberry Pi Compute Module 5,ESPRIT 2,4,,,,,,,0,performance,2200,0,910,910,500,500,0,0,0,0,0,0,0,0,0,0,0,0,0,0,0,0,0,0,0,0,0,0,0,0,0,0,0,0,,,4081,0,0,8.17718,13.8322,1.29208,3.0533333333333332,6.254166666666666
bench_logs/2026-07-23/ESPRIT2_60fps_RP5_CPU_t4/arm_freq2300/run1,,Raspberry Pi Compute Module 5,ESPRIT 2,4,,,,,,,0,performance,2300,0,910,910,500,500,0,0,0,0,0,0,0,0,0,0,0,0,0,0,0,0,0,0,0,0,0,0,0,0,0,0,0,0,,,4138,1,1,7.67062,18.2882,1.50002,3.2133333333333334,6.3428571428571425
bench_logs/2026-07-23/ESPRIT2_60fps_RP5_CPU_t4/arm_freq2300/run2,,Raspberry Pi Compute Module 5,ESPRIT 2,4,,,,,,,0,performance,2300,0,910,910,500,500,0,0,0,0,0,0,0,0,0,0,0,0,0,0,0,0,0,0,0,0,0,0,0,0,0,0,0,0,,,3894,0,0,7.64209,11.0756,2.13083,3.1600000000000006,6.371428571428572
bench_logs/2026-07-23/ESPRIT2_60fps_RP5_CPU_t4/arm_freq2300/run3,,Raspberry Pi Compute Module 5,ESPRIT 2,4,,,,,,,0,performance,2300,0,910,910,500,500,0,0,0,0,0,0,0,0,0,0,0,0,0,0,0,0,0,0,0,0,0,0,0,0,0,0,0,0,,,3897,0,0,7.70479,11.0482,2.59884,3.2266666666666666,6.385714285714285
bench_logs/2026-07-23/ESPRIT2_60fps_RP5_CPU_t4/arm_freq2400/run1,,Raspberry Pi Compute Module 5,ESPRIT 2,4,,,,,,,0,performance,2400,0,910,910,500,500,0,0,0,0,0,0,0,0,0,0,0,0,0,0,0,0,0,0,0,0,0,0,0,0,0,0,0,0,,,3963,1,1,7.51854,17.9799,1.57247,3.2266666666666666,6.468181818181819
bench_logs/2026-07-23/ESPRIT2_60fps_RP5_CPU_t4/arm_freq2400/run2,,Raspberry Pi Compute Module 5,ESPRIT 2,4,,,,,,,0,performance,2400,0,910,910,500,500,0,0,0,0,0,0,0,0,0,0,0,0,0,0,0,0,0,0,0,0,0,0,0,0,0,0,0,0,,,4199,0,0,7.32286,10.756,2.33569,3.2,6.480952380952381
bench_logs/2026-07-23/ESPRIT2_60fps_RP5_CPU_t4/arm_freq2400/run3,,Raspberry Pi Compute Module 5,ESPRIT 2,4,,,,,,,0,performance,2400,0,910,910,500,500,0,0,0,0,0,0,0,0,0,0,0,0,0,0,0,0,0,0,0,0,0,0,0,0,0,0,0,0,,,4081,0,0,7.3481,13.4635,1.12058,3.2,6.504545454545454
bench_logs/2026-07-23/ESPRIT3_60fps_RP5_CPU/arm_freq1500/run1,,Raspberry Pi Compute Module 5,ESPRIT 3,1,,,,,,,0,performance,1500,0,910,910,500,500,0,0,0,0,0,0,0,0,0,0,0,0,0,0,0,0,0,0,0,0,0,0,0,0,0,0,0,0,,,3361,1,1,13.4149,24.5859,0.039563,2.7266666666666666,3.6
bench_logs/2026-07-23/ESPRIT3_60fps_RP5_CPU/arm_freq1500/run2,,Raspberry Pi Compute Module 5,ESPRIT 3,1,,,,,,,0,performance,1500,0,910,910,500,500,0,0,0,0,0,0,0,0,0,0,0,0,0,0,0,0,0,0,0,0,0,0,0,0,0,0,0,0,,,3604,0,0,13.407,14.4324,0.019507,2.7066666666666666,3.5681818181818183
bench_logs/2026-07-23/ESPRIT3_60fps_RP5_CPU/arm_freq1500/run3,,Raspberry Pi Compute Module 5,ESPRIT 3,1,,,,,,,0,performance,1500,0,910,910,500,500,0,0,0,0,0,0,0,0,0,0,0,0,0,0,0,0,0,0,0,0,0,0,0,0,0,0,0,0,,,3237,0,0,13.3905,14.3575,0.027452,2.7266666666666666,3.5863636363636364
bench_logs/2026-07-23/ESPRIT3_60fps_RP5_CPU/arm_freq1600/run1,,Raspberry Pi Compute Module 5,ESPRIT 3,1,,,,,,,0,performance,1600,0,910,910,500,500,0,0,0,0,0,0,0,0,0,0,0,0,0,0,0,0,0,0,0,0,0,0,0,0,0,0,0,0,,,3585,1,1,12.5668,23.4296,0.023418,3.1266666666666665,3.9714285714285715
bench_logs/2026-07-23/ESPRIT3_60fps_RP5_CPU/arm_freq1600/run2,,Raspberry Pi Compute Module 5,ESPRIT 3,1,,,,,,,0,performance,1600,0,910,910,500,500,0,0,0,0,0,0,0,0,0,0,0,0,0,0,0,0,0,0,0,0,0,0,0,0,0,0,0,0,,,3292,0,0,12.538,13.5503,0.022304,3.1533333333333338,3.957142857142857
bench_logs/2026-07-23/ESPRIT3_60fps_RP5_CPU/arm_freq1600/run3,,Raspberry Pi Compute Module 5,ESPRIT 3,1,,,,,,,0,performance,1600,0,910,910,500,500,0,0,0,0,0,0,0,0,0,0,0,0,0,0,0,0,0,0,0,0,0,0,0,0,0,0,0,0,,,3315,0,0,12.5358,13.4625,0.03448,3.1333333333333333,3.940909090909091
bench_logs/2026-07-23/ESPRIT3_60fps_RP5_CPU/arm_freq1700/run1,,Raspberry Pi Compute Module 5,ESPRIT 3,1,,,,,,,0,performance,1700,0,910,910,500,500,0,0,0,0,0,0,0,0,0,0,0,0,0,0,0,0,0,0,0,0,0,0,0,0,0,0,0,0,,,3363,1,1,11.8253,22.5356,0.020522,3.146666666666667,3.9272727272727277
bench_logs/2026-07-23/ESPRIT3_60fps_RP5_CPU/arm_freq1700/run2,,Raspberry Pi Compute Module 5,ESPRIT 3,1,,,,,,,0,performance,1700,0,910,910,500,500,0,0,0,0,0,0,0,0,0,0,0,0,0,0,0,0,0,0,0,0,0,0,0,0,0,0,0,0,,,3169,0,0,11.8206,12.7481,0.033145,3.14,3.923809523809524
bench_logs/2026-07-23/ESPRIT3_60fps_RP5_CPU/arm_freq1700/run3,,Raspberry Pi Compute Module 5,ESPRIT 3,1,,,,,,,0,performance,1700,0,910,910,500,500,0,0,0,0,0,0,0,0,0,0,0,0,0,0,0,0,0,0,0,0,0,0,0,0,0,0,0,0,,,3303,0,0,11.8198,12.7318,0.019427,3.1266666666666665,3.9272727272727277
bench_logs/2026-07-23/ESPRIT3_60fps_RP5_CPU/arm_freq1800/run1,,Raspberry Pi Compute Module 5,ESPRIT 3,1,,,,,,,0,performance,1800,0,910,910,500,500,0,0,0,0,0,0,0,0,0,0,0,0,0,0,0,0,0,0,0,0,0,0,0,0,0,0,0,0,,,3417,1,1,11.1794,21.6603,0.020689,3.08,3.909090909090909
bench_logs/2026-07-23/ESPRIT3_60fps_RP5_CPU/arm_freq1800/run2,,Raspberry Pi Compute Module 5,ESPRIT 3,1,,,,,,,0,performance,1800,0,910,910,500,500,0,0,0,0,0,0,0,0,0,0,0,0,0,0,0,0,0,0,0,0,0,0,0,0,0,0,0,0,,,3346,0,0,11.1569,12.1825,0.029309,3.1133333333333337,3.909090909090909
bench_logs/2026-07-23/ESPRIT3_60fps_RP5_CPU/arm_freq1800/run3,,Raspberry Pi Compute Module 5,ESPRIT 3,1,,,,,,,0,performance,1800,0,910,910,500,500,0,0,0,0,0,0,0,0,0,0,0,0,0,0,0,0,0,0,0,0,0,0,0,0,0,0,0,0,,,3354,0,0,11.1578,12.0585,0.019227,3.033333333333333,3.947619047619048
bench_logs/2026-07-23/ESPRIT3_60fps_RP5_CPU/arm_freq1900/run1,,Raspberry Pi Compute Module 5,ESPRIT 3,1,,,,,,,0,performance,1900,0,910,910,500,500,0,0,0,0,0,0,0,0,0,0,0,0,0,0,0,0,0,0,0,0,0,0,0,0,0,0,0,0,,,3348,1,1,10.5915,21.2791,0.045457,3.14,3.9285714285714284
bench_logs/2026-07-23/ESPRIT3_60fps_RP5_CPU/arm_freq1900/run2,,Raspberry Pi Compute Module 5,ESPRIT 3,1,,,,,,,0,performance,1900,0,910,910,500,500,0,0,0,0,0,0,0,0,0,0,0,0,0,0,0,0,0,0,0,0,0,0,0,0,0,0,0,0,,,3471,0,0,10.5591,11.426,0.021315,3.046666666666667,3.933333333333333
bench_logs/2026-07-23/ESPRIT3_60fps_RP5_CPU/arm_freq1900/run3,,Raspberry Pi Compute Module 5,ESPRIT 3,1,,,,,,,0,performance,1900,0,910,910,500,500,0,0,0,0,0,0,0,0,0,0,0,0,0,0,0,0,0,0,0,0,0,0,0,0,0,0,0,0,,,3117,0,0,10.6171,11.4042,0.030682,3.1600000000000006,3.9227272727272724
bench_logs/2026-07-23/ESPRIT3_60fps_RP5_CPU/arm_freq2000/run1,,Raspberry Pi Compute Module 5,ESPRIT 3,1,,,,,,,0,performance,2000,0,910,910,500,500,0,0,0,0,0,0,0,0,0,0,0,0,0,0,0,0,0,0,0,0,0,0,0,0,0,0,0,0,,,3309,1,1,10.1304,20.2085,0.170373,3.186666666666667,4.004761904761905
bench_logs/2026-07-23/ESPRIT3_60fps_RP5_CPU/arm_freq2000/run2,,Raspberry Pi Compute Module 5,ESPRIT 3,1,,,,,,,0,performance,2000,0,910,910,500,500,0,0,0,0,0,0,0,0,0,0,0,0,0,0,0,0,0,0,0,0,0,0,0,0,0,0,0,0,,,3250,0,0,10.0715,10.875,0.030705,3.1600000000000006,3.963636363636364
bench_logs/2026-07-23/ESPRIT3_60fps_RP5_CPU/arm_freq2000/run3,,Raspberry Pi Compute Module 5,ESPRIT 3,1,,,,,,,0,performance,2000,0,910,910,500,500,0,0,0,0,0,0,0,0,0,0,0,0,0,0,0,0,0,0,0,0,0,0,0,0,0,0,0,0,,,3196,0,0,10.1091,10.9173,0.024157,3.046666666666667,3.8909090909090907
bench_logs/2026-07-23/ESPRIT3_60fps_RP5_CPU/arm_freq2100/run1,,Raspberry Pi Compute Module 5,ESPRIT 3,1,,,,,,,0,performance,2100,0,910,910,500,500,0,0,0,0,0,0,0,0,0,0,0,0,0,0,0,0,0,0,0,0,0,0,0,0,0,0,0,0,,,3349,1,1,9.59752,19.6714,0.021826,3.12,3.923809523809524
bench_logs/2026-07-23/ESPRIT3_60fps_RP5_CPU/arm_freq2100/run2,,Raspberry Pi Compute Module 5,ESPRIT 3,1,,,,,,,0,performance,2100,0,910,910,500,500,0,0,0,0,0,0,0,0,0,0,0,0,0,0,0,0,0,0,0,0,0,0,0,0,0,0,0,0,,,31552,0,0,9.57085,10.4187,0.025629,3.2,3.7522388059701495
bench_logs/2026-07-23/ESPRIT3_60fps_RP5_CPU/arm_freq2100/run3,,Raspberry Pi Compute Module 5,ESPRIT 3,1,,,,,,,0,performance,2100,0,910,910,500,500,0,0,0,0,0,0,0,0,0,0,0,0,0,0,0,0,0,0,0,0,0,0,0,0,0,0,0,0,,,3235,0,0,9.59465,10.4989,0.024958,3.1533333333333338,3.961904761904762
bench_logs/2026-07-23/ESPRIT3_60fps_RP5_CPU/arm_freq2200/run1,,Raspberry Pi Compute Module 5,ESPRIT 3,1,,,,,,,0,performance,2200,0,910,910,500,500,0,0,0,0,0,0,0,0,0,0,0,0,0,0,0,0,0,0,0,0,0,0,0,0,0,0,0,0,,,3291,1,1,9.15781,19.2716,0.020749,3.1666666666666665,3.9681818181818183
bench_logs/2026-07-23/ESPRIT3_60fps_RP5_CPU/arm_freq2200/run2,,Raspberry Pi Compute Module 5,ESPRIT 3,1,,,,,,,0,performance,2200,0,910,910,500,500,0,0,0,0,0,0,0,0,0,0,0,0,0,0,0,0,0,0,0,0,0,0,0,0,0,0,0,0,,,3296,0,0,9.14186,9.94484,0.022317,3.146666666666667,3.947619047619048
bench_logs/2026-07-23/ESPRIT3_60fps_RP5_CPU/arm_freq2200/run3,,Raspberry Pi Compute Module 5,ESPRIT 3,1,,,,,,,0,performance,2200,0,910,910,500,500,0,0,0,0,0,0,0,0,0,0,0,0,0,0,0,0,0,0,0,0,0,0,0,0,0,0,0,0,,,3301,0,0,9.19554,10.0436,0.015142,3.146666666666667,3.972727272727273
bench_logs/2026-07-23/ESPRIT3_60fps_RP5_CPU/arm_freq2300/run1,,Raspberry Pi Compute Module 5,ESPRIT 3,1,,,,,,,0,performance,2300,0,910,910,500,500,0,0,0,0,0,0,0,0,0,0,0,0,0,0,0,0,0,0,0,0,0,0,0,0,0,0,0,0,,,3415,1,1,8.77724,18.8243,0.02303,3.1666666666666665,3.9454545454545453
bench_logs/2026-07-23/ESPRIT3_60fps_RP5_CPU/arm_freq2300/run2,,Raspberry Pi Compute Module 5,ESPRIT 3,1,,,,,,,0,performance,2300,0,910,910,500,500,0,0,0,0,0,0,0,0,0,0,0,0,0,0,0,0,0,0,0,0,0,0,0,0,0,0,0,0,,,3116,0,0,8.76577,9.4987,0.125507,3.1600000000000006,3.9428571428571426
bench_logs/2026-07-23/ESPRIT3_60fps_RP5_CPU/arm_freq2300/run3,,Raspberry Pi Compute Module 5,ESPRIT 3,1,,,,,,,0,performance,2300,0,910,910,500,500,0,0,0,0,0,0,0,0,0,0,0,0,0,0,0,0,0,0,0,0,0,0,0,0,0,0,0,0,,,3288,0,0,8.7833,9.47798,0.035717,3.18,3.957142857142857
bench_logs/2026-07-23/ESPRIT3_60fps_RP5_CPU/arm_freq2400/run1,,Raspberry Pi Compute Module 5,ESPRIT 3,1,,,,,,,0,performance,2400,0,910,910,500,500,0,0,0,0,0,0,0,0,0,0,0,0,0,0,0,0,0,0,0,0,0,0,0,0,0,0,0,0,,,3236,1,1,8.41243,18.3409,0.017109,3.1133333333333337,3.8954545454545455
bench_logs/2026-07-23/ESPRIT3_60fps_RP5_CPU/arm_freq2400/run2,,Raspberry Pi Compute Module 5,ESPRIT 3,1,,,,,,,0,performance,2400,0,910,910,500,500,0,0,0,0,0,0,0,0,0,0,0,0,0,0,0,0,0,0,0,0,0,0,0,0,0,0,0,0,,,3359,0,0,8.41183,9.13128,0.022656,3.1333333333333333,3.95
bench_logs/2026-07-23/ESPRIT3_60fps_RP5_CPU/arm_freq2400/run3,,Raspberry Pi Compute Module 5,ESPRIT 3,1,,,,,,,0,performance,2400,0,910,910,500,500,0,0,0,0,0,0,0,0,0,0,0,0,0,0,0,0,0,0,0,0,0,0,0,0,0,0,0,0,,,3321,0,0,8.40387,9.10188,0.019202,3.1266666666666665,3.95
bench_logs/2026-07-23/ESPRIT3_60fps_RP5_CPU_t4/arm_freq1500/run1,,Raspberry Pi Compute Module 5,ESPRIT 3,4,,,,,,,0,performance,1500,0,910,910,500,500,0,0,0,0,0,0,0,0,0,0,0,0,0,0,0,0,0,0,0,0,0,0,0,0,0,0,0,0,,,3951,1,1,9.47567,21.0998,0.980989,2.646666666666667,5.385714285714286
bench_logs/2026-07-23/ESPRIT3_60fps_RP5_CPU_t4/arm_freq1500/run2,,Raspberry Pi Compute Module 5,ESPRIT 3,4,,,,,,,0,performance,1500,0,910,910,500,500,0,0,0,0,0,0,0,0,0,0,0,0,0,0,0,0,0,0,0,0,0,0,0,0,0,0,0,0,,,4257,0,0,9.49074,13.946,3.27981,2.6533333333333338,5.354545454545455
bench_logs/2026-07-23/ESPRIT3_60fps_RP5_CPU_t4/arm_freq1500/run3,,Raspberry Pi Compute Module 5,ESPRIT 3,4,,,,,,,0,performance,1500,0,910,910,500,500,0,0,0,0,0,0,0,0,0,0,0,0,0,0,0,0,0,0,0,0,0,0,0,0,0,0,0,0,,,3885,0,0,9.48347,13.961,2.00049,2.6333333333333333,5.40952380952381
bench_logs/2026-07-23/ESPRIT3_60fps_RP5_CPU_t4/arm_freq1600/run1,,Raspberry Pi Compute Module 5,ESPRIT 3,4,,,,,,,0,performance,1600,0,910,910,500,500,0,0,0,0,0,0,0,0,0,0,0,0,0,0,0,0,0,0,0,0,0,0,0,0,0,0,0,0,,,4030,1,1,8.87759,23.6133,2.73372,3.066666666666667,5.5181818181818185
bench_logs/2026-07-23/ESPRIT3_60fps_RP5_CPU_t4/arm_freq1600/run2,,Raspberry Pi Compute Module 5,ESPRIT 3,4,,,,,,,0,performance,1600,0,910,910,500,500,0,0,0,0,0,0,0,0,0,0,0,0,0,0,0,0,0,0,0,0,0,0,0,0,0,0,0,0,,,3965,0,0,8.89479,13.2992,3.22908,3.066666666666667,5.413636363636364
bench_logs/2026-07-23/ESPRIT3_60fps_RP5_CPU_t4/arm_freq1600/run3,,Raspberry Pi Compute Module 5,ESPRIT 3,4,,,,,,,0,performance,1600,0,910,910,500,500,0,0,0,0,0,0,0,0,0,0,0,0,0,0,0,0,0,0,0,0,0,0,0,0,0,0,0,0,,,3643,0,0,8.90951,13.4528,1.7782,3.0733333333333333,5.40952380952381
bench_logs/2026-07-23/ESPRIT3_60fps_RP5_CPU_t4/arm_freq1700/run1,,Raspberry Pi Compute Module 5,ESPRIT 3,4,,,,,,,0,performance,1700,0,910,910,500,500,0,0,0,0,0,0,0,0,0,0,0,0,0,0,0,0,0,0,0,0,0,0,0,0,0,0,0,0,,,3904,1,1,8.36963,19.6319,2.95528,3.1266666666666665,5.590909090909091
bench_logs/2026-07-23/ESPRIT3_60fps_RP5_CPU_t4/arm_freq1700/run2,,Raspberry Pi Compute Module 5,ESPRIT 3,4,,,,,,,0,performance,1700,0,910,910,500,500,0,0,0,0,0,0,0,0,0,0,0,0,0,0,0,0,0,0,0,0,0,0,0,0,0,0,0,0,,,4257,0,0,8.38263,14.7949,1.50384,3.1133333333333337,5.586363636363636
bench_logs/2026-07-23/ESPRIT3_60fps_RP5_CPU_t4/arm_freq1700/run3,,Raspberry Pi Compute Module 5,ESPRIT 3,4,,,,,,,0,performance,1700,0,910,910,500,500,0,0,0,0,0,0,0,0,0,0,0,0,0,0,0,0,0,0,0,0,0,0,0,0,0,0,0,0,,,3836,0,0,8.37826,14.0891,2.12082,3.1266666666666665,5.622727272727273
bench_logs/2026-07-23/ESPRIT3_60fps_RP5_CPU_t4/arm_freq1800/run1,,Raspberry Pi Compute Module 5,ESPRIT 3,4,,,,,,,0,performance,1800,0,910,910,500,500,0,0,0,0,0,0,0,0,0,0,0,0,0,0,0,0,0,0,0,0,0,0,0,0,0,0,0,0,,,4030,1,1,7.91903,18.5447,1.56506,3.2,5.856521739130436
bench_logs/2026-07-23/ESPRIT3_60fps_RP5_CPU_t4/arm_freq1800/run2,,Raspberry Pi Compute Module 5,ESPRIT 3,4,,,,,,,0,performance,1800,0,910,910,500,500,0,0,0,0,0,0,0,0,0,0,0,0,0,0,0,0,0,0,0,0,0,0,0,0,0,0,0,0,,,3776,0,0,7.90695,11.6887,2.44225,3.08,5.814285714285714
bench_logs/2026-07-23/ESPRIT3_60fps_RP5_CPU_t4/arm_freq1800/run3,,Raspberry Pi Compute Module 5,ESPRIT 3,4,,,,,,,0,performance,1800,0,910,910,500,500,0,0,0,0,0,0,0,0,0,0,0,0,0,0,0,0,0,0,0,0,0,0,0,0,0,0,0,0,,,3579,0,0,7.90729,15.1281,1.5733,3.1,5.795238095238095
bench_logs/2026-07-23/ESPRIT3_60fps_RP5_CPU_t4/arm_freq1900/run1,,Raspberry Pi Compute Module 5,ESPRIT 3,4,,,,,,,0,performance,1900,0,910,910,500,500,0,0,0,0,0,0,0,0,0,0,0,0,0,0,0,0,0,0,0,0,0,0,0,0,0,0,0,0,,,4084,1,1,7.50481,17.8775,1.75005,3.086666666666667,5.990909090909091
bench_logs/2026-07-23/ESPRIT3_60fps_RP5_CPU_t4/arm_freq1900/run2,,Raspberry Pi Compute Module 5,ESPRIT 3,4,,,,,,,0,performance,1900,0,910,910,500,500,0,0,0,0,0,0,0,0,0,0,0,0,0,0,0,0,0,0,0,0,0,0,0,0,0,0,0,0,,,4486,0,0,7.49015,11.3306,1.51183,3.1600000000000006,5.942857142857143
bench_logs/2026-07-23/ESPRIT3_60fps_RP5_CPU_t4/arm_freq1900/run3,,Raspberry Pi Compute Module 5,ESPRIT 3,4,,,,,,,0,performance,1900,0,910,910,500,500,0,0,0,0,0,0,0,0,0,0,0,0,0,0,0,0,0,0,0,0,0,0,0,0,0,0,0,0,,,4072,0,0,7.50289,11.3921,1.52023,3.1666666666666665,5.9904761904761905
bench_logs/2026-07-23/ESPRIT3_60fps_RP5_CPU_t4/arm_freq2000/run1,,Raspberry Pi Compute Module 5,ESPRIT 3,4,,,,,,,0,performance,2000,0,910,910,500,500,0,0,0,0,0,0,0,0,0,0,0,0,0,0,0,0,0,0,0,0,0,0,0,0,0,0,0,0,,,4129,1,1,7.16058,17.8426,1.7107,3.12,6.019047619047619
bench_logs/2026-07-23/ESPRIT3_60fps_RP5_CPU_t4/arm_freq2000/run2,,Raspberry Pi Compute Module 5,ESPRIT 3,4,,,,,,,0,performance,2000,0,910,910,500,500,0,0,0,0,0,0,0,0,0,0,0,0,0,0,0,0,0,0,0,0,0,0,0,0,0,0,0,0,,,4570,0,0,7.15135,11.1097,2.70655,3.0933333333333333,6.068181818181818
bench_logs/2026-07-23/ESPRIT3_60fps_RP5_CPU_t4/arm_freq2000/run3,,Raspberry Pi Compute Module 5,ESPRIT 3,4,,,,,,,0,performance,2000,0,910,910,500,500,0,0,0,0,0,0,0,0,0,0,0,0,0,0,0,0,0,0,0,0,0,0,0,0,0,0,0,0,,,3841,0,0,7.17693,11.393,1.75583,3.1666666666666665,6.113636363636363
bench_logs/2026-07-23/ESPRIT3_60fps_RP5_CPU_t4/arm_freq2100/run1,,Raspberry Pi Compute Module 5,ESPRIT 3,4,,,,,,,0,performance,2100,0,910,910,500,500,0,0,0,0,0,0,0,0,0,0,0,0,0,0,0,0,0,0,0,0,0,0,0,0,0,0,0,0,,,4018,1,1,6.8359,17.4722,1.58943,3.1600000000000006,6.159090909090909
bench_logs/2026-07-23/ESPRIT3_60fps_RP5_CPU_t4/arm_freq2100/run2,,Raspberry Pi Compute Module 5,ESPRIT 3,4,,,,,,,0,performance,2100,0,910,910,500,500,0,0,0,0,0,0,0,0,0,0,0,0,0,0,0,0,0,0,0,0,0,0,0,0,0,0,0,0,,,3885,0,0,6.82979,10.6354,1.39741,3.1666666666666665,6.10952380952381
bench_logs/2026-07-23/ESPRIT3_60fps_RP5_CPU_t4/arm_freq2100/run3,,Raspberry Pi Compute Module 5,ESPRIT 3,4,,,,,,,0,performance,2100,0,910,910,500,500,0,0,0,0,0,0,0,0,0,0,0,0,0,0,0,0,0,0,0,0,0,0,0,0,0,0,0,0,,,3832,0,0,6.84473,11.3025,1.58076,3.08,6.119047619047619
bench_logs/2026-07-23/ESPRIT3_60fps_RP5_CPU_t4/arm_freq2200/run1,,Raspberry Pi Compute Module 5,ESPRIT 3,4,,,,,,,0,performance,2200,0,910,910,500,500,0,0,0,0,0,0,0,0,0,0,0,0,0,0,0,0,0,0,0,0,0,0,0,0,0,0,0,0,,,4438,1,1,6.50694,17.0299,2.09034,3.2,6.213636363636363
bench_logs/2026-07-23/ESPRIT3_60fps_RP5_CPU_t4/arm_freq2200/run2,,Raspberry Pi Compute Module 5,ESPRIT 3,4,,,,,,,0,performance,2200,0,910,910,500,500,0,0,0,0,0,0,0,0,0,0,0,0,0,0,0,0,0,0,0,0,0,0,0,0,0,0,0,0,,,4430,0,0,6.50773,10.5527,1.55357,3.0733333333333333,6.1952380952380945
bench_logs/2026-07-23/ESPRIT3_60fps_RP5_CPU_t4/arm_freq2200/run3,,Raspberry Pi Compute Module 5,ESPRIT 3,4,,,,,,,0,performance,2200,0,910,910,500,500,0,0,0,0,0,0,0,0,0,0,0,0,0,0,0,0,0,0,0,0,0,0,0,0,0,0,0,0,,,3887,0,0,6.5352,10.5047,1.51626,3.1266666666666665,6.247619047619047
bench_logs/2026-07-23/ESPRIT3_60fps_RP5_CPU_t4/arm_freq2300/run1,,Raspberry Pi Compute Module 5,ESPRIT 3,4,,,,,,,0,performance,2300,0,910,910,500,500,0,0,0,0,0,0,0,0,0,0,0,0,0,0,0,0,0,0,0,0,0,0,0,0,0,0,0,0,,,3884,0,0,6.23971,16.4578,1.26457,3.1533333333333338,6.366666666666667
bench_logs/2026-07-23/ESPRIT3_60fps_RP5_CPU_t4/arm_freq2300/run2,,Raspberry Pi Compute Module 5,ESPRIT 3,4,,,,,,,0,performance,2300,0,910,910,500,500,0,0,0,0,0,0,0,0,0,0,0,0,0,0,0,0,0,0,0,0,0,0,0,0,0,0,0,0,,,3944,0,0,6.25659,9.90333,1.25418,3.106666666666667,6.328571428571429
bench_logs/2026-07-23/ESPRIT3_60fps_RP5_CPU_t4/arm_freq2300/run3,,Raspberry Pi Compute Module 5,ESPRIT 3,4,,,,,,,0,performance,2300,0,910,910,500,500,0,0,0,0,0,0,0,0,0,0,0,0,0,0,0,0,0,0,0,0,0,0,0,0,0,0,0,0,,,3888,0,0,6.22809,9.86985,2.28169,3.1533333333333338,6.323809523809524
bench_logs/2026-07-23/ESPRIT3_60fps_RP5_CPU_t4/arm_freq2400/run1,,Raspberry Pi Compute Module 5,ESPRIT 3,4,,,,,,,0,performance,2400,0,910,910,500,500,0,0,0,0,0,0,0,0,0,0,0,0,0,0,0,0,0,0,0,0,0,0,0,0,0,0,0,0,,,4194,0,0,5.98962,16.2847,1.61331,3.14,6.4142857142857155
bench_logs/2026-07-23/ESPRIT3_60fps_RP5_CPU_t4/arm_freq2400/run2,,Raspberry Pi Compute Module 5,ESPRIT 3,4,,,,,,,0,performance,2400,0,910,910,500,500,0,0,0,0,0,0,0,0,0,0,0,0,0,0,0,0,0,0,0,0,0,0,0,0,0,0,0,0,,,4009,0,0,5.99532,9.43071,2.67187,3.0933333333333333,6.428571428571429
bench_logs/2026-07-23/ESPRIT3_60fps_RP5_CPU_t4/arm_freq2400/run3,,Raspberry Pi Compute Module 5,ESPRIT 3,4,,,,,,,0,performance,2400,0,910,910,500,500,0,0,0,0,0,0,0,0,0,0,0,0,0,0,0,0,0,0,0,0,0,0,0,0,0,0,0,0,,,4199,0,0,5.99739,9.78681,1.3116,3.146666666666667,6.4409090909090905
