Banks,Device,algorithm_family,dev_backend,gpu_freq_mhz,mflops_per_w,throughput,run_power_w,mflops_per_w_std,throughput_std,run_power_w_std
1,RaspberryPiComputeModule5,UPF-OS,RPi-clfft,500.0,1248.1422467046584,205474.65509055054,4.033333333333333,32.80344544372773,2274.3693527516393,0.0707106781186547
1,RaspberryPiComputeModule5,UPF-OS,RPi-clfft,550.0,1326.1981347754565,212967.15470615745,3.933333333333333,19.530880387242085,2040.8801399318143,0.05000000000000007
1,RaspberryPiComputeModule5,UPF-OS,RPi-clfft,600.0,1336.3234631559208,221242.04121662214,4.055555555555555,27.37463652867539,2277.5122941254153,0.05270462766947278
1,RaspberryPiComputeModule5,UPF-OS,RPi-clfft,650.0,1351.3608971637136,227392.77641988164,4.122222222222223,32.944159015067726,3299.116621966511,0.06666666666666689
1,RaspberryPiComputeModule5,UPF-OS,RPi-clfft,700.0,1401.7708571326125,235250.68517982328,4.111111111111111,31.22463529882532,3044.4911113780063,0.06009252125773344
1,RaspberryPiComputeModule5,UPF-OS,RPi-clfft,750.0,1389.0425870114677,240088.53856068963,4.233333333333333,22.244168292729025,3877.835558124915,0.049999999999999864
1,RaspberryPiComputeModule5,UPF-OS,RPi-clfft,800.0,1379.824623824674,244118.28029941427,4.333333333333333,20.96083045801718,2810.6304010769113,0.05000000000000021
1,RaspberryPiComputeModule5,UPF-OS,RPi-clfft,850.0,1430.0680148984748,252360.25153451564,4.322222222222222,21.90151869397086,2809.7580786842746,0.04409585518441001
1,RaspberryPiComputeModule5,UPF-OS,RPi-clfft,900.0,1377.8442870172819,254388.73807058565,4.522222222222222,22.675027138450776,2468.9683973400693,0.04409585518440961
1,RaspberryPiComputeModule5,UPF-OS,RPi-clfft,960.0,1365.802464148771,258974.77326266668,4.644444444444444,21.582808581701972,3394.5264926877426,0.07264831572567812
1,RaspberryPiComputeModule5,UPF-OS,RPi-fftw,500.0,inf,707597.6343976866,4.790123456790123,,110723.77683653789,0.6803684550064769
1,RaspberryPiComputeModule5,UPF-OS,RPi-fftw,,3313.108258950004,728600.7199558374,5.368055555555555,351.5595112505407,100316.45772285823,0.18140794343283997
2,RaspberryPiComputeModule5,UPF-OS,RPi-clfft,500.0,907.4670560482144,145255.32868461733,3.9206349206349205,12.130487381467299,872.3928781711011,0.0457985334801703
2,RaspberryPiComputeModule5,UPF-OS,RPi-clfft,550.0,948.3898196650548,153288.87355579704,3.9587301587301584,10.654668814958578,923.3408406788614,0.033077247593928015
2,RaspberryPiComputeModule5,UPF-OS,RPi-clfft,600.0,994.395173115677,160126.16307489964,3.9444444444444446,17.334319116733607,1395.5531933475008,0.054606404481808195
2,RaspberryPiComputeModule5,UPF-OS,RPi-clfft,650.0,1032.057101849903,166946.99711063268,3.961904761904762,11.968969534880276,1817.461941523058,0.045175395145262504
2,RaspberryPiComputeModule5,UPF-OS,RPi-clfft,700.0,1011.3458887746674,172507.503389362,4.177777777777778,12.642754601284015,1571.9449289747702,0.04409585518441008
2,RaspberryPiComputeModule5,UPF-OS,RPi-clfft,750.0,1008.706255192094,176642.51410442262,4.288888888888889,10.347957168075562,1756.798393797365,0.03333333333333323
2,RaspberryPiComputeModule5,UPF-OS,RPi-clfft,800.0,1044.4917314523511,183369.16526043936,4.300000000000001,17.253618453362478,2381.4527126196913,0.050000000000000086
2,RaspberryPiComputeModule5,UPF-OS,RPi-clfft,850.0,1046.5105471770921,187527.10229888605,4.388888888888889,15.208416398369039,1848.6824730714372,0.03333333333333361
2,RaspberryPiComputeModule5,UPF-OS,RPi-clfft,900.0,1020.8545742049723,190803.63074899392,4.5777777777777775,14.6797784458492,2272.4790930436575,0.04409585518440954
2,RaspberryPiComputeModule5,UPF-OS,RPi-clfft,960.0,1019.9027115368704,195729.10305639656,4.7,13.838615684359628,2655.76295150773,0.0
2,RaspberryPiComputeModule5,UPF-OS,RPi-fftw,500.0,1927.6765346914733,383275.78881482006,4.841975308641975,144.7635966689539,59361.32448377589,0.408308767212652
2,RaspberryPiComputeModule5,UPF-OS,RPi-fftw,,1815.1313214408729,394843.0464618099,5.311111111111111,196.6925686237858,54427.27756929769,0.17647212248865124
4,RaspberryPiComputeModule5,UPF-OS,RPi-clfft,500.0,560.4844600297533,90845.75901400042,3.96984126984127,6.4370146110444795,540.3894517269422,0.031497039417435355
4,RaspberryPiComputeModule5,UPF-OS,RPi-clfft,550.0,590.8383960402434,96191.51852320765,3.9873015873015873,4.8090231628629585,652.689936822136,0.021951296326887856
4,RaspberryPiComputeModule5,UPF-OS,RPi-clfft,600.0,621.9125552472862,101450.65178278423,3.9952380952380953,4.775331030128384,497.75964404290306,0.027664166758624365
4,RaspberryPiComputeModule5,UPF-OS,RPi-clfft,650.0,641.0062233847528,106218.621719413,4.0587301587301585,10.878564681818007,1053.497737136606,0.03458533106269983
4,RaspberryPiComputeModule5,UPF-OS,RPi-clfft,700.0,666.3420868704129,111451.57303812283,4.0968253968253965,11.950333067081784,1221.4640128293288,0.040265558393542455
4,RaspberryPiComputeModule5,UPF-OS,RPi-clfft,750.0,677.2913514089523,115959.70854604311,4.193650793650794,13.037403627868935,1535.2254261873534,0.04467062628403264
4,RaspberryPiComputeModule5,UPF-OS,RPi-clfft,800.0,684.2262915348023,119642.47485605055,4.282539682539682,6.886288115939016,1200.1089412068152,0.03696232070538104
4,RaspberryPiComputeModule5,UPF-OS,RPi-clfft,850.0,689.9965557127558,122749.83548778798,4.357142857142858,11.374191244260357,1854.0182135687821,0.04285714285714318
4,RaspberryPiComputeModule5,UPF-OS,RPi-clfft,900.0,704.1985088776597,127344.03659788333,4.42962962962963,15.95254762565411,1840.5136416604835,0.04819754428790136
4,RaspberryPiComputeModule5,UPF-OS,RPi-clfft,960.0,721.7369361020546,132002.05476777416,4.479365079365079,10.286527425581637,1622.757874368487,0.019047619047618917
4,RaspberryPiComputeModule5,UPF-OS,RPi-fftw,500.0,764.0509903400005,155337.83367240845,4.974250440917108,23.945394880381162,12590.01680509362,0.2992202430355902
4,RaspberryPiComputeModule5,UPF-OS,RPi-fftw,,722.1828112732283,162816.88143006247,5.515873015873016,39.735935500058055,12225.101420925997,0.1342380915503655
8,RaspberryPiComputeModule5,UPF-OS,RPi-clfft,500.0,337.17586138410695,51630.177184952416,3.7502923976608185,3.0328365139504307,302.7754504667142,0.02384610038432995
8,RaspberryPiComputeModule5,UPF-OS,RPi-clfft,550.0,354.2971448695391,54989.74815139044,3.8011695906432745,2.1984780028435242,393.76659897436826,0.018189860836252122
8,RaspberryPiComputeModule5,UPF-OS,RPi-clfft,600.0,370.3090761946009,58434.61871436488,3.864957264957265,4.897774300341153,621.6422329510566,0.0445409045283081
8,RaspberryPiComputeModule5,UPF-OS,RPi-clfft,650.0,390.1318883966791,61425.49511391094,3.856410256410256,5.3152147525781785,432.6981694714507,0.03788022231460034
8,RaspberryPiComputeModule5,UPF-OS,RPi-clfft,700.0,400.0088219392228,63851.5762434501,3.9094017094017093,6.136020145503658,948.2994643414306,0.018356180850354367
8,RaspberryPiComputeModule5,UPF-OS,RPi-clfft,750.0,404.49121832269407,66901.43677428007,4.051282051282051,7.437825726683628,800.4738452197573,0.04849815466507093
8,RaspberryPiComputeModule5,UPF-OS,RPi-clfft,800.0,407.51163945106146,69443.01919421123,4.174358974358975,8.20679572142692,888.8966057997844,0.06944411571256882
8,RaspberryPiComputeModule5,UPF-OS,RPi-clfft,850.0,414.50159742986153,71641.54616298017,4.233333333333333,5.6110443697873,863.5894300234423,0.05756395979652209
8,RaspberryPiComputeModule5,UPF-OS,RPi-clfft,900.0,413.50388760249757,73595.63793997357,4.3589743589743595,6.207474167946369,1200.2200051368366,0.043001307259611474
8,RaspberryPiComputeModule5,UPF-OS,RPi-clfft,960.0,418.15108091315733,76612.19801497972,4.487179487179487,4.906855401580021,854.6171057382592,0.023076923076922946
8,RaspberryPiComputeModule5,UPF-OS,RPi-fftw,500.0,303.24258804441223,61169.63923013058,4.949382716049382,10.219360283207871,2271.5850508175918,0.3106132134013985
8,RaspberryPiComputeModule5,UPF-OS,RPi-fftw,,290.0875061744911,64780.81326083207,5.468696581196581,5.220055025958318,1944.0285073668758,0.11160159149589524
16,JetsonOrinNanoSuper,OLA,nano-clfft,306.0,454.4449874255069,149677.41064189168,9.352631578947369,0.4562485086827314,167.10993743804656,0.01052631578947331
16,JetsonOrinNanoSuper,OLA,nano-clfft,408.0,470.65091872330163,157484.82100297013,9.501656920077972,0.9050019924269952,201.81839031799265,0.015588570981664386
16,JetsonOrinNanoSuper,OLA,nano-clfft,510.0,478.8205913553752,162379.92106914,9.629824561403508,0.5970710929462146,255.7174150787205,0.013175426916153957
16,JetsonOrinNanoSuper,OLA,nano-clfft,612.0,484.3748678901631,165580.30319278163,9.70701754385965,0.7715917053001415,266.88584329971974,0.005435766099941931
16,JetsonOrinNanoSuper,OLA,nano-clfft,714.0,484.7708784884655,168081.52449421483,9.84561403508772,0.8299226334747292,123.13266668615998,0.010871532199879998
16,JetsonOrinNanoSuper,OLA,nano-clfft,816.0,484.76375483245147,169382.12078382148,9.921929824561403,0.5000715969187837,313.5266990090954,0.015760206794018954
16,JetsonOrinNanoSuper,OLA,nano-clfft,918.0,474.71423223326127,171140.71951527262,10.237179487179487,1.1261152819171591,420.1846815675546,0.018472219132644487
16,JetsonOrinNanoSuper,OLA,nano-clfft,1020.0,461.86764743232794,172535.3687287311,10.607692307692306,1.4791991570256002,317.96066546439295,0.015384615384616674
16,JetsonOrinNanoSuper,OLA,nano-cufft,306.0,1432.0324430091598,546640.8475981123,10.839473684210526,2.11050290381793,664.9688069908551,0.00984646680729948
16,JetsonOrinNanoSuper,OLA,nano-cufft,408.0,1570.8837100838734,630012.323087114,11.38846153846154,4.738645814566391,1277.8330789074087,0.018040060614705474
16,JetsonOrinNanoSuper,OLA,nano-cufft,510.0,1686.2338151617726,695152.7380608724,11.706410256410257,10.32421826089011,3542.9469699683245,0.01971192932695612
16,JetsonOrinNanoSuper,OLA,nano-cufft,612.0,1767.1887859884444,744966.0571274142,11.970512820512822,3.4073594329862247,1728.4555305861068,0.025473813757989443
16,JetsonOrinNanoSuper,OLA,nano-cufft,714.0,1802.3950336607234,773316.0235254677,12.183333333333332,3.482033432240384,1377.2714965907342,0.015701857325533388
16,JetsonOrinNanoSuper,OLA,nano-cufft,816.0,1814.419114819422,789854.9204129974,12.361538461538464,8.165924852166839,1989.2275202435305,0.03673026580403999
16,JetsonOrinNanoSuper,OLA,nano-cufft,918.0,1780.0066685626737,803644.1659909668,12.820512820512823,6.924615008459968,909.3938872558997,0.042874984545801784
16,JetsonOrinNanoSuper,OLA,nano-cufft,1020.0,1735.8096534672475,813711.3739446377,13.311538461538461,5.440980324289433,2467.026430586416,0.03361811289755712
16,JetsonOrinNanoSuper,UPF-OS,nano-clfft,306.0,375.2310533947985,141621.37905217698,9.24519056261343,5.700256784650655,623.707678833948,0.14763585114842462
16,JetsonOrinNanoSuper,UPF-OS,nano-clfft,408.0,398.6190732253173,154695.75738066484,9.50438596491228,2.878994601391867,983.4674392074354,0.014285054726892064
16,JetsonOrinNanoSuper,UPF-OS,nano-clfft,510.0,413.4142635245193,163312.37610111656,9.67456140350877,3.7902943914210434,1688.097748134642,0.017429451518624513
16,JetsonOrinNanoSuper,UPF-OS,nano-clfft,612.0,424.80652808506403,170497.1950676912,9.829487179487181,1.8214369192500235,478.41614469569936,0.030154107795829926
16,JetsonOrinNanoSuper,UPF-OS,nano-clfft,714.0,429.2820625648123,174249.86599188554,9.941025641025641,1.9605749386488032,809.7797695095817,0.015126032003848426
16,JetsonOrinNanoSuper,UPF-OS,nano-clfft,816.0,433.406763120488,178609.76099601106,10.09284188034188,4.088714946897835,1612.9717354973216,0.02860559715287262
16,JetsonOrinNanoSuper,UPF-OS,nano-clfft,918.0,424.169649129617,181567.92109941508,10.483333333333333,3.4332887669303944,1566.987300988859,0.013249241725911852
16,JetsonOrinNanoSuper,UPF-OS,nano-clfft,1020.0,415.41025729288384,185385.85694696466,10.92948717948718,1.3043846500207836,813.8168117882101,0.024527085217575434
16,JetsonOrinNanoSuper,UPF-OS,nano-cufft,306.0,703.0010145161755,289616.79416958656,10.089473684210526,2.499207946669198,1218.3815537443706,0.015613049446517918
16,JetsonOrinNanoSuper,UPF-OS,nano-cufft,408.0,819.1623229108818,351592.0873821289,10.511538461538462,9.395617986720252,4449.710015699147,0.026085884550481612
16,JetsonOrinNanoSuper,UPF-OS,nano-cufft,510.0,892.6267715405107,397798.9369054269,10.914102564102564,8.777425313650255,4865.402906900418,0.040533912068950836
16,JetsonOrinNanoSuper,UPF-OS,nano-cufft,612.0,953.7481035444507,439318.822545642,11.28076923076923,15.16595810070324,7663.450588032276,0.021620722034701677
16,JetsonOrinNanoSuper,UPF-OS,nano-cufft,714.0,998.6664864425871,471102.989556063,11.552564102564103,15.813317978323857,9032.01039078825,0.045486630239796155
16,JetsonOrinNanoSuper,UPF-OS,nano-cufft,816.0,1043.1192407915976,503482.81445694226,11.82051282051282,12.956468958406063,8143.459964521111,0.05488641559542999
16,JetsonOrinNanoSuper,UPF-OS,nano-cufft,918.0,1058.1138957903477,539366.1330503445,12.48392857142857,13.928713813457634,7961.768738307256,0.07797664485509151
16,JetsonOrinNanoSuper,UPF-OS,nano-cufft,1020.0,1041.232756568441,555139.3162827377,13.057142857142857,14.60555555000862,9061.664794415057,0.07228063223241862
16,RaspberryPiComputeModule5,OLA,RPi-clfft,500.0,390.05098732152675,51231.63808633457,3.7300858998533415,4.208359203063142,43.64987862441088,0.04142566255629952
16,RaspberryPiComputeModule5,OLA,RPi-clfft,550.0,424.5517860320352,55362.35166837113,3.7037697581302234,7.004523467612653,50.93210298249054,0.06297549253970694
16,RaspberryPiComputeModule5,OLA,RPi-clfft,600.0,449.9226132729311,59113.53930379462,3.7311290322580644,4.309609034148467,20.469459512963237,0.03491255614364002
16,RaspberryPiComputeModule5,OLA,RPi-clfft,650.0,474.8816461361093,62624.5229609856,3.745017921146953,4.611888835151413,51.159231434330465,0.03858202768208117
16,RaspberryPiComputeModule5,OLA,RPi-clfft,700.0,485.2623102679386,65769.47774412583,3.8494982078853046,8.218509674769315,126.88712179272457,0.061553694332720954
16,RaspberryPiComputeModule5,OLA,RPi-clfft,750.0,507.864497978266,69054.6801030518,3.862388888888889,10.472874988215917,113.547720744469,0.07896733970915278
16,RaspberryPiComputeModule5,OLA,RPi-clfft,800.0,516.5712871033949,71975.67170844416,3.9579999999999997,11.029835053117505,42.97431787177827,0.08278164047661782
16,RaspberryPiComputeModule5,OLA,RPi-clfft,850.0,538.7853544598175,74781.29207509385,3.9416944444444444,6.436679158633035,179.3161387329061,0.04376178148245927
16,RaspberryPiComputeModule5,OLA,RPi-clfft,900.0,563.407956928329,77531.65900105321,3.908,5.940769847567253,119.65282086288812,0.04118252056394801
16,RaspberryPiComputeModule5,OLA,RPi-clfft,960.0,569.4272676593581,80631.47545221224,4.021583333333333,7.575773050719369,136.66893248024363,0.06016327321916946
16,RaspberryPiComputeModule5,OLA,RPi-fftw,,1143.4363448282054,180983.10281177345,4.4820296052631585,98.31867693770191,21792.229272538258,0.1749819591459409
16,RaspberryPiComputeModule5,UPF-OS,RPi-clfft,500.0,186.14260453853424,28907.79991211725,3.804778041827222,11.145961380499251,1565.5308286240236,0.045033953878673316
16,RaspberryPiComputeModule5,UPF-OS,RPi-clfft,550.0,198.5860466753128,30959.434251536637,3.8203681749896736,13.44630324994128,1806.186837730871,0.04258817502645248
16,RaspberryPiComputeModule5,UPF-OS,RPi-clfft,600.0,209.64992760793496,33109.2253333369,3.8696031280547407,15.099741090959638,2154.795978495534,0.04217680245816851
16,RaspberryPiComputeModule5,UPF-OS,RPi-clfft,650.0,216.9631356671834,34669.44362509383,3.9138518955811823,14.665221883281493,2325.433197662302,0.04926334723205595
16,RaspberryPiComputeModule5,UPF-OS,RPi-clfft,700.0,223.29038300628002,36504.383835520275,4.003472108843537,15.62060521003549,2628.0551107079946,0.038449869279248414
16,RaspberryPiComputeModule5,UPF-OS,RPi-clfft,750.0,229.3841562159354,38424.908085805706,4.102275968992248,17.007335572936885,2892.5549609289487,0.02833777929737918
16,RaspberryPiComputeModule5,UPF-OS,RPi-clfft,800.0,238.29132318685896,40040.54639916953,4.126342862234442,25.461662902021867,3179.6825326010894,0.11923407318019325
16,RaspberryPiComputeModule5,UPF-OS,RPi-clfft,850.0,241.50262180964737,41512.75993017654,4.2183565891472865,25.1732476674498,3438.3114156149504,0.08947682056847146
16,RaspberryPiComputeModule5,UPF-OS,RPi-clfft,900.0,244.17563966327532,43055.54390111485,4.32608165374677,24.699675703503218,3535.2267110403127,0.08461229914969713
16,RaspberryPiComputeModule5,UPF-OS,RPi-clfft,960.0,248.6311105062424,44488.610293021404,4.3976879511090035,29.87606417532093,3903.6159306100553,0.13959816695902408
16,RaspberryPiComputeModule5,UPF-OS,RPi-fftw,500.0,143.15368202503961,29081.315709608185,4.986214570575239,8.23843889544452,1663.0215066316475,0.3330389208757983
16,RaspberryPiComputeModule5,UPF-OS,RPi-fftw,,133.49416037158508,29611.941903818082,5.431193693693694,5.135989244110368,1422.8680723034888,0.09964363455381886
