,frequency_component,operating_frequency_mhz,Algorithm,test_name,Threads,variant,kernel_runtime,roi_runtime,run_power_w,energy_j,edp_j_s,kernel_runtime_std,roi_runtime_std,run_power_w_std,energy_j_std,edp_j_s_std
0,CPU,1500.0,BFS,BFS-OpenMP-PI-serial,1.0,Serial,28.032336333333333,28.032723,3.865982042648709,0.10837246077589226,0.0030379322135413553,0.009539369196476048,0.009533491448572568,0.013434126841737701,0.00036156068380565796,9.80441659849352e-06
1,CPU,1500.0,BFS,BFS-OpenMP-PI-t4,4.0,OpenMP,7.661823666666667,7.662559833333333,6.457894736842104,0.04947934786315789,0.0003791029586303358,0.0057297530022389605,0.005716830709988517,0.023300993285450877,0.00021145989627691008,1.880793407027361e-06
2,CPU,1500.0,FFT,FFT-OpenMP-PI-serial-32k,1.0,Serial,0.40052233333333337,0.40074883333333333,3.6940928270042193,0.0014795655082278482,5.926003566419479e-07,0.0007634106802151902,0.0007562881505528578,0.024039526638386457,9.816182805216798e-06,4.314437300802444e-09
3,CPU,1500.0,FFT,FFT-OpenMP-PI-t4-32k,4.0,OpenMP,0.11261966666666667,0.112815,6.5815302144249515,0.000741207444005848,8.34766869245399e-08,0.0006627656197077985,0.0006625595822263802,0.017805473066685087,4.354743947648162e-06,9.579416093132788e-10
4,CPU,1500.0,KMeans,KMeans-OpenMP-PI-t1,1.0,Serial,5324.830567333333,5324.8323740000005,3.614859318996416,19.24850758378638,102.49502566956325,2.2340404112306302,2.2340490593983686,0.027248631571069194,0.1444104723062109,0.7677344866469531
5,CPU,1500.0,KMeans,KMeans-OpenMP-PI-t4,4.0,OpenMP,1334.4895998333334,1334.49148,6.851388888888889,9.143205440956349,12.201658470860165,1.6015848175525196,1.601589625461763,0.08745963327592282,0.1261854162480083,0.1813810604286228
6,CPU,1500.0,SPMV,SPMV-OpenMP-PI,4.0,OpenMP,17.4550285,17.455497666666666,8.226923076923077,0.14360164201666667,0.002506592928491825,0.045300600484982106,0.045279160092328026,0.02653567432409239,0.0007161825057171217,1.8208077740406173e-05
7,CPU,1500.0,SPMV,SPMV-serial-PI,1.0,Serial,48.90341033333333,48.903849666666666,4.541333333333333,0.22208203571266663,0.010863284777101967,0.8825131988095498,0.8824702059871874,0.019043809142780685,0.003793837679674794,0.00038048663698520913
8,CPU,1500.0,SRAD,SRAD-OpenMP-PI-serial-small,1.0,Serial,61.930349666666665,61.93194283333333,4.258771929824562,0.2637449909614035,0.01633394098880137,0.2709849805894544,0.2709980481881142,0.041095344401605866,0.0025342515543704024,0.00018591052973808108
9,CPU,1500.0,SRAD,SRAD-OpenMP-PI-t4-small,4.0,OpenMP,45.54759383333334,45.54935733333334,6.5476190476190474,0.2982261521119048,0.0135835273379626,0.16088578227726305,0.16084110086997824,0.02659855246432136,0.001018862084137991,7.670453701234367e-05
10,CPU,1600.0,BFS,BFS-OpenMP-PI-serial,1.0,Serial,26.2788185,26.27919,4.3468294051627385,0.11422953772438833,0.0030018172412878933,0.003232393401181909,0.00323063702696478,0.010062742701429763,0.00026311152738276496,6.899085104980453e-06
11,CPU,1600.0,BFS,BFS-OpenMP-PI-t4,4.0,OpenMP,7.239167833333333,7.239871333333333,6.691025641025642,0.048437458125641035,0.00035064753166910126,0.010733373363796896,0.010739294346774925,0.06835630056132372,0.0004998074611217518,3.7259611024250167e-06
12,CPU,1600.0,FFT,FFT-OpenMP-PI-serial-32k,1.0,Serial,0.37558933333333333,0.375805,4.153652968036529,0.0015600681082191782,5.859453837856927e-07,0.00029812659503416887,0.0003090766895125215,0.02443455751954486,9.331724177878177e-06,3.622586814371279e-09
13,CPU,1600.0,FFT,FFT-OpenMP-PI-t4-32k,4.0,OpenMP,0.10562083333333333,0.10579916666666667,6.875438596491229,0.000726191950877193,7.670174030497545e-08,0.0002916418465629823,0.00029470352333602626,0.03255792479905152,4.474961404826755e-06,6.365271223279674e-10
14,CPU,1600.0,KMeans,KMeans-OpenMP-PI-t1,1.0,Serial,4998.601563,4998.603474333333,4.018055555555556,20.08467395929328,100.39536668417759,1.5629979004545855,1.5630317824060014,0.02474619312286372,0.12675832992434435,0.6500680803174297
15,CPU,1600.0,KMeans,KMeans-OpenMP-PI-t4,4.0,OpenMP,1251.6776783333332,1251.6796023333334,6.95,8.699144735016668,10.888510056655543,0.8009017629082156,0.8011001216743648,0.04584801867394564,0.0548416111419132,0.06603901138863699
16,CPU,1600.0,SPMV,SPMV-OpenMP-PI,4.0,OpenMP,17.3178825,17.318404166666667,8.555128205128204,0.1481623107551282,0.0025665449684732135,0.2883022131186313,0.28831494757880094,0.04469930215800073,0.0029371998107574626,9.188025855951357e-05
17,CPU,1600.0,SPMV,SPMV-serial-PI,1.0,Serial,46.59441266666667,46.59468966666666,4.946769005847954,0.23050040957684212,0.010748765128557242,1.4206239507044292,1.4206434636155065,0.01389628919498942,0.007397443891565001,0.000682574462598279
18,CPU,1600.0,SRAD,SRAD-OpenMP-PI-serial-small,1.0,Serial,58.68346666666667,58.6850085,4.728070175438597,0.27745678389736844,0.0162823853714476,0.32774364611303713,0.3277375560882513,0.026560267884597692,0.0017245566879142903,0.00016913775447154996
19,CPU,1600.0,SRAD,SRAD-OpenMP-PI-t4-small,4.0,OpenMP,44.822309499999996,44.8239475,6.716666666666666,0.3010582454857143,0.013494386672147527,0.18098811272981735,0.1810022775069411,0.030528229380618215,0.002144086981276989,0.00014370362434614565
20,CPU,1700.0,BFS,BFS-OpenMP-PI-serial,1.0,Serial,24.739772666666667,24.74010216666667,4.3874149659863955,0.10854366132176872,0.0026853458435952098,0.002846714784917329,0.0028530230575071393,0.012739446174151216,0.0003205120503335901,8.071179309722197e-06
21,CPU,1700.0,BFS,BFS-OpenMP-PI-t4,4.0,OpenMP,6.877164333333333,6.877857666666667,6.816666666666666,0.0468793395448718,0.00032239791207728857,0.013079360178031341,0.013088402907408805,0.028123424786043787,0.0002135215692750148,1.8159297513801034e-06
22,CPU,1700.0,FFT,FFT-OpenMP-PI-serial-32k,1.0,Serial,0.35379066666666664,0.35400866666666664,4.220398009950249,0.0014931395201492536,5.282612650663489e-07,0.0006943430468195609,0.0006930078402634946,0.017499429813877157,7.383493757935034e-06,3.3179706547499913e-09
23,CPU,1700.0,FFT,FFT-OpenMP-PI-t4-32k,4.0,OpenMP,0.10006216666666667,0.10023316666666666,7.0664230019493175,0.0007070636416179337,7.075972661171219e-08,0.0013813453466337297,0.0013830666530094222,0.034805107801997255,8.73753775609499e-06,1.837170560606817e-09
24,CPU,1700.0,KMeans,KMeans-OpenMP-PI-t1,1.0,Serial,4708.864689833333,4708.866527499999,4.156666666666666,19.573187422784,92.1675363949095,2.044639696848026,2.0447423286445763,0.04167813175595426,0.19719746010297717,0.9347175202950512
25,CPU,1700.0,KMeans,KMeans-OpenMP-PI-t4,4.0,OpenMP,1179.709648,1179.7112525,7.242857142857143,8.54448890715,10.080042185498971,0.5829138303776075,0.5829146416311192,0.07979565739296571,0.09646179087090465,0.11668942224420635
26,CPU,1700.0,SPMV,SPMV-OpenMP-PI,4.0,OpenMP,16.93181266666667,16.9322965,8.626923076923076,0.1460675243576923,0.0024732159292876706,0.09149834043012346,0.09148610643753491,0.042342642906224005,0.0006809176707577617,2.1898267861422065e-05
27,CPU,1700.0,SPMV,SPMV-serial-PI,1.0,Serial,43.509934166666675,43.510241,5.028070175438597,0.21877068294824564,0.009522141033070182,0.9084360348505351,0.9084188822253736,0.013589415249850877,0.004585946862151347,0.00039742169792310436
28,CPU,1700.0,SRAD,SRAD-OpenMP-PI-serial-small,1.0,Serial,55.757869666666664,55.759379833333334,4.792105263157895,0.2671925227894737,0.014898395325883822,0.3846660172017644,0.38464789819127765,0.03153505721883218,0.0018022344105357766,0.00017813824567828216
29,CPU,1700.0,SRAD,SRAD-OpenMP-PI-t4-small,4.0,OpenMP,44.52391633333334,44.52549366666667,6.811904761904763,0.30329099233571427,0.013503937863509273,0.2338626355026968,0.23384674708421058,0.021028002062685156,0.0014778001449794007,0.00013017414609872182
30,CPU,1800.0,BFS,BFS-OpenMP-PI-serial,1.0,Serial,23.367672,23.368025166666666,4.4624929138322,0.10427806822152778,0.0024367356401222033,0.0009483963306538099,0.0009556133981205338,0.013178857085185874,0.00030698448215430325,7.152027414000111e-06
31,CPU,1800.0,BFS,BFS-OpenMP-PI-t4,4.0,OpenMP,6.564217166666666,6.5648855,7.107692307692307,0.04665642896923077,0.0003062636404031651,0.011290792911335735,0.01125324459433813,0.04865042554105249,0.00032791065305862947,2.329230868820453e-06
32,CPU,1800.0,FFT,FFT-OpenMP-PI-serial-32k,1.0,Serial,0.3335711666666667,0.3337673333333333,4.298258706467661,0.0014337760181592038,4.782668684771605e-07,0.00026244802660082146,0.0002661643602488331,0.0234174617627112,8.073002616306603e-06,2.8280583989779896e-09
33,CPU,1800.0,FFT,FFT-OpenMP-PI-t4-32k,4.0,OpenMP,0.0942485,0.0944165,7.295906432748538,0.0006876199663742689,6.480755766471257e-08,0.0004417332905724888,0.0004402593553804361,0.02678337036064045,1.7667702001556775e-06,4.279346551353063e-10
34,CPU,1800.0,KMeans,KMeans-OpenMP-PI-t1,1.0,Serial,4449.907084833333,4449.908782333333,4.201023391812865,18.694178709005744,83.1874272837428,0.8379614161861394,0.83792289467381,0.03297513341007612,0.14905276341889062,0.6737848487881624
35,CPU,1800.0,KMeans,KMeans-OpenMP-PI-t4,4.0,OpenMP,1115.4073403333334,1115.4091886666668,7.647619047619048,8.530209552514286,9.51465784265276,0.2692935136869528,0.26925280570172766,0.048374952758858794,0.053831051811650016,0.05999025537059154
36,CPU,1800.0,SPMV,SPMV-OpenMP-PI,4.0,OpenMP,16.685067166666666,16.685513333333333,8.788461538461538,0.14663627001666668,0.0024466517600696216,0.04118630207443525,0.04117294286138153,0.015951108733328914,0.0005213575456888244,1.4312686354221172e-05
37,CPU,1800.0,SPMV,SPMV-serial-PI,1.0,Serial,40.77140133333333,40.7718535,5.117543859649122,0.20864702825175432,0.008507501438449453,0.42420631123625174,0.4242528459542727,0.012748001490936679,0.0019441189675017485,0.00016710182643073107
38,CPU,1800.0,SRAD,SRAD-OpenMP-PI-serial-small,1.0,Serial,53.1666895,53.16818683333333,4.833333333333333,0.25697468553859654,0.0136628358419936,0.23263970439522824,0.23264635406076656,0.03485890303724862,0.0024743857972459285,0.00017893075871633192
39,CPU,1800.0,SRAD,SRAD-OpenMP-PI-t4-small,4.0,OpenMP,44.26099683333334,44.26253216666667,6.91904761904762,0.30623618184047624,0.013554321896677513,0.2462864832526686,0.246272910884987,0.039036002917940925,0.0004269532865275921,7.84189830256249e-05
40,CPU,1900.0,BFS,BFS-OpenMP-PI-serial,1.0,Serial,22.139991499999997,22.140340499999997,4.495681063122924,0.09953433726616834,0.0022036893291308072,0.002325455546769157,0.0023155627177856982,0.013720568238288542,0.00030266017324374797,6.684149307736706e-06
41,CPU,1900.0,BFS,BFS-OpenMP-PI-t4,4.0,OpenMP,6.2982465,6.298878833333333,7.267948717948717,0.04577539452948718,0.0002883054253254657,0.007233124933249563,0.0072331297352297794,0.0531641794846506,0.0003488117887273711,2.3289699064702155e-06
42,CPU,1900.0,FFT,FFT-OpenMP-PI-serial-32k,1.0,Serial,0.31606566666666663,0.31625216666666667,4.349180327868853,0.0013746256636612021,4.344719460390467e-07,0.00026721052873467435,0.0002742294051823484,0.009502542128648815,2.709389638105766e-06,9.140088629414774e-10
43,CPU,1900.0,FFT,FFT-OpenMP-PI-t4-32k,4.0,OpenMP,0.08855266666666667,0.08870316666666667,7.718732193732194,0.0006835122258547008,6.052752932561218e-08,0.00037140795180860825,0.0003790326722944433,0.04247649710592387,4.340689640467159e-06,5.596807844670449e-10
44,CPU,1900.0,KMeans,KMeans-OpenMP-PI-t1,1.0,Serial,4221.7368675,4221.738646833333,4.266,18.009989753900037,76.03369651994454,1.0970323518535507,1.0970623187841404,0.07073944230809977,0.3030687906889855,1.2982004392423028
45,CPU,1900.0,KMeans,KMeans-OpenMP-PI-t4,4.0,OpenMP,1057.9601648333335,1057.9619173333333,7.885863095238096,8.3429628677686,8.826567965930186,1.218616701986769,1.218592404207773,0.05439960054187582,0.06389574125725951,0.07510423005326385
46,CPU,1900.0,SPMV,SPMV-OpenMP-PI,4.0,OpenMP,16.450301166666666,16.4507725,9.006410256410257,0.1481584412948718,0.002437259365038569,0.022442273257553207,0.022443254886491213,0.0582621430909836,0.0010292721584752003,1.862252853078759e-05
47,CPU,1900.0,SPMV,SPMV-serial-PI,1.0,Serial,39.03587016666666,39.03614216666667,5.2026315789473685,0.20308993035526315,0.007929724600183196,0.6629386534020832,0.6629366329206479,0.002882750302658575,0.00349943248276538,0.00027337122709190204
48,CPU,1900.0,SRAD,SRAD-OpenMP-PI-serial-small,1.0,Serial,51.21664616666667,51.21812916666667,4.870782726045884,0.2494536275762483,0.012776143418263561,0.3710122054981022,0.3709809651286261,0.04329328079718308,0.0011341567907485449,0.00010423005093512458
49,CPU,1900.0,SRAD,SRAD-OpenMP-PI-t4-small,4.0,OpenMP,43.998428,43.9999025,7.059523809523809,0.3106086173428571,0.013666486328061002,0.16794939159044378,0.16793557580304444,0.010753895038701139,0.0014594027642440574,0.00011528224780349731
50,CPU,2000.0,BFS,BFS-OpenMP-PI-serial,1.0,Serial,21.036903833333334,21.037238666666667,4.572729789590254,0.09619607211348284,0.002023667441928494,0.0024646849223929736,0.0024729258514287022,0.007486824788234827,0.00015440550400496104,3.1994202199561172e-06
51,CPU,2000.0,BFS,BFS-OpenMP-PI-t4,4.0,OpenMP,6.342768166666667,6.3434235,7.262820512820514,0.04606614271410256,0.0002921860248043154,0.0108334896763079,0.01084406371707543,0.0629485873934624,0.00037195130791310525,2.2835407921224106e-06
52,CPU,2000.0,FFT,FFT-OpenMP-PI-serial-32k,1.0,Serial,0.30104033333333335,0.30121400000000004,4.450168902136116,0.0013396949737257827,4.033168105249932e-07,0.0016536353487594223,0.0016446463449629294,0.014885657915447546,1.1045808228040924e-05,5.509568550914816e-09
53,CPU,2000.0,FFT,FFT-OpenMP-PI-t4-32k,4.0,OpenMP,0.085628,0.08577466666666667,7.946153846153847,0.0006804150987179488,5.826342736741923e-08,0.0003218825872892177,0.00032287747934265363,0.027947541730130265,3.905569574579274e-06,5.268581233690077e-10
54,CPU,2000.0,KMeans,KMeans-OpenMP-PI-t1,1.0,Serial,4015.9038266666666,4015.9054565,4.3052631578947365,17.2895137743193,69.4329911077432,0.8813036656252997,0.881396150845775,0.028048237040998146,0.11104195896780271,0.43995578878351754
55,CPU,2000.0,KMeans,KMeans-OpenMP-PI-t4,4.0,OpenMP,1006.257003,1006.2586846666667,8.016666666666667,8.066827613366666,8.117302807133095,0.24057671768153024,0.240481480098319,0.040824829046386374,0.04127679193168254,0.041821445246843475
56,CPU,2000.0,SPMV,SPMV-OpenMP-PI,4.0,OpenMP,16.964700333333333,16.965125833333335,9.047435897435896,0.1534873101551282,0.0026038733039180687,0.018103237574164637,0.01810085694564319,0.039945722543306764,0.0007660580341735919,1.4873697842909133e-05
57,CPU,2000.0,SPMV,SPMV-serial-PI,1.0,Serial,38.218768000000004,38.219024,5.266666666666667,0.20127077204210528,0.007694187242254892,0.743533191644059,0.7435293063044675,0.026768043681067326,0.0030493958087436245,0.00026451420771385505
58,CPU,2000.0,SRAD,SRAD-OpenMP-PI-serial-small,1.0,Serial,49.656988000000005,49.658445666666665,4.947435897435898,0.24568235942820515,0.012202164291161102,0.6856399868846625,0.6856414682078861,0.03718390778317421,0.004413178260234965,0.000380074579250219
59,CPU,2000.0,SRAD,SRAD-OpenMP-PI-t4-small,4.0,OpenMP,43.918323166666674,43.919882,7.078571428571428,0.31087716647619046,0.013653317926476135,0.18142413115615727,0.18143623224482963,0.01969149821727154,0.0010177336785634908,9.444558406204116e-05
60,CPU,2100.0,BFS,BFS-OpenMP-PI-serial,1.0,Serial,20.041104999999998,20.041430666666667,4.616666666666666,0.09252309718875969,0.0018542650625319108,0.003286775136817203,0.003295542241675009,0.008753170380337816,0.00017338258172119379,3.4602675721991923e-06
61,CPU,2100.0,BFS,BFS-OpenMP-PI-t4,4.0,OpenMP,6.0899335,6.090562333333334,7.625641025641026,0.046439968048717944,0.0002828191504745654,0.011727725657603211,0.011719741424906022,0.045810690121286586,0.0003490578415043659,2.598181430116457e-06
62,CPU,2100.0,FFT,FFT-OpenMP-PI-serial-32k,1.0,Serial,0.28601866666666664,0.286178,4.494242424242425,0.0012854375293939394,3.676593624563149e-07,0.0001985081022695757,0.00020382541549081282,0.013528869244334416,4.086078767283908e-06,1.279263182814918e-09
63,CPU,2100.0,FFT,FFT-OpenMP-PI-t4-32k,4.0,OpenMP,0.08210266666666667,0.08225483333333333,8.046153846153846,0.000660545664102564,5.4253186141807684e-08,0.001975096014543771,0.001980773527354063,0.04766748733793755,1.2715837021860757e-05,2.38055089487316e-09
64,CPU,2100.0,KMeans,KMeans-OpenMP-PI-t1,1.0,Serial,3828.104891166667,3828.106547,4.424025341130604,16.935629301447076,64.83136032441405,1.5860446505167332,1.5861289509120813,0.02613480105579002,0.09954275423108495,0.38103320089708037
65,CPU,2100.0,KMeans,KMeans-OpenMP-PI-t4,4.0,OpenMP,960.1972711666667,960.1990689999999,8.297222222222222,7.966966440516667,7.649864986565124,1.1481272123794102,1.1482125463395385,0.06361050460652165,0.06120742083815142,0.06029695077366066
66,CPU,2100.0,SPMV,SPMV-OpenMP-PI,4.0,OpenMP,16.670658666666665,16.67112283333333,9.173076923076922,0.15292084159230768,0.0025492896609088603,0.025711455918845237,0.025791917993175095,0.04883252384032095,0.000758506523811593,1.2902356332395217e-05
67,CPU,2100.0,SPMV,SPMV-serial-PI,1.0,Serial,35.962899,35.963214,5.376180836707153,0.19333890106646423,0.006953979670189305,0.4966367663167923,0.4966299289551519,0.020951824466169274,0.0023933927029980706,0.00018163645094995063
68,CPU,2100.0,SRAD,SRAD-OpenMP-PI-serial-small,1.0,Serial,48.470817333333336,48.472297499999996,5.034294871794873,0.24402067072970088,0.011828679943276521,0.3758770710073517,0.3758609706818462,0.022300875763723926,0.0026894562196161566,0.00021824260174565794
69,CPU,2100.0,SRAD,SRAD-OpenMP-PI-t4-small,4.0,OpenMP,43.93151016666667,43.93304116666667,7.19047619047619,0.3158897078190476,0.013877958875985938,0.25603637708451943,0.25598795121522167,0.011664236870396028,0.0021413109387863585,0.00017412502904041047
70,CPU,2200.0,BFS,BFS-OpenMP-PI-serial,1.0,Serial,19.142673,19.142956,4.655405405405406,0.08911691076621624,0.0017059360389417098,0.002000511534582211,0.0020260554780159425,0.030035284825531024,0.0005764066105187896,1.1064562904825246e-05
71,CPU,2200.0,BFS,BFS-OpenMP-PI-t4,4.0,OpenMP,5.8943015,5.894887833333333,7.7756410256410255,0.04583181893717949,0.00027014725052859276,0.015728256149363542,0.01573109083842102,0.03750082181873976,0.00021649724487401886,1.6100567677495253e-06
72,CPU,2200.0,FFT,FFT-OpenMP-PI-serial-32k,1.0,Serial,0.27315416666666664,0.2733135,4.457652277300165,0.0012175827452441926,3.325779404016538e-07,0.0007498672993714877,0.0007531408234852058,0.10319601809901227,2.6090946044914776e-05,6.62211463819499e-09
73,CPU,2200.0,FFT,FFT-OpenMP-PI-t4-32k,4.0,OpenMP,0.07750116666666666,0.07763450000000001,8.275641025641027,0.0006413705602564103,4.9707022223014104e-08,0.0001495130986457937,0.00015080948246049244,0.02251451427540022,1.61783188878354e-06,1.77585557233866e-10
74,CPU,2200.0,KMeans,KMeans-OpenMP-PI-t1,1.0,Serial,3656.6265975,3656.6283355,4.462280701754386,16.316898670179825,59.66482604800408,1.0861757803919303,1.086290916533924,0.02142219489173966,0.07956966800576118,0.29648127151028014
75,CPU,2200.0,KMeans,KMeans-OpenMP-PI-t4,4.0,OpenMP,917.0509441666667,917.05255,8.516666666666667,7.810210121333333,7.1623551396368015,0.3885509176534846,0.38845753420314033,0.04082482904638642,0.03575939450898637,0.03147215555545197
76,CPU,2200.0,SPMV,SPMV-OpenMP-PI,4.0,OpenMP,16.471238666666668,16.471719166666666,9.302564102564103,0.15322467987820515,0.002523801595372062,0.018074128179989192,0.018153010796193136,0.03462962669976225,0.0005714693117998977,1.0214877859069097e-05
77,CPU,2200.0,SPMV,SPMV-serial-PI,1.0,Serial,34.57391633333334,34.57420866666667,5.425641025641025,0.18757917780897437,0.0064856267980444434,0.3335386439431975,0.33356651324296216,0.02649848345182274,0.0010968158790996081,9.823735124959258e-05
78,CPU,2200.0,SRAD,SRAD-OpenMP-PI-serial-small,1.0,Serial,47.459454,47.46092183333334,5.078205128205128,0.24099272517435896,0.01143946720828405,0.8216495301460339,0.8216587740553662,0.024039743555557273,0.0030530044650466104,0.0003438267607613574
79,CPU,2200.0,SRAD,SRAD-OpenMP-PI-t4-small,4.0,OpenMP,44.016339499999994,44.01782866666667,7.296536796536796,0.3211659838045455,0.01413675040022837,0.19779534705220245,0.19779909688941222,0.07713309075729674,0.003607944637988191,0.000189935311375841
80,CPU,2300.0,BFS,BFS-OpenMP-PI-serial,1.0,Serial,18.33001833333333,18.330325666666667,4.744594594594594,0.08696850508693693,0.0015941342878085473,0.0016016950604480875,0.001612345703211224,0.02909644926991753,0.000533247980551847,9.77474894532547e-06
81,CPU,2300.0,BFS,BFS-OpenMP-PI-t4,4.0,OpenMP,5.713693333333333,5.7142773333333325,7.98534188034188,0.04562586812816239,0.0002606946789364205,0.017502736467954385,0.017513641627790223,0.02466363682371087,0.00021796741088283685,1.9331299777830557e-06
82,CPU,2300.0,FFT,FFT-OpenMP-PI-serial-32k,1.0,Serial,0.2614473333333333,0.2616105,4.590136054421769,0.0012000770829931973,3.137601927783456e-07,0.0009832445609647014,0.0009955492453917324,0.009255201418512606,4.600911373930134e-06,2.3030659841413028e-09
83,CPU,2300.0,FFT,FFT-OpenMP-PI-t4-32k,4.0,OpenMP,0.07433166666666667,0.074464,8.592307692307692,0.0006386832294871795,4.7474861517421794e-08,0.00019562890038710932,0.00019929375303807156,0.03440104580768889,3.6653697902498595e-06,3.787797032463278e-10
84,CPU,2300.0,KMeans,KMeans-OpenMP-PI-t1,1.0,Serial,3502.0817685,3502.0835038333335,4.515789473684211,15.814643921507018,55.38411244437726,1.3214219863084808,1.3212794841859334,0.04076824574955161,0.14022711335531385,0.48290390083803814
85,CPU,2300.0,KMeans,KMeans-OpenMP-PI-t4,4.0,OpenMP,878.0438653333334,878.0454663333334,8.783333333333333,7.712160545366667,6.771623595000378,0.3286825441666661,0.3286130436076644,0.07527726527090887,0.06735890573486056,0.06033940208498777
86,CPU,2300.0,SPMV,SPMV-OpenMP-PI,4.0,OpenMP,16.075489333333334,16.075884333333335,9.616666666666667,0.15459489593974357,0.0024859229020087396,0.2958722700164159,0.2958261072391448,0.07925939239012153,0.003228205827691837,9.49285488249166e-05
87,CPU,2300.0,SPMV,SPMV-serial-PI,1.0,Serial,33.51455383333333,33.51479466666667,5.537678062678062,0.1856018436048433,0.006223539083882107,0.7886053087846715,0.7885988529825986,0.02338261704028756,0.004874317080101124,0.00031138282295458417
88,CPU,2300.0,SRAD,SRAD-OpenMP-PI-serial-small,1.0,Serial,46.554852833333335,46.55623883333333,5.071581196581197,0.2361015750630342,0.010992256623800342,0.4415276042520621,0.4415147753502317,0.048013918830795504,0.0026729120147527125,0.00020344205687345781
89,CPU,2300.0,SRAD,SRAD-OpenMP-PI-t4-small,4.0,OpenMP,43.83386333333333,43.835385333333335,7.376190476190477,0.32331832745,0.014172318781688087,0.2572992619100693,0.25728894766286964,0.04107401648161512,0.00041144525224516863,9.04451040182747e-05
90,CPU,2400.0,BFS,BFS-OpenMP-PI-serial,1.0,Serial,17.57711816666667,17.577407,4.765315315315315,0.08376054781981983,0.0014722699791960938,0.008317002787463794,0.008343903451024575,0.017466793428000442,0.00032141784317090804,5.973786510043557e-06
91,CPU,2400.0,BFS,BFS-OpenMP-PI-t4,4.0,OpenMP,5.578608333333334,5.5791555,8.1,0.04518640102307692,0.0002520766372808069,0.013451997408068067,0.01344451696045632,0.05998027289113175,0.0002976154908655199,1.6658664229535911e-06
92,CPU,2400.0,FFT,FFT-OpenMP-PI-serial-32k,1.0,Serial,0.25007966666666664,0.25024416666666666,4.673341836734694,0.001168708357015306,2.922704149584434e-07,0.00013546610892273313,0.00012970029555350927,0.008053713240462383,2.4715371588501567e-06,7.487128246142466e-10
93,CPU,2400.0,FFT,FFT-OpenMP-PI-t4-32k,4.0,OpenMP,0.0721808,0.072314,8.688076923076924,0.0006269570457692308,4.526709305162962e-08,0.0018749873866242379,0.0018685749918052493,0.10793585099027095,8.835587350684595e-06,1.8200859651856952e-09
94,CPU,2400.0,KMeans,KMeans-OpenMP-PI-t1,1.0,Serial,3359.6950375,3359.6967153333335,4.608239616134353,15.482263694954804,52.0156396589417,1.537225023791563,1.5372760215233883,0.04338396361704418,0.1438183587947542,0.4778046008111998
95,CPU,2400.0,KMeans,KMeans-OpenMP-PI-t4,4.0,OpenMP,842.6743958333333,842.6758211666667,9.062962962962962,7.637118874666666,6.435598181345564,0.21754449980397475,0.21751976218302757,0.07459079037140125,0.06170692600606319,0.05106732787738866
96,CPU,2400.0,SPMV,SPMV-OpenMP-PI,4.0,OpenMP,15.702407,15.702728333333333,9.575534188034188,0.15035954820128206,0.0023618528957206624,0.3235413905360487,0.32347921967920434,0.04517919734668491,0.003216144315234557,9.935255445182493e-05
97,CPU,2400.0,SPMV,SPMV-serial-PI,1.0,Serial,32.76145866666666,32.76173716666667,5.566666666666666,0.18234574064871792,0.005977790759673405,1.0142052234526646,1.0142714712260053,0.038204267758336345,0.004646260212861941,0.0003396736805658764
98,CPU,2400.0,SRAD,SRAD-OpenMP-PI-serial-small,1.0,Serial,46.141853,46.14322216666667,5.145726495726495,0.23743658473717946,0.01095771625315179,0.6476178938599525,0.6475565179628481,0.022843069616366358,0.0037568377771752043,0.00032661133259633137
99,CPU,2400.0,SRAD,SRAD-OpenMP-PI-t4-small,4.0,OpenMP,43.85418383333333,43.855641,7.507142857142857,0.3292179357095238,0.01443765949708836,0.15465940085544885,0.15468032168055246,0.04403152859263553,0.0019367816055408987,0.00011142330891439978
100,GPU,500.0,BFS,BFS-OpenCL-PI,,OpenCL,14636.973893833334,14739.563801166667,3.675427729042637,53.797138163787075,787.4272841977777,0.17164576015450653,1.0837549883552664,0.031208541032603964,0.45657682325939536,6.679668084959612
101,GPU,500.0,FFT,FFT-OpenCL-PI-32k,,OpenCL,1.5264031666666666,3074457345620.4897,3.872312008978676,0.005910813891358026,9.02304213034755e-06,0.013601261815238566,7530851732713.455,0.015836998992726194,6.961351575395505e-05,1.8507695732153698e-07
102,GPU,500.0,KMeans,KMeams-OpenCL-RPI,,OpenCL,9814.040782,9911.310632333334,3.9577056277056273,38.841269661403885,381.1922887558979,14.221497271303537,17.409580118955745,0.045747087337121364,0.47134930500439937,4.898151041688006
103,GPU,500.0,SPMV,SPMV-OpenCL-PI,,OpenCL,407.06092366666667,439.6660023333334,4.188512544802868,1.704979068480215,0.6940300787989808,0.06792398738196051,1.5545123926943265,0.0337666197165731,0.013638364907764756,0.005510313962612449
104,GPU,500.0,SRAD,SRAD-OpenCL-PI-small,,OpenCL,313.65668216666666,386.60963783333335,3.698948948948949,1.1600922725415916,0.36467142739008945,16.442467717447958,14.042411495384437,0.025617393416193564,0.05893799351443141,0.03825200349303147
105,GPU,550.0,BFS,BFS-OpenCL-PI,,OpenCL,14016.189380166667,14120.157160666668,3.762023329992472,52.72922999310874,739.0628532500282,0.2236700048625884,2.950182873397985,0.04016960622262946,0.5628591705195483,7.886836184095971
106,GPU,550.0,FFT,FFT-OpenCL-PI-32k,,OpenCL,1.4377618333333333,4098182737118.3945,3.945238095238095,0.005672294677891157,8.155427691790699e-06,0.0036991978815232238,6566034172766.361,0.03594193722644385,5.147350443836349e-05,7.942205840564161e-08
107,GPU,550.0,KMeans,KMeams-OpenCL-RPI,,OpenCL,9227.933844333333,9328.567334666666,3.9985761746559088,36.89900529861506,340.50577757079867,11.345260124787757,13.618217146981541,0.057120084013645364,0.5619984303485105,5.5200663912356704
108,GPU,550.0,SPMV,SPMV-OpenCL-PI,,OpenCL,371.1726478333333,406.3764221666667,4.252929180571004,1.5785698585246013,0.5859215476623797,0.057202299864323854,2.8158029773348496,0.03877900384732251,0.014247501996772726,0.005235013392982445
109,GPU,550.0,SRAD,SRAD-OpenCL-PI-small,,OpenCL,286.2976528333333,352.49835583333333,3.731925243215566,1.068435187817102,0.30639275050066744,12.738383048112956,11.440082809962925,0.015723650170672572,0.04753740775712246,0.027359213062914993
110,GPU,600.0,BFS,BFS-OpenCL-PI,,OpenCL,13514.040368,13618.783786666667,3.842915736376416,51.93331758573774,701.8289398022431,0.35447919580253884,3.814443370252459,0.020553247585657,0.27758326645595915,3.749007421077854
111,GPU,600.0,FFT,FFT-OpenCL-PI-32k,,OpenCL,1.3534810000000002,3074457345620.469,3.9579365079365076,0.005356929875439342,7.250618871548145e-06,0.00778439639278489,7530851732714.355,0.021865991343388787,3.216109042469287e-05,7.531629876261541e-08
112,GPU,600.0,KMeans,KMeams-OpenCL-RPI,,OpenCL,8716.763823166666,8813.717311833332,4.0495253915519696,35.29880055804193,307.6921082794024,11.100044082119936,11.841039591100232,0.05562791454080602,0.4912112013468691,4.371456385531343
113,GPU,600.0,SPMV,SPMV-OpenCL-PI,,OpenCL,341.4992406666667,372.8844563333334,4.343333333333334,1.4832434591893335,0.5065260245086577,0.11491411667619694,2.828702010513197,0.02365304772469464,0.007739459639511158,0.0025337349835713356
114,GPU,600.0,SRAD,SRAD-OpenCL-PI-small,,OpenCL,265.95201316666663,326.68237849999997,3.7946236559139783,1.009208419460215,0.26861014224103913,8.03354274518627,5.462317973487853,0.008575226682742852,0.03130973470930969,0.01630637134572855
115,GPU,650.0,BFS,BFS-OpenCL-PI,,OpenCL,13109.616649833333,13212.045517,3.9010232477746087,51.1409254191224,670.4380087490734,0.663715439604211,0.8518818957375103,0.021122767587379333,0.278270092614546,3.66605602869635
116,GPU,650.0,FFT,FFT-OpenCL-PI-32k,,OpenCL,1.2794506666666667,3930843009660.1333,3.986415816326531,0.0051004243752763604,6.526308768803893e-06,0.012998118720286637,7402370929937.632,0.03245533145218139,6.697594334214239e-05,1.4396751461767172e-07
117,GPU,650.0,KMeans,KMeams-OpenCL-RPI,,OpenCL,8305.023678,8402.3643775,4.057918050941306,33.70080427635435,279.88423271602056,14.93786865376274,15.368461082699453,0.03601071109457752,0.2620859694530769,1.9537178388002234
118,GPU,650.0,SPMV,SPMV-OpenCL-PI,,OpenCL,318.18469666666664,352.048734,4.392666666666667,1.3976801142786668,0.44472070912679085,0.09099117379983228,1.957307048506491,0.023105554887659547,0.007544732880425633,0.002467026680736753
119,GPU,650.0,SRAD,SRAD-OpenCL-PI-small,,OpenCL,246.43502716666669,300.6074903333333,3.8359722222222223,0.945302556859,0.2332870579757023,10.225056539708758,9.131644701162715,0.018472326649663084,0.03915843866985228,0.019207223539270145
120,GPU,700.0,BFS,BFS-OpenCL-PI,,OpenCL,12746.461448666667,12850.450646666666,3.915151638653864,49.904330957998376,636.1036511826329,0.5541963161264772,2.890328121259234,0.011174102205497213,0.14308569340367694,1.8325677202310096
121,GPU,700.0,FFT,FFT-OpenCL-PI-32k,,OpenCL,1.2442496666666667,2270570419605.0103,4.043023255813954,0.005030541073255814,6.2595439143426034e-06,0.009130765502775041,5561738953082.897,0.03954172307462192,6.266587782381171e-05,1.123973335783869e-07
122,GPU,700.0,KMeans,KMeams-OpenCL-RPI,,OpenCL,7939.480447166668,8035.5315058333335,4.079990251879786,32.392927221456624,257.18317464618895,14.965956051657596,18.537075287110312,0.0447237997830204,0.3518104946181132,2.8511483700139433
123,GPU,700.0,SPMV,SPMV-OpenCL-PI,,OpenCL,296.67116166666665,330.9321693333333,4.458,1.3225601762326666,0.3923655336155856,0.0882350090761443,3.380918058228082,0.030646370095004982,0.0091253348796293,0.0027221344654212555
124,GPU,700.0,SRAD,SRAD-OpenCL-PI-small,,OpenCL,230.85226033333333,282.08998083333336,3.820952380952381,0.8819849463832381,0.2040870810330915,12.52737875291584,7.95820210120361,0.012862432774197572,0.0459242408655984,0.021552302563604693
125,GPU,750.0,BFS,BFS-OpenCL-PI,,OpenCL,12438.597832166668,12543.356732833332,3.93692931978544,48.969881983556235,609.116686897675,0.4253147399476366,3.1311999416336787,0.008407510244645575,0.10542091607395941,1.3220216950528474
126,GPU,750.0,FFT,FFT-OpenCL-PI-32k,,OpenCL,1.1894341666666666,8222614843243.652,4.067441860465116,0.004837903765891473,5.7548371587060475e-06,0.012530229773099399,9189103304512.686,0.06741779843409564,9.145370593344498e-05,1.4737200598124605e-07
127,GPU,750.0,KMeans,KMeams-OpenCL-RPI,,OpenCL,7631.213503166667,7729.199091666666,4.145736434108527,31.63691086611861,241.42797519967806,13.53981786414358,14.356366370855099,0.03973047831069358,0.29729507148561884,2.3035633018932806
128,GPU,750.0,SPMV,SPMV-OpenCL-PI,,OpenCL,277.93396433333334,311.58654533333333,4.4868421052631575,1.2470448042464912,0.3465958503697932,0.08140218694524524,2.3339565222019556,0.019049432706161936,0.005015034750414633,0.0013194183720844925
129,GPU,750.0,SRAD,SRAD-OpenCL-PI-small,,OpenCL,218.47937749999997,266.47257616666667,3.8800000000000003,0.8477207867386666,0.1853320254678589,6.039248754214687,2.863334179723312,0.006196773353931947,0.024364343163249032,0.010562651464061719
130,GPU,800.0,BFS,BFS-OpenCL-PI,,OpenCL,12167.207078,12271.465295666667,3.9763137181797465,48.38063225122499,588.6571694500309,0.29686432082292485,0.711434167954488,0.014688596911451317,0.1786669040042157,2.173335545183986
131,GPU,800.0,FFT,FFT-OpenCL-PI-32k,,OpenCL,1.142042,5856890460970.945,4.085105204872646,0.004665442983277962,5.328715361891299e-06,0.012026832533963465,9090357497706.404,0.026789373242412238,6.517225421930683e-05,1.2612391588939985e-07
132,GPU,800.0,KMeans,KMeams-OpenCL-RPI,,OpenCL,7354.109062666666,7451.938542,4.204086229086228,30.917493788648486,227.37239186872205,10.841427782842757,11.651345917239569,0.055915870083221554,0.43005784656989365,3.3285832926932
133,GPU,800.0,SPMV,SPMV-OpenCL-PI,,OpenCL,261.85307516666666,295.6336503333333,4.583333333333333,1.2001598005403509,0.314265509506159,0.04678766526520714,2.3473586221681324,0.01924234327466098,0.005007061382188198,0.001305219296962516
134,GPU,800.0,SRAD,SRAD-OpenCL-PI-small,,OpenCL,211.10300633333335,254.92866066666667,3.904239766081871,0.8241114876745614,0.17412440831017206,7.230557472207673,5.421722664936959,0.01825250094945972,0.025336294902545648,0.011340307115954538
135,GPU,850.0,BFS,BFS-OpenCL-PI,,OpenCL,11953.527018333334,12058.2595885,4.002709268779419,47.84649278714367,571.9343371027379,0.12968909449268426,3.269647915848171,0.011112683769089087,0.13257560483864214,1.5816543322124283
136,GPU,850.0,FFT,FFT-OpenCL-PI-32k,,OpenCL,1.1050060000000002,5971731450400.001,4.060944998154301,0.004487218039636397,4.958812011046693e-06,0.013007784576936951,9257472748035.238,0.02297909689658758,4.287980464731083e-05,1.018708027557852e-07
137,GPU,850.0,KMeans,KMeams-OpenCL-RPI,,OpenCL,7133.553489833333,7232.2630641666665,4.207319078947369,30.013356471410063,214.10410234181927,13.540879704015701,15.364806427453301,0.058828606537935785,0.44175068394459877,3.351194689406174
138,GPU,850.0,SPMV,SPMV-OpenCL-PI,,OpenCL,248.31508999999997,283.1889496666667,4.568421052631579,1.1344071911947367,0.2816902697183242,0.0691368430722759,2.8631939252126535,0.02621031494313397,0.006370977922940155,0.00155108904615765
139,GPU,850.0,SRAD,SRAD-OpenCL-PI-small,,OpenCL,193.06669233333332,236.4272695,3.973586744639377,0.7671528441169592,0.1482662705303824,6.877923149350782,6.980713173075013,0.037464193165268486,0.027940196383318423,0.010753548390237273
140,GPU,900.0,BFS,BFS-OpenCL-PI,,OpenCL,11769.457193,11876.231154333333,4.043539192736852,47.59026166424184,560.1115501755164,0.11117308933700294,3.5957225045794137,0.008337527117793973,0.09826124396972892,1.158069735933451
141,GPU,900.0,FFT,FFT-OpenCL-PI-32k,,OpenCL,1.0744543333333334,12921251896524.701,4.1464522662197085,0.004455295500721069,4.787455952721624e-06,0.009566352275902537,7436190738738.071,0.034593903235842376,6.486146509522302e-05,1.0787483499245437e-07
142,GPU,900.0,KMeans,KMeams-OpenCL-RPI,,OpenCL,6908.4954045,7007.037530666667,4.231237002376708,29.231596057573906,201.9476609238882,12.168389348090335,13.744018981894376,0.0486533322142931,0.3519132594347342,2.5848873645867325
143,GPU,900.0,SPMV,SPMV-OpenCL-PI,,OpenCL,237.03663916666665,269.661108,4.609844054580897,1.0927022230047758,0.2590105535859459,0.07975928124906093,2.964861470957047,0.0617311411447597,0.01466005136891868,0.003483642501230209
144,GPU,900.0,SRAD,SRAD-OpenCL-PI-small,,OpenCL,194.29975233333334,232.670577,3.9462475633528267,0.7668133859293859,0.149304764467219,9.602978396961928,9.962699887736735,0.062275736744869435,0.04087387001107082,0.015252383685649438
145,GPU,960.0,BFS,BFS-OpenCL-PI,,OpenCL,11560.981715,11665.177464666667,4.043461143444026,46.74637922298191,540.4340227727794,0.298827796266793,2.502686304431552,0.009066917886291617,0.10422498455280761,1.1981592065667859
146,GPU,960.0,FFT,FFT-OpenCL-PI-32k,,OpenCL,1.0346651666666666,7047955579926.495,4.207657657657658,0.004353686135585586,4.504975222300081e-06,0.007363801475234553,9073263463663.238,0.05473668068416656,7.753876248511408e-05,1.0765042345306528e-07
147,GPU,960.0,KMeans,KMeams-OpenCL-RPI,,OpenCL,6679.631334500001,6778.612811333333,4.260181026758127,28.456767455623282,190.08405726477508,17.98655019784287,20.177469872496932,0.028859080923698495,0.25576422707641705,2.167544382119152
148,GPU,960.0,SPMV,SPMV-OpenCL-PI,,OpenCL,226.2814558,258.84231,4.716725146198831,1.0673092931845614,0.2415127592442204,0.0995025853970654,2.5032621645128272,0.025779459938109667,0.006264542817758052,0.0015164205600121576
149,GPU,960.0,SRAD,SRAD-OpenCL-PI-small,,OpenCL,178.66163100000003,215.25637333333336,3.9959064327485385,0.7139547435175438,0.12764172688254458,4.857815866003036,4.855065017455017,0.03009509227174353,0.021700115099631972,0.00726842271289512
